<entry xmlns="http://www.w3.org/2005/Atom"><id>urn:contentItem:5YT9-MH51-F11P-X2WY-00000-00</id><title>US right-wing media fan virus origin rumor</title><published>2021-04-15T18:04:57Z</published><updated>2021-04-15T18:04:57Z</updated><author><name>LexisNexis</name></author><content type="application/xml"><!--Transformation version 1.25--><articleDoc xmlns="" xmlns:xsi="http://www.w3.org/2001/XMLSchema-instance" xsi:noNamespaceSchemaLocation="http://www.lexisnexis.com/xmlschemas/content/public/articledoc/1/" schemaVersion="1.8" xml:lang="en"><articleDocHead><itemInfo/></articleDocHead><nitf:body xmlns:nitf="http://iptc.org/std/NITF/2006-10-18/"><nitf:body.head><nitf:hedline><nitf:hl1>US right-wing media fan virus origin rumor</nitf:hl1></nitf:hedline></nitf:body.head><nitf:body.content><bodyText><p nitf:lede="true">A computer image created by Nexu Science Communication together with Trinity College in Dublin, shows a model structurally representative of a betacoronavirus which is the type of virus linked to COVID-19 shared with Reuters on Feb 18, 2020. [Photo/Agencies]</p><p>The US right-wing media and supporters of US President Donald Trump have fanned the latest round of speculation that the novel coronavirus of COVID-19 came from a laboratory in Wuhan, Central China's Hubei province, according to a recent news report on BuzzFeed News.</p><p>The claim that the Wuhan Institute of Virology could have been the origin of the novel coronavirus seems to be emanating from a misleading video, according to Wilson Center disinformation researcher Nina Jankowicz.</p><p>On April 14, Washington Post columnist Josh Rogin published excerpts from two-year-old US State Department communications in which US diplomats described what they saw as safety issues at the Wuhan lab.</p><p>On April 15, Fox News published a story claiming COVID-19 "likely" originated in the Wuhan lab.</p><p>Following the reports, the right-wing media machine began to roll out unproven articles or supportive pieces for the claim, such as in the Washington Examiner and the American Conservative.</p><p>Jankowicz said that putting the blame on a Wuhan lab helps the Trump administration find a scapegoat.</p><p>It becomes more politically convenient for Trump and his administration, she said.</p><p>Jeremy Konyndyk, a senior policy fellow at the Center for Global Development, commented on Twitter about how the Trump administration has groped to find a direct link between the coronavirus and Chinese labs.</p><p>Konyndyk is also critical of the Washington Post's Rogin for publishing excerpts of a two-year-old cable, rather than the cable in its entirety.</p><p>"It's irresponsible for political reporters like Rogin [to] uncritically regurgitate a secret 'cable' without asking a single virologist or ecologist or making any attempt to understand the scientific context," tweeted Columbia University virologist Angela Rasmussen.</p><p>Vincent Racaniello, a professor of microbiology and immunology at Columbia University, said that there was no way this could escape a lab and if this escaped a Wuhan lab, [the researchers] would have all gotten sick.</p><p>Racaniello said the two claims — that the virus could be human-made and that it could have escaped from a laboratory — had no scientific backing. "No human could ever design this virus."</p><p>"All available evidence suggests the virus has an animal origin and is not [a] manipulated or constructed virus in a lab or somewhere else," WHO spokesperson Fadela Chaib said on April 21, echoing the results of a study published in March.</p></bodyText></nitf:body.content></nitf:body><metadata><dc:metadata xmlns:dc="http://purl.org/dc/elements/1.1/"><dc:identifier identifierScheme="DOC-ID">CHIDUS-173624850</dc:identifier><dc:source sourceScheme="royaltyReportingKey">CHIDUS2020</dc:source><dc:identifier identifierScheme="PGUID">urn:contentItem:5YT9-MH51-F11P-X2WY-00000-00</dc:identifier><dc:source sourceScheme="productContentSetIdentifier">411374</dc:source><dc:date dateType="last-updated">2020-05-02</dc:date></dc:metadata><wordCount number="444"/><publicationInfo><copyright>Copyright 2020 China Daily Information. Provided by Syndigate Media Inc. All Rights Reserved</copyright><publicationName>China Daily - US Edition</publicationName><publicationLogo><logo><inlineObject><locator><locatorKey><keyName name="object-key"/><keyValue value="26125"/></locatorKey><locatorParameters><parameter name="object-type" value="201"/><parameter name="object-smi" value="LOGOS"/><parameter name="componentseq" value="1"/></locatorParameters></locator></inlineObject></logo></publicationLogo><publicationDate day="02" month="05" year="2020"><dateText>May 2, 2020 Saturday</dateText></publicationDate><classification classificationScheme="publicationtype"><classificationItem><className>Newspaper</className></classificationItem></classification><classification classificationScheme="publicationtype"><classificationItem><className>Newspapers</className></classificationItem></classification></publicationInfo><classification classificationScheme="language"><classificationItem classificationScheme="lang.english"><className>ENGLISH</className></classificationItem></classification><classificationGroup classificationScheme="indexing-terms"><classification classificationScheme="company"><classificationItem score="69"><classCode>CC0002R8Q</classCode><className>FOX ENTERTAINMENT GROUP INC</className></classificationItem></classification><classification classificationScheme="industry"><classificationItem score="69"><className>NAICS515120 TELEVISION BROADCASTING</className></classificationItem><classificationItem score="69"><className>SIC4833 TELEVISION BROADCASTING STATIONS</className></classificationItem></classification></classificationGroup><classificationGroup classificationScheme="indexing-terms"><classification classificationScheme="subject"><classificationItem score="91"><classCode>ST000DOTH</classCode><className>COVID-19 CORONAVIRUS</className></classificationItem><classificationItem score="90"><classCode>ST0009ZG5</classCode><className>CONSERVATIVE MEDIA</className></classificationItem><classificationItem score="90"><classCode>ST000DOTY</classCode><className>CORONAVIRUSES</className></classificationItem><classificationItem score="90"><classCode>STX000912</classCode><className>INFECTIOUS DISEASE</className></classificationItem><classificationItem score="90"><classCode>ST0009UAK</classCode><className>NOVELS &amp; SHORT STORIES</className></classificationItem><classificationItem score="89"><classCode>ST000DDEW</classCode><className>MICROBIOLOGY</className></classificationItem><classificationItem score="89"><classCode>ST000CFFM</classCode><className>VIROLOGY</className></classificationItem><classificationItem score="89"><classCode>STX002145</classCode><className>VIRUSES</className></classificationItem><classificationItem score="78"><classCode>ST0009FY2</classCode><className>ECOLOGY &amp; ENVIRONMENTAL SCIENCE</className></classificationItem><classificationItem score="77"><classCode>ST0009FJK</classCode><className>NEGATIVE PERSONAL NEWS</className></classificationItem><classificationItem score="76"><classCode>ST000D0UY</classCode><className>US PRESIDENTIAL CANDIDATES 2012</className></classificationItem><classificationItem score="76"><classCode>ST000DF5U</classCode><className>US PRESIDENTIAL CANDIDATES 2016</className></classificationItem><classificationItem score="76"><classCode>ST000DNV7</classCode><className>US PRESIDENTIAL CANDIDATES 2020</className></classificationItem><classificationItem score="73"><classCode>ST0008Z8M</classCode><className>BIOLOGY</className></classificationItem><classificationItem score="73"><classCode>ST0009JY5</classCode><className>COLLEGE &amp; UNIVERSITY PROFESSORS</className></classificationItem><classificationItem score="73"><classCode>ST0009FYC</classCode><className>IMMUNOLOGY</className></classificationItem><classificationItem score="73"><classCode>N928120MM</classCode><className>STATE DEPARTMENTS &amp; FOREIGN SERVICES</className></classificationItem><classificationItem score="73"><classCode>N921110MM</classCode><className>US PRESIDENTS</className></classificationItem><classificationItem score="71"><classCode>STX001865</classCode><className>WRITERS</className></classificationItem><classificationItem score="70"><classCode>STX001477</classCode><className>RESEARCH REPORTS</className></classificationItem><classificationItem score="68"><classCode>N928120JC</classCode><className>DIPLOMATIC SERVICES</className></classificationItem></classification><classification classificationScheme="industry"><classificationItem score="90"><classCode>N515000CC</classCode><className>BROADCASTING INDUSTRY</className></classificationItem><classificationItem score="90"><classCode>ST0009ZG5</classCode><className>CONSERVATIVE MEDIA</className></classificationItem><classificationItem score="90"><classCode>N515120CC</classCode><className>TELEVISION INDUSTRY</className></classificationItem><classificationItem score="89"><classCode>ST000CFFM</classCode><className>VIROLOGY</className></classificationItem><classificationItem score="73"><classCode>ST0009JY5</classCode><className>COLLEGE &amp; UNIVERSITY PROFESSORS</className></classificationItem><classificationItem score="73"><classCode>ST0009FYC</classCode><className>IMMUNOLOGY</className></classificationItem><classificationItem score="71"><classCode>STX001865</classCode><className>WRITERS</className></classificationItem></classification><classification classificationScheme="person"><classificationItem score="89"><classCode>PE0009THX</classCode><className>DONALD TRUMP</className></classificationItem><classificationItem score="79"><classCode>PE000DNAW</classCode><className>ABBY FINKENAUER</className></classificationItem></classification><classification classificationScheme="city"><classificationItem score="95"><classCode>GX075</classCode><className>WUHAN, HUBEI, CHINA</className></classificationItem><classificationItem score="78"><classCode>GX162</classCode><className>DUBLIN, IRELAND</className></classificationItem></classification><classification classificationScheme="state"><classificationItem score="90"><classCode>GR201</classCode><className>CENTRAL CHINA</className></classificationItem><classificationItem score="79"><classCode>GS033</classCode><className>HUBEI, CHINA</className></classificationItem></classification><classification classificationScheme="country"><classificationItem score="94"><classCode>GC302</classCode><className>CHINA</className></classificationItem><classificationItem score="94"><classCode>GC343</classCode><className>UNITED STATES</className></classificationItem></classification></classificationGroup></metadata></articleDoc></content></entry>