<entry xmlns="http://www.w3.org/2005/Atom"><id>urn:contentItem:606M-3BD1-F11P-X13M-00000-00</id><title>New York Times slams US policy of mass deportations as 'public health hazard'</title><published>2021-04-15T18:04:57Z</published><updated>2021-04-15T18:04:57Z</updated><author><name>LexisNexis</name></author><content type="application/xml"><!--Transformation version 1.25--><articleDoc xmlns="" xmlns:xsi="http://www.w3.org/2001/XMLSchema-instance" xsi:noNamespaceSchemaLocation="http://www.lexisnexis.com/xmlschemas/content/public/articledoc/1/" schemaVersion="1.8" xml:lang="en"><articleDocHead><itemInfo/></articleDocHead><nitf:body xmlns:nitf="http://iptc.org/std/NITF/2006-10-18/"><nitf:body.head><nitf:hedline><nitf:hl1>New York Times slams US policy of mass deportations as 'public health hazard'</nitf:hl1></nitf:hedline></nitf:body.head><nitf:body.content><bodyText><p nitf:lede="true">Haitian migrants ride on a bus after arriving on a deportation flight from the United States, amidst the outbreak of the coronavirus disease (COVID-19), in Port-au-Prince, Haiti April 23, 2020. [Photo/Agencies]</p><p>WASHINGTON - The New York Times has criticized the US administration for its policy on mass deportations on the pretext of curbing the spread of COVID-19, describing the move as "a public health hazard."</p><p>"That makes it all the more bitterly ironic that the United States, with the largest number of coronavirus cases in the world, is now consciously spreading the pandemic beyond its borders by continuing to deport thousands of immigrants, many infected with the coronavirus, to poor countries ill-equipped to cope with the disease," the newspaper said in an editorial last week.</p><p>Noting that the White House has drawn on a federal law on public health in late March to shut the borders to the migrants into the country, the editorial said that mass deportations are "not only cruel but also dangerous to public health abroad and at home."</p><p>Seeding and fanning the virus's spread in any country, especially those trapped in poverty and corruption, would only mean prolonging the bitter fight against the coronavirus, the opinion piece explained.</p><p>Meanwhile, the US Immigrantion and Customs Enforcement (ICE) said that although it has been testing "aliens in custody and prior to removal" since April 26, it was getting merely some 2,000 tests per month from the Department of Health and Human Service, which is only a "sample" of the population, according to the article.</p><p>In parallel, dozens of deportation flights operated by the ICE have continued monthly, with destinations in Brazil, Colombia, the Dominican Republic, Ecuador, Guatemala, Haiti, Honduras, Jamaica, Nicaragua and El Salvador, the New York Times quoted the Center for Economic and Policy Research, an economic policy think tank based in Washington, as saying.</p><p>The United Nations Network on Migration said in mid-May that deportations may put everyone under serious health risks, including "migrants, public officials, health workers, social workers and both host and origin communities," calling on governments to suspend "forced returns" amid the pandemic.</p></bodyText></nitf:body.content></nitf:body><metadata><dc:metadata xmlns:dc="http://purl.org/dc/elements/1.1/"><dc:identifier identifierScheme="DOC-ID">CHIDUS-177865324</dc:identifier><dc:source sourceScheme="royaltyReportingKey">CHIDUS2020</dc:source><dc:identifier identifierScheme="PGUID">urn:contentItem:606M-3BD1-F11P-X13M-00000-00</dc:identifier><dc:source sourceScheme="productContentSetIdentifier">411374</dc:source><dc:date dateType="last-updated">2020-06-24</dc:date></dc:metadata><wordCount number="371"/><publicationInfo><copyright>Copyright 2020 China Daily Information. Provided by Syndigate Media Inc. All Rights Reserved</copyright><publicationName>China Daily - US Edition</publicationName><publicationLogo><logo><inlineObject><locator><locatorKey><keyName name="object-key"/><keyValue value="26125"/></locatorKey><locatorParameters><parameter name="object-type" value="201"/><parameter name="object-smi" value="LOGOS"/><parameter name="componentseq" value="1"/></locatorParameters></locator></inlineObject></logo></publicationLogo><publicationDate day="23" month="06" year="2020"><dateText>June 23, 2020 Tuesday</dateText></publicationDate><classification classificationScheme="publicationtype"><classificationItem><className>Newspaper</className></classificationItem></classification><classification classificationScheme="publicationtype"><classificationItem><className>Newspapers</className></classificationItem></classification></publicationInfo><classification classificationScheme="language"><classificationItem classificationScheme="lang.english"><className>ENGLISH</className></classificationItem></classification><classificationGroup classificationScheme="indexing-terms"><classification classificationScheme="legal"><classificationItem score="93"><className>Immigration Law</className><classCode>Z3VpZD11cm46dG9waWM6QUI4OEMwN0ExMjQ4NDFBQjkyQTU0NzQzNkM0QUZGRTk7cGFyZW50Z3VpZD0</classCode><classificationItem score="93"><className>General Overview</className><classCode>Z3VpZD11cm46dG9waWM6MUU4MjYyMDU3RDU1NERBMDg4QTBDNDdGOTI3MjE0Q0M7cGFyZW50Z3VpZD11cm46dG9waWM6MTI0NUZGNEQ4OEVFNDlBODhCRkExNzZCMkM5MTlBQkQ</classCode></classificationItem><classificationItem score="87"><className>Illegal Reentry</className><classCode>Z3VpZD11cm46dG9waWM6Mzc2QTkyMDk0MkM3NDc3OEExRTc2OTAwMEU0NjZBRjM7cGFyZW50Z3VpZD11cm46dG9waWM6MzlGNkNFOUYxRDA2NDNGQThCQzdGREUyQjM3RUQ5RUY</classCode></classificationItem><classificationItem score="78"><className>General Overview</className><classCode>Z3VpZD11cm46dG9waWM6NkExQjYwMDVBQTc5NDU0M0I2MEIyNTlDQUFCNTdGQzc7cGFyZW50Z3VpZD11cm46dG9waWM6QkY2QTgzNjM4OUQwNDk4OUJFOUQ4RDVFRUU2MEJCNTQ</classCode></classificationItem></classificationItem></classification><classification classificationScheme="subject"><classificationItem score="94"><classCode>STX000474</classCode><className>DEPORTATION</className></classificationItem><classificationItem score="94"><classCode>STX002145</classCode><className>VIRUSES</className></classificationItem><classificationItem score="92"><classCode>ST000DOTY</classCode><className>CORONAVIRUSES</className></classificationItem><classificationItem score="92"><classCode>ST000DOTH</classCode><className>COVID-19 CORONAVIRUS</className></classificationItem><classificationItem score="92"><classCode>STX001880</classCode><className>PUBLIC HEALTH</className></classificationItem><classificationItem score="90"><classCode>STX000511</classCode><className>DISEASES &amp; DISORDERS</className></classificationItem><classificationItem score="90"><classCode>STX000912</classCode><className>INFECTIOUS DISEASE</className></classificationItem><classificationItem score="90"><classCode>N923120CC</classCode><className>PUBLIC HEALTH ADMINISTRATION</className></classificationItem><classificationItem score="90"><classCode>N921100MM</classCode><className>US FEDERAL GOVERNMENT</className></classificationItem><classificationItem score="89"><classCode>STX002064</classCode><className>EPIDEMICS</className></classificationItem><classificationItem score="89"><classCode>ST000DOXW</classCode><className>PANDEMICS</className></classificationItem><classificationItem score="89"><classCode>STX001960</classCode><className>PUBLIC POLICY</className></classificationItem><classificationItem score="78"><classCode>ST00097CI</classCode><className>HEALTH DEPARTMENTS</className></classificationItem><classificationItem score="78"><classCode>STX000887</classCode><className>IMMIGRATION</className></classificationItem><classificationItem score="78"><classCode>STX000950</classCode><className>INTERNATIONAL RELATIONS</className></classificationItem><classificationItem score="78"><classCode>ST0009EVK</classCode><className>MEDICINE &amp; HEALTH</className></classificationItem><classificationItem score="77"><classCode>STX000552</classCode><className>ECONOMIC POLICY</className></classificationItem><classificationItem score="73"><classCode>ST000DN6R</classCode><className>PUBLIC OFFICIALS</className></classificationItem><classificationItem score="73"><classCode>ST000DKU4</classCode><className>UNITED NATIONS</className></classificationItem><classificationItem score="72"><classCode>N621399CC</classCode><className>HEALTH CARE PROFESSIONALS</className></classificationItem><classificationItem score="72"><classCode>ST0009J1H</classCode><className>PUBLIC HEALTH &amp; WELFARE LAW</className></classificationItem><classificationItem score="69"><classCode>ST000CA2H</classCode><className>POVERTY &amp; HOMELESSNESS</className></classificationItem><classificationItem score="69"><classCode>ST0009RLP</classCode><className>RESEARCH INSTITUTES</className></classificationItem><classificationItem score="63"><classCode>ST00097CV</classCode><className>UNITED NATIONS INSTITUTIONS</className></classificationItem><classificationItem score="50"><classCode>STX000551</classCode><className>ECONOMIC NEWS</className></classificationItem></classification><classification classificationScheme="industry"><classificationItem score="78"><classCode>ST00097CI</classCode><className>HEALTH DEPARTMENTS</className></classificationItem><classificationItem score="72"><classCode>N621399CC</classCode><className>HEALTH CARE PROFESSIONALS</className></classificationItem></classification><classification classificationScheme="city"><classificationItem score="79"><classCode>GX137</classCode><className>PORT-AU-PRINCE, HAITI</className></classificationItem></classification><classification classificationScheme="country"><classificationItem score="96"><classCode>GC343</classCode><className>UNITED STATES</className></classificationItem><classificationItem score="94"><classCode>GC365</classCode><className>HAITI</className></classificationItem><classificationItem score="93"><classCode>GC302</classCode><className>CHINA</className></classificationItem><classificationItem score="79"><classCode>GC338</classCode><className>BRAZIL</className></classificationItem><classificationItem score="79"><classCode>GC389</classCode><className>DOMINICAN REPUBLIC</className></classificationItem><classificationItem score="79"><classCode>GC347</classCode><className>ECUADOR</className></classificationItem><classificationItem score="79"><classCode>GC504</classCode><className>EL SALVADOR</className></classificationItem><classificationItem score="79"><classCode>GC507</classCode><className>GUATEMALA</className></classificationItem><classificationItem score="79"><classCode>GC366</classCode><className>HONDURAS</className></classificationItem></classification></classificationGroup></metadata></articleDoc></content></entry>