<entry xmlns="http://www.w3.org/2005/Atom"><id>urn:contentItem:5YDT-8741-JDJN-60RF-00000-00</id><title>Former envoy warns of US-China 'decoupling'</title><published>2021-04-15T18:04:57Z</published><updated>2021-04-15T18:04:57Z</updated><author><name>LexisNexis</name></author><content type="application/xml"><!--Transformation version 1.25--><articleDoc xmlns="" xmlns:xsi="http://www.w3.org/2001/XMLSchema-instance" xsi:noNamespaceSchemaLocation="http://www.lexisnexis.com/xmlschemas/content/public/articledoc/1/" schemaVersion="1.8" xml:lang="en"><articleDocHead><itemInfo/></articleDocHead><nitf:body xmlns:nitf="http://iptc.org/std/NITF/2006-10-18/"><nitf:body.head><nitf:hedline><nitf:hl1>Former envoy warns of US-China 'decoupling'</nitf:hl1></nitf:hedline></nitf:body.head><nitf:body.content><bodyText><p nitf:lede="true">[Photo/Sipaphoto]</p><p nitf:lede="true">You usually don't hear people in Washington quote America's Founding Fathers very often these days. But J. Stapleton Roy, a veteran US diplomat, insisted that anytime he offers remarks, he quotes from The Federalist Papers.</p><p nitf:lede="true">"So, today I thought I would quote from James Madison in Federalist 63, where he said that, independently of the merits of any particular plan or measure, it is desirable, on various accounts, that it should appear to other nations as the offspring of a wise and honorable policy," Roy told a US-China Policy Foundation (USCPF) panel discussion, "The Outlook on US-China Relations", last week.</p><p>Roy, who served as Washington's top envoy in Beijing from 1991 to 1995, said he found it hard to believe that the US approach toward the world's second-largest economy reflected "a fair and wise" policy.</p><p>He first offered insight on a slew of intertwined issues in China-US relations, including "decoupling" of the two economies, the coronavirus outbreak and the signing of the phase one trade deal, which keeps in place high tariffs on about $360 billion worth of Chinese imports.</p><p>"Many believe that we are seeking to decouple our trade relationship with China, and we end up disrupting international supply chains," Roy said, adding that the coronavirus crisis, which has affected at least 1,660 in the US as of Thursday night, is giving Americans "a foretaste" of what it might mean to decouple international supply chains.</p><p>"It turns out that in order to deal with the coronavirus crisis that we think originated in China, China makes all the equipment you need in order to deal with it," Roy said, careful of his wording about the origin of the virus, which remains a mystery.</p><p>"But at the moment, the supply chains are not working the way they're intended to work," he said.</p><p>As to the signing of the first-phase trade agreement with China nearly two months ago, the deal laid the groundwork for avoiding an even worse trade crisis with China during the remainder of this year, or at least through the US presidential elections in November, he observed.</p><p>Ever since punitive duties began to be slapped on billions of dollars' worth of Chinese goods in early 2018, many US companies as well as industry groups have called for the US administration to roll back or remove the tariffs, which they said are in fact taxes on American businesses and consumers.</p><p>On Jan 31, the Advanced Medical Technology Association sent a letter to the Office of the US Trade Representative (USTR), urging it to lift tariffs on products "critical to helping to contain the coronavirus in the US and in China". The association said that including medical technology products on the USTR tariff list is "troubling" from a public health perspective, The Washington Post reported.</p><p>But a remedy did arrive. Due to rising demand amid the fasts-preading</p><p>COVID-19 outbreak in the US, the USTR announced March 5 it would exempt from import tariffs on at least 100 medical items imported from China, including medical gowns and protective masks.</p><p>The US approach on tariffs after the phase one trade deal was also a factor that led Craig Allen, president of the US-China Business Council, to believe it may not augur well for the upcoming talks.</p><p>"I think that phase one agreement was a good step forward," Allen told USCPF attendees. "But I think given the election process and that the tariffs currently in place will probably remain in place for some time, the phase two can't come soon enough."</p><p>During Roy's presentation, the former ambassador noted that some recent US legislation — seen as designed to contain and compete with China, such as the Asian Reassurance Initiative Act of 2018 — had gained bipartisan support.</p><p>"For these and other reasons, there are many uncertainties associated with the future of our relationship with what could be the world's largest consumer market," Roy said.</p><p>Roy noted that some in the US policy community have defaulted to confrontation as a preferred method for limiting China's rise.</p><p>"(President Donald Trump) refuses to be bound within the policy statements of his own administration," Roy said, "leading some observers to conclude that the US government has attitudes rather than policies."</p><p>Roy echoed the sentiment of Thomas Wright, a senior fellow at the Brookings Institution, when Wright said: The US president "did not veto the National Security Strategy — he's just operating as if it does not exist."</p><p>Citing recent comments by Secretary of State Mike Pompeo and the president's own tweets, Roy said policy statements on China by senior administration officials consist of "a jumble of positive and negative statements" without the prioritization necessary for coherence.</p><p>There have been "contradictions" built into the administration's view of China, he said.</p><p>"It's hard to have other countries view our approach as reflecting a fair and wise policy when we're making statements that don't seem to fit together," Roy concluded.</p></bodyText></nitf:body.content></nitf:body><metadata><dc:metadata xmlns:dc="http://purl.org/dc/elements/1.1/"><dc:identifier identifierScheme="DOC-ID">CHIDUS-170009976</dc:identifier><dc:source sourceScheme="royaltyReportingKey">CHIDUS2020</dc:source><dc:identifier identifierScheme="PGUID">urn:contentItem:5YDT-8741-JDJN-60RF-00000-00</dc:identifier><dc:source sourceScheme="productContentSetIdentifier">411374</dc:source><dc:date dateType="last-updated">2020-03-13</dc:date></dc:metadata><wordCount number="826"/><publicationInfo><copyright>Copyright 2020 China Daily Information. Provided by Syndigate Media Inc. All Rights Reserved</copyright><publicationName>China Daily - US Edition</publicationName><publicationLogo><logo><inlineObject><locator><locatorKey><keyName name="object-key"/><keyValue value="26125"/></locatorKey><locatorParameters><parameter name="object-type" value="201"/><parameter name="object-smi" value="LOGOS"/><parameter name="componentseq" value="1"/></locatorParameters></locator></inlineObject></logo></publicationLogo><publicationDate day="14" month="03" year="2020"><dateText>March 14, 2020 Saturday</dateText></publicationDate><classification classificationScheme="publicationtype"><classificationItem><className>Newspaper</className></classificationItem></classification><classification classificationScheme="publicationtype"><classificationItem><className>Newspapers</className></classificationItem></classification></publicationInfo><classification classificationScheme="language"><classificationItem classificationScheme="lang.english"><className>ENGLISH</className></classificationItem></classification><classificationGroup classificationScheme="indexing-terms"><classification classificationScheme="subject"><classificationItem score="90"><classCode>STX001739</classCode><className>TRADE TREATIES &amp; AGREEMENTS</className></classificationItem><classificationItem score="89"><classCode>ST000DOTY</classCode><className>CORONAVIRUSES</className></classificationItem><classificationItem score="89"><classCode>STX000912</classCode><className>INFECTIOUS DISEASE</className></classificationItem><classificationItem score="89"><classCode>STX002145</classCode><className>VIRUSES</className></classificationItem><classificationItem score="88"><classCode>STX001688</classCode><className>TAXES &amp; TAXATION</className></classificationItem><classificationItem score="87"><classCode>ST000DOTH</classCode><className>COVID-19 CORONAVIRUS</className></classificationItem><classificationItem score="87"><classCode>STX001673</classCode><className>TARIFFS &amp; DUTIES</className></classificationItem><classificationItem score="87"><classCode>STX001741</classCode><className>TRADE DEVELOPMENT</className></classificationItem><classificationItem score="78"><classCode>ST000DH0Q</classCode><className>AGREEMENTS</className></classificationItem><classificationItem score="77"><classCode>N928000CC</classCode><className>INTERNATIONAL RELATIONS &amp; NATIONAL SECURITY</className></classificationItem><classificationItem score="75"><classCode>STX000895</classCode><className>IMPORT TRADE</className></classificationItem><classificationItem score="73"><classCode>ST000DJQC</classCode><className>CONSUMERS</className></classificationItem><classificationItem score="73"><classCode>ST000A51F</classCode><className>ECONOMIC CRISIS</className></classificationItem><classificationItem score="73"><classCode>N921110MM</classCode><className>US PRESIDENTS</className></classificationItem><classificationItem score="71"><classCode>STX000951</classCode><className>INTERNATIONAL TRADE</className></classificationItem><classificationItem score="71"><classCode>STX001742</classCode><className>TRADE DISPUTES</className></classificationItem><classificationItem score="71"><classCode>STX001758</classCode><className>TREATIES &amp; AGREEMENTS</className></classificationItem><classificationItem score="68"><classCode>STX001937</classCode><className>ECONOMY &amp; ECONOMIC INDICATORS</className></classificationItem><classificationItem score="67"><classCode>STX002001</classCode><className>MEDICAL TECHNOLOGY</className></classificationItem><classificationItem score="65"><classCode>ST000DDGK</classCode><className>SUPPLY CHAIN DISRUPTIONS</className></classificationItem><classificationItem score="60"><classCode>STX000246</classCode><className>CAMPAIGNS &amp; ELECTIONS</className></classificationItem><classificationItem score="60"><classCode>ST00097CZ</classCode><className>ELECTIONS</className></classificationItem><classificationItem score="50"><classCode>ST0009TA3</classCode><className>US PRESIDENTIAL ELECTIONS</className></classificationItem></classification><classification classificationScheme="industry"><classificationItem score="67"><classCode>STX002001</classCode><className>MEDICAL TECHNOLOGY</className></classificationItem><classificationItem score="62"><classCode>STX002149</classCode><className>HEALTH CARE</className></classificationItem><classificationItem score="62"><classCode>ST0009T96</classCode></classificationItem></classification><classification classificationScheme="person"><classificationItem score="79"><classCode>PE000DNAW</classCode><className>ABBY FINKENAUER</className></classificationItem></classification><classification classificationScheme="city"><classificationItem score="59"><classCode>GX071</classCode><className>BEIJING, CHINA</className></classificationItem></classification><classification classificationScheme="state"><classificationItem score="79"><classCode>GR203</classCode><className>NORTH CENTRAL CHINA</className></classificationItem></classification><classification classificationScheme="country"><classificationItem score="98"><classCode>GC302</classCode><className>CHINA</className></classificationItem><classificationItem score="98"><classCode>GC343</classCode><className>UNITED STATES</className></classificationItem></classification></classificationGroup></metadata></articleDoc></content></entry>