<entry xmlns="http://www.w3.org/2005/Atom"><id>urn:contentItem:5Y9N-ND71-JDJN-63RS-00000-00</id><title>California optimistic despite unique virus case</title><published>2021-04-15T18:04:57Z</published><updated>2021-04-15T18:04:57Z</updated><author><name>LexisNexis</name></author><content type="application/xml"><!--Transformation version 1.25--><articleDoc xmlns="" xmlns:xsi="http://www.w3.org/2001/XMLSchema-instance" xsi:noNamespaceSchemaLocation="http://www.lexisnexis.com/xmlschemas/content/public/articledoc/1/" schemaVersion="1.8" xml:lang="en"><articleDocHead><itemInfo/></articleDocHead><nitf:body xmlns:nitf="http://iptc.org/std/NITF/2006-10-18/"><nitf:body.head><nitf:hedline><nitf:hl1>California optimistic despite unique virus case</nitf:hl1></nitf:hedline></nitf:body.head><nitf:body.content><bodyText><p nitf:lede="true">Women workers at a market wear face masks in San Francisco, California, US, Feb 25, 2020. [Photo/Agencies]</p><p nitf:lede="true">California Governor Gavin Newsom said Thursday that he is confident the state can track and contain the possible spread of the coronavirus, including what may be the first case of "community transmission" in the US.</p><p nitf:lede="true">Prior cases in the US involved those who had traveled to China or had close contact with a spouse who recently returned from overseas. A newly discovered case in Solano County, northeast of San Francisco, involves a patient who hasn't had contact with a known carrier or traveled abroad.</p><p>"We're meeting this moment with the kind of urgency that's necessary," Newsom said at a news conference in Sacramento. "People should go about their day-to-day lives with some common sense. I don't want to instill any sense of new anxiety."</p><p>The governor said California officials are working closely with the US Centers for Disease Control and Prevention (CDC). He stressed that the effort to limit the spread of the new strain of the virus is well funded.</p><p>The case of unknown origin was left undiagnosed for days because a request for testing wasn't initially granted, according to officials at UC Davis Medical Center in Sacramento.</p><p>In response to the first case of "community transmission" of the coronavirus in California, health officials have begun tracking down people who may have come in contact with the Solano County patient to halt further spread of the disease, also called COVID-19.</p><p>"We have a tracking protocol that's best in class," the governor said. "I'm not worried about money."</p><p>He said the CDC will send 10 people to California to interview those who may have come in contact with the patient.</p><p>"Nothing is more important at this point than contact-tracing," Newsom said.</p><p>The patient, a resident of Solano County, wasn't immediately tested for the virus because the person's history didn't fit CDC criteria for establishing risk from the new strain of the coronavirus.</p><p>The patient was brought to the University of California at Davis teaching hospital in Sacramento, which has treated other coronavirus patients and followed standard precautions. Nevertheless, several employees at a Vallejo hospital where the woman was treated earlier, were asked to stay home and monitor their temperatures, officials said.</p><p>Dr Sonia Angell, director of the California Department of Public Health, said there is no known connection between the new case and Diamond Princess cruise ship passengers who were exposed to the virus overseas and quarantined at Travis Air Force Base, which is in Solano County.</p><p>"The (Solano County) patient had no known exposure to the virus through travel or close contact with a known infected individual," she told reporters at the news conference.</p><p>Prior to the Solano County case, all 59 cases in the US were traced to people who had traveled abroad or had been in contact with those who had visited China.</p><p>Prior cases included 14 people who had traveled in China, or their spouses had; three people who were evacuated from Wuhan in China, and 42 American passengers on the Diamond Princess.</p><p>The governor said privacy laws prohibit release of information about the Solano County patient, including employment and residence. But he said key information about the virus will be released when pertinent to reassure the public.</p><p>He said California has "just a few hundred" testing kits on hand, but noted the CDC is "moving expeditiously" to send more to allow the state to "exponentially expand our capacity to advance testing protocols".</p><p>Newsom, a Democrat, has sued US President Donald Trump over greenhouse emissions from cars and illegal immigration but stressed, "We have a good working relationship with this administration" and vowed "not to politicize" a public health issue.</p><p>Los Angeles officials also said they are working closely with the CDC.</p><p>"The risk from the novel coronavirus 2019 to spread in Los Angeles is deemed to be low at this time," the county Health Department said in a statement.</p><p>The number of cases in the US is extremely small, but infections could increase rapidly and mirror the outbreaks in Italy or South Korea, a researcher warned.</p><p>"It's possible to say suddenly we'll have 20 or 30 cases from one particular place," Dr Jeffrey Klausner, an adjunct professor of epidemiology at UCLA, told the Daily Beast. "People should expect that, but people should not be overly concerned."</p><p>While the new strain of the coronavirus appears to be highly contagious, so far it is not as deadly as SARS, which killed nearly 10 percent of those infected compared with about 2 percent who die after exposure to the new strain of the coronavirus.</p><p>The flu season, which starts in September and can run through May, has killed about 10,000 people so far in the US, the CDC reported.</p><p>On Jan 30, the World Health Organization (WHO) declared the coronavirus outbreak a "public health emergency of international concern" but not a pandemic. It didn't recommend travel or trade restrictions. But with cases in 45 countries outside China and rapid spread of the virus in South Korea, Italy and Iran, WHO said health officials have now reached a "decisive point" in the battle against it.</p><p>On Thursday, South Korea announced 505 new confirmed cases — the nation's largest daily increase since the outbreak began — and a 13th death.</p><p>Italy, center of the largest number of infections outside Asia, said the number of cases increased to 528 Thursday, up from 400 Wednesday, a 32 percent increase. The coronavirus also has been reported in the Middle East, including an increasing number of cases in Iran.</p><p>Israel said Thursday it had diagnosed the first citizen in the nation with the coronavirus. The infected man had visited Italy and spent four days in Israel before he was diagnosed, raising the possibility he had unknowingly infected others.</p><p>There are now seven Israelis known to be infected. Six contracted the disease while quarantined on the Diamond Princess. Israel advised its citizens to avoid travel to Italy and said it would bar entry to all foreigners traveling from that nation.</p><p><url normalizedValue="https://s3.amazonaws.com/syndigateimages/syndigate/imgs/498/1496/72/158289141489.jpeg">https://s3.amazonaws.com/syndigateimages/syndigate/imgs/498/1496/72/158289141489.jpeg</url></p><p><br/></p></bodyText></nitf:body.content></nitf:body><metadata><dc:metadata xmlns:dc="http://purl.org/dc/elements/1.1/"><dc:identifier identifierScheme="DOC-ID">CHIDUS-168632005</dc:identifier><dc:source sourceScheme="royaltyReportingKey">CHIDUS2020</dc:source><dc:identifier identifierScheme="PGUID">urn:contentItem:5Y9N-ND71-JDJN-63RS-00000-00</dc:identifier><dc:source sourceScheme="productContentSetIdentifier">411374</dc:source><dc:date dateType="last-updated">2020-02-28</dc:date></dc:metadata><wordCount number="1032"/><publicationInfo><copyright>Copyright 2020 China Daily Information. Provided by Syndigate Media Inc. All Rights Reserved</copyright><publicationName>China Daily - US Edition</publicationName><publicationLogo><logo><inlineObject><locator><locatorKey><keyName name="object-key"/><keyValue value="26125"/></locatorKey><locatorParameters><parameter name="object-type" value="201"/><parameter name="object-smi" value="LOGOS"/><parameter name="componentseq" value="1"/></locatorParameters></locator></inlineObject></logo></publicationLogo><publicationDate day="28" month="02" year="2020"><dateText>February 28, 2020 Friday</dateText></publicationDate><classification classificationScheme="publicationtype"><classificationItem><className>Newspaper</className></classificationItem></classification><classification classificationScheme="publicationtype"><classificationItem><className>Newspapers</className></classificationItem></classification></publicationInfo><classification classificationScheme="language"><classificationItem classificationScheme="lang.english"><className>ENGLISH</className></classificationItem></classification><classificationGroup classificationScheme="indexing-terms"><classification classificationScheme="subject"><classificationItem score="99"><classCode>STX002145</classCode><className>VIRUSES</className></classificationItem><classificationItem score="90"><classCode>ST000DOTY</classCode><className>CORONAVIRUSES</className></classificationItem><classificationItem score="90"><classCode>STX002233</classCode><className>EPIDEMIOLOGY</className></classificationItem><classificationItem score="90"><classCode>ST00097CI</classCode><className>HEALTH DEPARTMENTS</className></classificationItem><classificationItem score="90"><classCode>STX000912</classCode><className>INFECTIOUS DISEASE</className></classificationItem><classificationItem score="90"><classCode>STX001880</classCode><className>PUBLIC HEALTH</className></classificationItem><classificationItem score="90"><classCode>ST00097FI</classCode><className>WOMEN WORKERS</className></classificationItem><classificationItem score="89"><classCode>STX000511</classCode><className>DISEASES &amp; DISORDERS</className></classificationItem><classificationItem score="89"><classCode>N923120CC</classCode><className>PUBLIC HEALTH ADMINISTRATION</className></classificationItem><classificationItem score="89"><classCode>STX001851</classCode><className>WOMEN</className></classificationItem><classificationItem score="78"><classCode>N923120GC</classCode><className>COMMUNICABLE DISEASE CONTROL</className></classificationItem><classificationItem score="78"><classCode>ST000DOTH</classCode><className>COVID-19 CORONAVIRUS</className></classificationItem><classificationItem score="78"><classCode>ST000DP79</classCode><className>DISEASE CONTACT TRACING</className></classificationItem><classificationItem score="78"><classCode>ST0008ZF6</classCode><className>INTERVIEWS</className></classificationItem><classificationItem score="78"><classCode>STX002082</classCode><className>ISOLATION &amp; QUARANTINE</className></classificationItem><classificationItem score="78"><classCode>ST000DN6R</classCode><className>PUBLIC OFFICIALS</className></classificationItem><classificationItem score="73"><classCode>ST00096SZ</classCode><className>PRESS CONFERENCES</className></classificationItem><classificationItem score="50"><classCode>ST00097CM</classCode><className>AIR FORCES</className></classificationItem><classificationItem score="50"><classCode>N928110MM</classCode><className>ARMED FORCES</className></classificationItem></classification><classification classificationScheme="industry"><classificationItem score="90"><classCode>STX002233</classCode><className>EPIDEMIOLOGY</className></classificationItem><classificationItem score="90"><classCode>ST00097CI</classCode><className>HEALTH DEPARTMENTS</className></classificationItem><classificationItem score="76"><classCode>ST000C9Z9</classCode><className>INTERNATIONAL TOURISM</className></classificationItem><classificationItem score="70"><classCode>ST000DKDL</classCode><className>ACADEMIC MEDICAL CENTERS</className></classificationItem><classificationItem score="67"><classCode>STX001312</classCode><className>PERSONAL DEBT</className></classificationItem><classificationItem score="60"><classCode>STX000433</classCode><className>CRUISES</className></classificationItem><classificationItem score="50"><classCode>ST00097CM</classCode><className>AIR FORCES</className></classificationItem><classificationItem score="50"><classCode>N928110MM</classCode><className>ARMED FORCES</className></classificationItem></classification><classification classificationScheme="city"><classificationItem score="94"><classCode>ST0009UE1</classCode><className>SAN FRANCISCO BAY AREA, CA, USA</className></classificationItem><classificationItem score="93"><classCode>GX542</classCode><className>SACRAMENTO, CA, USA</className></classificationItem><classificationItem score="92"><classCode>GX513</classCode><className>SAN FRANCISCO, CA, USA</className></classificationItem></classification><classification classificationScheme="state"><classificationItem score="94"><classCode>GS120</classCode><className>CALIFORNIA, USA</className></classificationItem></classification><classification classificationScheme="country"><classificationItem score="93"><classCode>GC302</classCode><className>CHINA</className></classificationItem><classificationItem score="93"><classCode>GC343</classCode><className>UNITED STATES</className></classificationItem></classification></classificationGroup></metadata></articleDoc></content></entry>