<entry xmlns="http://www.w3.org/2005/Atom"><id>urn:contentItem:5YGC-1CG1-F11P-X004-00000-00</id><title>US urged to target tasks that save lives</title><published>2021-04-15T18:04:57Z</published><updated>2021-04-15T18:04:57Z</updated><author><name>LexisNexis</name></author><content type="application/xml"><!--Transformation version 1.25--><articleDoc xmlns="" xmlns:xsi="http://www.w3.org/2001/XMLSchema-instance" xsi:noNamespaceSchemaLocation="http://www.lexisnexis.com/xmlschemas/content/public/articledoc/1/" schemaVersion="1.8" xml:lang="en"><articleDocHead><itemInfo/></articleDocHead><nitf:body xmlns:nitf="http://iptc.org/std/NITF/2006-10-18/"><nitf:body.head><nitf:hedline><nitf:hl1>US urged to target tasks that save lives</nitf:hl1></nitf:hedline></nitf:body.head><nitf:body.content><bodyText><p nitf:lede="true">A man wears a mask to prevent exposure to the coronavirus disease (COVID-19) while walking past the New York Stock Exchange in New York, March 17, 2020. [Photo/Agencies]</p><p nitf:lede="true">Stigmatizing disease does no good to solving crisis and scientific research</p><p nitf:lede="true">As COVID-19 rampages across the globe, Chinese scientists have opposed some United States politicians hijacking vital collaborative scientific undertakings－such as finding the origin of the virus－to rekindle xenophobia and stigmatization against China and its people.</p><p>They urged US officials to focus on disease mitigation and saving lives, and to air sensitive issues in a rational, objective manner to avoid undermining the international cooperation critical for tackling a global health crisis.</p><p>Understanding the origin of the virus will provide crucial clues to arresting the disease that has sickened about 210,000 people in over 140 countries, according to the World Health Organization.</p><p>However, scientists have yet to reach a verdict on the origin and mode of transmission due to it being a new pathogen.</p><p>Before the disease was officially named COVID-19 by the WHO last month, foreign media used a variety of sensationalist and misleading names including Wuhan SARS and Wu Flu. The virus was often referred to as the "China Virus" in headlines, a title that hearkens back to the xenophobic "Yellow Peril" slur used during the colonial era.</p><p>US officials, including President Donald Trump, have recently rekindled stigmatization against China by calling the novel coronavirus a "Chinese virus" on multiple occasions, despite the WHO being explicitly opposed to connecting the virus with a certain country or region.</p><p>Huang Yu, deputy director of the Department of Medical Genetics at Peking University, said it is common sense that a new virus should be named without the stigma of attaching it to a place, region or individual, as history is full of poorly named diseases bringing devastating consequences.</p><p>In the early days of AIDS, researchers called the disease GRID, or gay-related immunodeficiency, creating stigma among the already marginalized gay community. During the early 20th century, Irish people in the US were ostracized when media dubbed Irish woman Mary Mallon as "Typhoid Mary" for her being one of the first asymptomatic carriers that led to a typhoid outbreak in New York City.</p><p>"Such anti-intellectual rhetoric will inevitably stir up hatred toward the Chinese people, and we should firmly oppose and condemn these actions," Huang said.</p><p>"The scientific communities from China and the US have upheld the principle that scientific knowledge knows no borders, and we are constantly sharing new information on basic research and clinical results related to COVID-19," he added.</p><p>Huang said US politicians' anti-China rhetoric will not directly affect scientists' work, but geopolitics can interfere with international scientific cooperation.</p><p>"We hope the scientific communities from both countries can better communicate knowledge to the public and officials, and work together to curb xenophobia and misunderstanding," he said.</p><p>A Beijing biologist who spoke on condition of anonymity said finding the source of the virus is an important scientific question that could shed light on how the virus jumped species, thus allowing health authorities to cut off the route of transmission and prevent future outbreaks.</p><p>However, this mystery often requires years of rigorous research to solve, and that knowledge may be too late or too irrelevant for saving lives now, which should be the top priority, he said.</p><p>"Politicians discussing the origin of the virus serves no practical purpose against the pandemic other than assigning blame, and through contrast, defining their own innocence and defending their incompetence," he said.</p><p>"Current information regarding the origin of the virus is very limited and difficult for non-experts to digest," he said.</p><p>"It is impossible for the public, let alone politicians with agendas, to have an honest discussion on this topic without it disintegrating into a shouting match of misinformation and conspiracy theories."</p><p>More research needed</p><p>The WHO said the novel coronavirus may have originated from bats, which are natural carriers of many types of coronaviruses including the one that causes SARS. Experts also noted that it is rare for coronaviruses to jump directly from bats to humans, so intermediate hosts are likely necessary to make the transmission.</p><p>However, consensus starts to break when scientists argue over what the hosts are. Snakes, pangolins and even domestic pets have been considered potential candidates, but all current studies proved inconclusive.</p><p>To further complicate matters, scientists have discovered through clinical records and genetic tracing that the Huanan Seafood Market in Wuhan, Hubei province, may not be the source of the virus after all, according to the journal Lancet and other follow-up studies.</p><p>The market might just have served as the jumping off point where the virus emerged and began infecting a wider public, but who or what brought the virus to the market in the first place remained unknown, scientists said.</p><p>Shi Zhengli, a researcher from the Institute of Virology of the Chinese Academy of Sciences, said in a recent public lecture that closing the market shortly after the outbreak began had made it difficult for scientists to collect samples directly from the wild animals sold there－an approach that allowed scientists to quickly identify civets as the intermediate host for the SARS epidemic in 2003.</p><p>But the intermediate host is only one piece of the puzzle. Locating the actual viral origin is so difficult that it wasn't until 2016 that Chinese scientists said they had traced the natural carrier of the SARS virus to horseshoe bats in a cave from Yunnan province. Shi said scientists might need to do the same time-consuming field work to find the source for the new virus.</p><p>Moreover, Shi said SARS-like coronaviruses, which include the novel coronavirus, are the most infectious of the 12 types of bat-carrying coronaviruses that her team has studied.</p><p>There is a chance that a similar SARS-like coronavirus from bats would jump species and possibly infect humans, and scientists, along with public health authorities, should prepare in advance, she said.</p><p>"Mankind has the ability to nip new diseases from wild animals in the bud. It is not a question of whether we can, but a question of whether we want to," she said.</p></bodyText></nitf:body.content></nitf:body><metadata><dc:metadata xmlns:dc="http://purl.org/dc/elements/1.1/"><dc:identifier identifierScheme="DOC-ID">CHIDUS-170742522</dc:identifier><dc:source sourceScheme="royaltyReportingKey">CHIDUS2020</dc:source><dc:identifier identifierScheme="PGUID">urn:contentItem:5YGC-1CG1-F11P-X004-00000-00</dc:identifier><dc:source sourceScheme="productContentSetIdentifier">411374</dc:source><dc:date dateType="last-updated">2020-03-21</dc:date></dc:metadata><wordCount number="1075"/><publicationInfo><copyright>Copyright 2020 China Daily Information. Provided by Syndigate Media Inc. All Rights Reserved</copyright><publicationName>China Daily - US Edition</publicationName><publicationLogo><logo><inlineObject><locator><locatorKey><keyName name="object-key"/><keyValue value="26125"/></locatorKey><locatorParameters><parameter name="object-type" value="201"/><parameter name="object-smi" value="LOGOS"/><parameter name="componentseq" value="1"/></locatorParameters></locator></inlineObject></logo></publicationLogo><publicationDate day="21" month="03" year="2020"><dateText>March 21, 2020 Saturday</dateText></publicationDate><classification classificationScheme="publicationtype"><classificationItem><className>Newspaper</className></classificationItem></classification><classification classificationScheme="publicationtype"><classificationItem><className>Newspapers</className></classificationItem></classification></publicationInfo><classification classificationScheme="language"><classificationItem classificationScheme="lang.english"><className>ENGLISH</className></classificationItem></classification><classificationGroup classificationScheme="indexing-terms"><classification classificationScheme="company"><classificationItem score="58"><classCode>CC0009SWF</classCode><className>NEW YORK STOCK EXCHANGE LLC</className></classificationItem></classification></classificationGroup><classificationGroup classificationScheme="indexing-terms"><classification classificationScheme="legal"><classificationItem score="50"><className>Securities Law</className><classCode>Z3VpZD11cm46dG9waWM6RkFFMTQ3ODhCRDYyNDkyN0IwQkEyQzRCRDlFMEM5ODc7cGFyZW50Z3VpZD0</classCode><classificationItem score="50"><className>New York Stock Exchange</className><classCode>Z3VpZD11cm46dG9waWM6MTA5NzZFOEE4NUFGNDk0NjgzQzhEMEExMjU2RUNDMjc7cGFyZW50Z3VpZD11cm46dG9waWM6MDA4MDk2MDE2NTVGNDFCRDgxODBDMzc5NDgwOTczRTU</classCode></classificationItem><classificationItem score="50"><className>Stock Exchanges</className><classCode>Z3VpZD11cm46dG9waWM6M0ZDMDg5MEQ3OTlGNEJCMkI0M0EyM0MwN0E1Njk1MEQ7cGFyZW50Z3VpZD11cm46dG9waWM6NDBGREFBMDgyNTQ0NERFRUI3MEUwNDBFOTM5NDExREI</classCode></classificationItem><classificationItem score="50"><className>Rules &amp; Regulations</className><classCode>Z3VpZD11cm46dG9waWM6RUI0NDBGNkJGNkE3NDlGRjg3REVBQzA4M0U5M0E2RDI7cGFyZW50Z3VpZD11cm46dG9waWM6MTA5NzZFOEE4NUFGNDk0NjgzQzhEMEExMjU2RUNDMjc</classCode></classificationItem></classificationItem></classification><classification classificationScheme="subject"><classificationItem score="91"><classCode>ST000DOTH</classCode><className>COVID-19 CORONAVIRUS</className></classificationItem><classificationItem score="91"><classCode>STX002145</classCode><className>VIRUSES</className></classificationItem><classificationItem score="90"><classCode>ST000DOTY</classCode><className>CORONAVIRUSES</className></classificationItem><classificationItem score="90"><classCode>STX000511</classCode><className>DISEASES &amp; DISORDERS</className></classificationItem><classificationItem score="90"><classCode>STX000912</classCode><className>INFECTIOUS DISEASE</className></classificationItem><classificationItem score="90"><classCode>ST0009FJK</classCode><className>NEGATIVE PERSONAL NEWS</className></classificationItem><classificationItem score="90"><classCode>ST000DA0C</classCode><className>RACISM &amp; XENOPHOBIA</className></classificationItem><classificationItem score="90"><classCode>STX001964</classCode><className>SCIENCE &amp; TECHNOLOGY</className></classificationItem><classificationItem score="90"><classCode>N523210MM</classCode><className>STOCK EXCHANGES</className></classificationItem><classificationItem score="89"><classCode>N928000CC</classCode><className>INTERNATIONAL RELATIONS &amp; NATIONAL SECURITY</className></classificationItem><classificationItem score="78"><classCode>STX000051</classCode><className>AIDS &amp; HIV</className></classificationItem><classificationItem score="78"><classCode>STX000777</classCode><className>GAYS &amp; LESBIANS</className></classificationItem><classificationItem score="78"><classCode>ST00097CI</classCode><className>HEALTH DEPARTMENTS</className></classificationItem><classificationItem score="78"><classCode>N541710QQ</classCode><className>MEDICAL RESEARCH</className></classificationItem><classificationItem score="78"><classCode>STX001880</classCode><className>PUBLIC HEALTH</className></classificationItem><classificationItem score="78"><classCode>STX002125</classCode><className>SARS</className></classificationItem><classificationItem score="77"><classCode>ST0009FY9</classCode><className>EXPERIMENTATION &amp; RESEARCH</className></classificationItem><classificationItem score="77"><classCode>STX000802</classCode><className>GOVERNMENT RESEARCH FUNDING</className></classificationItem><classificationItem score="77"><classCode>N923120CC</classCode><className>PUBLIC HEALTH ADMINISTRATION</className></classificationItem><classificationItem score="76"><classCode>ST000DN6R</classCode><className>PUBLIC OFFICIALS</className></classificationItem><classificationItem score="75"><classCode>STX000950</classCode><className>INTERNATIONAL RELATIONS</className></classificationItem><classificationItem score="74"><classCode>STX000914</classCode><className>INFLUENZA</className></classificationItem><classificationItem score="73"><classCode>ST000A7IS</classCode><className>ASSOCIATIONS &amp; ORGANIZATIONS</className></classificationItem><classificationItem score="73"><classCode>STX000889</classCode><className>IMMUNE SYSTEM DISORDERS</className></classificationItem><classificationItem score="73"><classCode>ST00097CV</classCode><className>UNITED NATIONS INSTITUTIONS</className></classificationItem><classificationItem score="65"><classCode>ST000D0UY</classCode><className>US PRESIDENTIAL CANDIDATES 2012</className></classificationItem><classificationItem score="65"><classCode>ST000DF5U</classCode><className>US PRESIDENTIAL CANDIDATES 2016</className></classificationItem><classificationItem score="65"><classCode>ST000DNV7</classCode><className>US PRESIDENTIAL CANDIDATES 2020</className></classificationItem><classificationItem score="53"><classCode>STX001796</classCode><className>VERDICTS</className></classificationItem><classificationItem score="50"><classCode>STX002099</classCode><className>GENETIC &amp; MOLECULAR MEDICINE</className></classificationItem></classification><classification classificationScheme="industry"><classificationItem score="90"><classCode>N523210MM</classCode><className>STOCK EXCHANGES</className></classificationItem><classificationItem score="78"><classCode>ST00097CI</classCode><className>HEALTH DEPARTMENTS</className></classificationItem></classification><classification classificationScheme="person"><classificationItem score="50"><classCode>PE0009THX</classCode><className>DONALD TRUMP</className></classificationItem></classification><classification classificationScheme="city"><classificationItem score="78"><classCode>GX601</classCode><className>NEW YORK, NY, USA</className></classificationItem><classificationItem score="59"><classCode>GX071</classCode><className>BEIJING, CHINA</className></classificationItem></classification><classification classificationScheme="state"><classificationItem score="92"><classCode>GS148</classCode><className>NEW YORK, USA</className></classificationItem></classification><classification classificationScheme="country"><classificationItem score="98"><classCode>GC302</classCode><className>CHINA</className></classificationItem><classificationItem score="94"><classCode>GC343</classCode><className>UNITED STATES</className></classificationItem></classification></classificationGroup></metadata></articleDoc></content></entry>