<entry xmlns="http://www.w3.org/2005/Atom"><id>urn:contentItem:5YT4-9VR1-JDJN-6383-00000-00</id><title>Vice-FM: Don't use probe to stigmatize China</title><published>2021-04-15T18:04:57Z</published><updated>2021-04-15T18:04:57Z</updated><author><name>LexisNexis</name></author><content type="application/xml"><!--Transformation version 1.25--><articleDoc xmlns="" xmlns:xsi="http://www.w3.org/2001/XMLSchema-instance" xsi:noNamespaceSchemaLocation="http://www.lexisnexis.com/xmlschemas/content/public/articledoc/1/" schemaVersion="1.8" xml:lang="en"><articleDocHead><itemInfo/></articleDocHead><nitf:body xmlns:nitf="http://iptc.org/std/NITF/2006-10-18/"><nitf:body.head><nitf:hedline><nitf:hl1>Vice-FM: Don't use probe to stigmatize China</nitf:hl1></nitf:hedline></nitf:body.head><nitf:body.content><bodyText><p nitf:lede="true">Vice-Foreign Minister Le Yucheng [Photo/fmprc.gov.cn]</p><p nitf:lede="true">China opposes any arbitrary international inquiry into the COVID-19 pandemic that would presume its guilt and politicize its investigation to stigmatize China, Vice-Foreign Minister Le Yucheng said in a recent interview with a major television broadcaster in the United States.</p><p>Meanwhile, Australian Prime Minister Scott Morrison said on Wednesday that the Australian government will continue to push for an independent review into the origins of the coronavirus and China's early handling of the outbreak.</p><p>On the same day, the White House ordered US intelligence agencies to find out whether China or the World Health Organization hid information about the virus early on in the outbreak.</p><p>Le said in the National Broadcasting Corp interview on Tuesday that China is "candid" and "open" to international investigation, and it supports professional exchanges between scientists.</p><p>"What we oppose, however, is unfounded charges against China. One should not accuse China first and then run so-called international investigations just to make up the evidence," he said.</p><p>Instead, he said, the international investigation should have a solid basis.</p><p>"Why is this investigation only targeting China?" he asked. "Is there any evidence to show that China does have problems? Why isn't there any investigation of other countries?"</p><p>Le refuted claims holding China accountable or demanding it make reparations, saying such remarks are a "preposterous political farce".</p><p>These is no international law that supports blaming a country simply for being the first to report a disease, neither does history offer any such precedent, he said.</p><p>China has made sacrifices in curbing the virus and won precious time for the world's battle against it, Le said, adding that China deserves fair recognition, not groundless accusation.</p><p>The unreasonable and legally unfounded demand for Chinese reparations is no different from blackmail, he said, adding that the intention is to shift blame to China for the accusers' own inadequate response.</p><p>Noting China is a partner fighting the virus alongside the US, rather than an opponent, Le called upon the two countries to set aside differences and contradictions and cooperate to overcome difficulties.</p><p>"Whatever the differences or disagreements between China and the US, they pale when we consider the well-being of the Chinese and American peoples and their shared aspiration for a better future," he said.</p><p><email normalizedValue="mailto:zhoujin@chinadaily.com.cn">zhoujin@chinadaily.com.cn</email></p></bodyText></nitf:body.content></nitf:body><metadata><dc:metadata xmlns:dc="http://purl.org/dc/elements/1.1/"><dc:identifier identifierScheme="DOC-ID">CHIDUS-173570243</dc:identifier><dc:source sourceScheme="royaltyReportingKey">CHIDUS2020</dc:source><dc:identifier identifierScheme="PGUID">urn:contentItem:5YT4-9VR1-JDJN-6383-00000-00</dc:identifier><dc:source sourceScheme="productContentSetIdentifier">411374</dc:source><dc:date dateType="last-updated">2020-05-01</dc:date></dc:metadata><wordCount number="415"/><publicationInfo><copyright>Copyright 2020 China Daily Information. Provided by Syndigate Media Inc. All Rights Reserved</copyright><publicationName>China Daily - US Edition</publicationName><publicationLogo><logo><inlineObject><locator><locatorKey><keyName name="object-key"/><keyValue value="26125"/></locatorKey><locatorParameters><parameter name="object-type" value="201"/><parameter name="object-smi" value="LOGOS"/><parameter name="componentseq" value="1"/></locatorParameters></locator></inlineObject></logo></publicationLogo><publicationDate day="01" month="05" year="2020"><dateText>May 1, 2020 Friday</dateText></publicationDate><classification classificationScheme="publicationtype"><classificationItem><className>Newspaper</className></classificationItem></classification><classification classificationScheme="publicationtype"><classificationItem><className>Newspapers</className></classificationItem></classification></publicationInfo><classification classificationScheme="language"><classificationItem classificationScheme="lang.english"><className>ENGLISH</className></classificationItem></classification><classificationGroup classificationScheme="indexing-terms"><classification classificationScheme="subject"><classificationItem score="91"><classCode>STX000969</classCode><className>INVESTIGATIONS</className></classificationItem><classificationItem score="90"><classCode>ST000DOTH</classCode><className>COVID-19 CORONAVIRUS</className></classificationItem><classificationItem score="90"><classCode>STX002064</classCode><className>EPIDEMICS</className></classificationItem><classificationItem score="90"><classCode>ST000DLOJ</classCode><className>GOVERNMENT ADVISORS &amp; MINISTERS</className></classificationItem><classificationItem score="90"><classCode>STX000912</classCode><className>INFECTIOUS DISEASE</className></classificationItem><classificationItem score="90"><classCode>STX000950</classCode><className>INTERNATIONAL RELATIONS</className></classificationItem><classificationItem score="90"><classCode>N928000CC</classCode><className>INTERNATIONAL RELATIONS &amp; NATIONAL SECURITY</className></classificationItem><classificationItem score="90"><classCode>ST0008ZF6</classCode><className>INTERVIEWS</className></classificationItem><classificationItem score="90"><classCode>ST0009FJK</classCode><className>NEGATIVE PERSONAL NEWS</className></classificationItem><classificationItem score="90"><classCode>ST000DOXW</classCode><className>PANDEMICS</className></classificationItem><classificationItem score="90"><classCode>STX001880</classCode><className>PUBLIC HEALTH</className></classificationItem><classificationItem score="90"><classCode>N928120MM</classCode><className>STATE DEPARTMENTS &amp; FOREIGN SERVICES</className></classificationItem><classificationItem score="78"><classCode>ST000DOTY</classCode><className>CORONAVIRUSES</className></classificationItem><classificationItem score="78"><classCode>ST00097CI</classCode><className>HEALTH DEPARTMENTS</className></classificationItem><classificationItem score="78"><classCode>ST0008ZBX</classCode><className>INTERNATIONAL LAW</className></classificationItem><classificationItem score="78"><classCode>N923120CC</classCode><className>PUBLIC HEALTH ADMINISTRATION</className></classificationItem><classificationItem score="75"><classCode>STX000511</classCode><className>DISEASES &amp; DISORDERS</className></classificationItem><classificationItem score="75"><classCode>STX002145</classCode><className>VIRUSES</className></classificationItem><classificationItem score="73"><classCode>STX000938</classCode><className>INTELLIGENCE SERVICES</className></classificationItem><classificationItem score="71"><classCode>N921110CC</classCode><className>HEADS OF STATE &amp; GOVERNMENT</className></classificationItem><classificationItem score="71"><classCode>ST0009EOQ</classCode><className>PRIME MINISTERS</className></classificationItem><classificationItem score="55"><classCode>ST000A7IS</classCode><className>ASSOCIATIONS &amp; ORGANIZATIONS</className></classificationItem><classificationItem score="55"><classCode>ST00097CV</classCode><className>UNITED NATIONS INSTITUTIONS</className></classificationItem></classification><classification classificationScheme="industry"><classificationItem score="78"><classCode>ST00097CI</classCode><className>HEALTH DEPARTMENTS</className></classificationItem><classificationItem score="72"><classCode>N515120CC</classCode><className>TELEVISION INDUSTRY</className></classificationItem></classification><classification classificationScheme="person"><classificationItem score="79"><classCode>PE000DO37</classCode><className>SCOTT MORRISON</className></classificationItem></classification><classification classificationScheme="country"><classificationItem score="98"><classCode>GC302</classCode><className>CHINA</className></classificationItem><classificationItem score="94"><classCode>GC343</classCode><className>UNITED STATES</className></classificationItem><classificationItem score="91"><classCode>GC301</classCode><className>AUSTRALIA</className></classificationItem></classification></classificationGroup></metadata></articleDoc></content></entry>