<entry xmlns="http://www.w3.org/2005/Atom"><id>urn:contentItem:5YG5-29K1-JDJN-60F9-00000-00</id><title>Trump criticized for 'Chinese virus' use</title><published>2021-04-15T18:04:57Z</published><updated>2021-04-15T18:04:57Z</updated><author><name>LexisNexis</name></author><content type="application/xml"><!--Transformation version 1.25--><articleDoc xmlns="" xmlns:xsi="http://www.w3.org/2001/XMLSchema-instance" xsi:noNamespaceSchemaLocation="http://www.lexisnexis.com/xmlschemas/content/public/articledoc/1/" schemaVersion="1.8" xml:lang="en"><articleDocHead><itemInfo/></articleDocHead><nitf:body xmlns:nitf="http://iptc.org/std/NITF/2006-10-18/"><nitf:body.head><nitf:hedline><nitf:hl1>Trump criticized for 'Chinese virus' use</nitf:hl1></nitf:hedline></nitf:body.head><nitf:body.content><bodyText><p nitf:lede="true">US President Trump. [Photo/Agencies]</p><p nitf:lede="true">A senior global health official and a US mayor on Wednesday warned against using phrases like "Chinese virus" to refer to the novel coronavirus, joining a chorus of voices that called such labeling counterproductive and fuel for xenophobia as the latest research suggests the pathogen has a natural origin.</p><p nitf:lede="true">When asked at a White House briefing about his use of the phrase amid reports of backlash against Asian Americans because of the outbreak, US President Donald Trump continued to use "Chinese virus" and said it's "not racist at all".</p><p>At a media briefing on COVID-19 at the headquarters of the World Health Organization on Wednesday, Dr Mike Ryan, executive director of the WHO's health emergencies program, said, "It's really important that we be careful in the language we use lest it lead to profiling of individuals associated with the virus. This is just something we need all to avoid.</p><p>"The pandemic of influenza in 2009 originated in North America, and we didn't call it the North American flu," Ryan said. "So it's important that we have the same approach when it comes to other viruses."</p><p>Trump had earlier called the virus straightforwardly coronavirus on many occasions, but he changed his tone Monday on his Twitter account, seemingly on grounds that he "didn't appreciate the fact that China was saying that our military gave it to them. Our military did not give it to anybody."</p><p>He continued to use the phrase in two of his tweets Wednesday.</p><p>London Breed, the mayor of San Francisco, said the president's repeated references to the virus that causes COVID-19 as a "Chinese virus" are "offensive and counterproductive".</p><p>"There is never an excuse for xenophobia. Coronavirus is a global pandemic that is affecting all of us, and it requires all of us to listen to public health experts and respond together," Breed said in a statement. "That's what we're doing here in San Francisco, and that's what we need our federal leaders to do as well."</p><p>Kurt Bardella, an NBC News contributor, noted that plenty of others made the same characterization when the virus first hit the news, but they've stopped because they realized the potential harm it could cause. But Trump has not stopped.</p><p>"Here, he's antagonizing China at the absolute worst time. We need to be learning from Chinese doctors and officials, not causing an international incident," Bardella wrote in an op-ed Wednesday.</p><p>He added that at a time when the president of the United States should be acting as a unifying figure, he is instead sowing the "destructive seeds of xenophobia".</p><p>A research paper published in the journal Nature Medicine on Tuesday explored the origins of SARS-CoV-2, another name for the feared virus that causes COVID-19, and found that coronavirus has a natural origin.</p><p>"By comparing the available genome sequence data for known coronavirus strains, we can firmly determine that SARS-CoV-2 originated through natural processes," said Kristian Andersen, an associate professor of immunology and microbiology at the Scripps Research Institute and the corresponding author on the paper.</p><p>Based on their genomic sequencing analysis, Andersen and his collaborators concluded that one of the possible scenarios is that the virus evolved to its current pathogenic state through natural selection in a nonhuman host and then jumped to humans, according to a news release from Scripps Research.</p><p>While the origin of the coronavirus has not been finally identified, NBC News chief foreign correspondent Richard Engel, while weighing in on Trump's use of the divisive phrase Wednesday, said it is a "bat virus".</p><p>"It's easy to scapegoat people and that is what has always happened when there have been pandemics or epidemics," Engel said. "This is a bat virus, not a China virus. It doesn't speak Chinese. It doesn't target Chinese people. It targets human beings who happen to touch their eyes, nose or mouth."</p><p>Harvard law professor Laurence Tribe remarked on Twitter on Wednesday, "Mr. President, the Coronavirus comes not from Chinese people or 'from China,' but from bats, Bat — flying critters with no nationality or ethnicity, in case you were wondering. Each time you call it 'a Chinese virus,' you display your ignorance and your racism."</p></bodyText></nitf:body.content></nitf:body><metadata><dc:metadata xmlns:dc="http://purl.org/dc/elements/1.1/"><dc:identifier identifierScheme="DOC-ID">CHIDUS-170642154</dc:identifier><dc:source sourceScheme="royaltyReportingKey">CHIDUS2020</dc:source><dc:identifier identifierScheme="PGUID">urn:contentItem:5YG5-29K1-JDJN-60F9-00000-00</dc:identifier><dc:source sourceScheme="productContentSetIdentifier">411374</dc:source><dc:date dateType="last-updated">2020-03-20</dc:date></dc:metadata><wordCount number="708"/><publicationInfo><copyright>Copyright 2020 China Daily Information. Provided by Syndigate Media Inc. All Rights Reserved</copyright><publicationName>China Daily - US Edition</publicationName><publicationLogo><logo><inlineObject><locator><locatorKey><keyName name="object-key"/><keyValue value="26125"/></locatorKey><locatorParameters><parameter name="object-type" value="201"/><parameter name="object-smi" value="LOGOS"/><parameter name="componentseq" value="1"/></locatorParameters></locator></inlineObject></logo></publicationLogo><publicationDate day="20" month="03" year="2020"><dateText>March 20, 2020 Friday</dateText></publicationDate><classification classificationScheme="publicationtype"><classificationItem><className>Newspaper</className></classificationItem></classification><classification classificationScheme="publicationtype"><classificationItem><className>Newspapers</className></classificationItem></classification></publicationInfo><classification classificationScheme="language"><classificationItem classificationScheme="lang.english"><className>ENGLISH</className></classificationItem></classification><classificationGroup classificationScheme="indexing-terms"><classification classificationScheme="company"><classificationItem score="63"><classCode>CC0002JR3</classCode><className>NBC UNIVERSAL INC</className></classificationItem></classification><classification classificationScheme="industry"><classificationItem score="63"><className>NAICS515120 TELEVISION BROADCASTING</className></classificationItem><classificationItem score="63"><className>SIC4833 TELEVISION BROADCASTING STATIONS</className></classificationItem></classification></classificationGroup><classificationGroup classificationScheme="indexing-terms"><classification classificationScheme="subject"><classificationItem score="91"><classCode>STX002145</classCode><className>VIRUSES</className></classificationItem><classificationItem score="90"><classCode>ST000DOTY</classCode><className>CORONAVIRUSES</className></classificationItem><classificationItem score="90"><classCode>STX000912</classCode><className>INFECTIOUS DISEASE</className></classificationItem><classificationItem score="90"><classCode>STX000914</classCode><className>INFLUENZA</className></classificationItem><classificationItem score="90"><classCode>STX001880</classCode><className>PUBLIC HEALTH</className></classificationItem><classificationItem score="90"><classCode>N923120CC</classCode><className>PUBLIC HEALTH ADMINISTRATION</className></classificationItem><classificationItem score="90"><classCode>ST000DNV7</classCode><className>US PRESIDENTIAL CANDIDATES 2020</className></classificationItem><classificationItem score="90"><classCode>N921110MM</classCode><className>US PRESIDENTS</className></classificationItem><classificationItem score="89"><classCode>ST000DOTH</classCode><className>COVID-19 CORONAVIRUS</className></classificationItem><classificationItem score="89"><classCode>STX002064</classCode><className>EPIDEMICS</className></classificationItem><classificationItem score="89"><classCode>ST000DOXW</classCode><className>PANDEMICS</className></classificationItem><classificationItem score="89"><classCode>ST000DA0C</classCode><className>RACISM &amp; XENOPHOBIA</className></classificationItem><classificationItem score="79"><classCode>STX000118</classCode><className>ASIAN AMERICANS</className></classificationItem><classificationItem score="78"><classCode>ST000D1BY</classCode><className>EXECUTIVES</className></classificationItem><classificationItem score="78"><classCode>ST00097CI</classCode><className>HEALTH DEPARTMENTS</className></classificationItem><classificationItem score="78"><classCode>ST000D0UY</classCode><className>US PRESIDENTIAL CANDIDATES 2012</className></classificationItem><classificationItem score="78"><classCode>ST000DF5U</classCode><className>US PRESIDENTIAL CANDIDATES 2016</className></classificationItem><classificationItem score="77"><classCode>ST0009FY9</classCode><className>EXPERIMENTATION &amp; RESEARCH</className></classificationItem><classificationItem score="77"><classCode>STX001477</classCode><className>RESEARCH REPORTS</className></classificationItem><classificationItem score="77"><classCode>STX001964</classCode><className>SCIENCE &amp; TECHNOLOGY</className></classificationItem><classificationItem score="74"><classCode>ST00097CV</classCode><className>UNITED NATIONS INSTITUTIONS</className></classificationItem><classificationItem score="69"><classCode>ST000A7IS</classCode><className>ASSOCIATIONS &amp; ORGANIZATIONS</className></classificationItem><classificationItem score="65"><classCode>ST0009RD1</classCode><className>INTERNET SOCIAL NETWORKING</className></classificationItem></classification><classification classificationScheme="industry"><classificationItem score="90"><classCode>N515000CC</classCode><className>BROADCASTING INDUSTRY</className></classificationItem><classificationItem score="90"><classCode>N515120CC</classCode><className>TELEVISION INDUSTRY</className></classificationItem><classificationItem score="78"><classCode>ST00097CI</classCode><className>HEALTH DEPARTMENTS</className></classificationItem><classificationItem score="65"><classCode>ST0009RD1</classCode><className>INTERNET SOCIAL NETWORKING</className></classificationItem></classification><classification classificationScheme="person"><classificationItem score="89"><classCode>PE0009THX</classCode><className>DONALD TRUMP</className></classificationItem></classification><classification classificationScheme="state"><classificationItem score="79"><classCode>GS120</classCode><className>CALIFORNIA, USA</className></classificationItem></classification><classification classificationScheme="country"><classificationItem score="94"><classCode>GC302</classCode><className>CHINA</className></classificationItem><classificationItem score="94"><classCode>GC343</classCode><className>UNITED STATES</className></classificationItem><classificationItem score="92"><classCode>GR120</classCode><className>NORTH AMERICA</className></classificationItem></classification></classificationGroup></metadata></articleDoc></content></entry>