<entry xmlns="http://www.w3.org/2005/Atom"><id>urn:contentItem:6013-GY61-F11P-X2KC-00000-00</id><title>Secret fort in US must come clean on its work</title><published>2021-04-15T18:04:57Z</published><updated>2021-04-15T18:04:57Z</updated><author><name>LexisNexis</name></author><content type="application/xml"><!--Transformation version 1.25--><articleDoc xmlns="" xmlns:xsi="http://www.w3.org/2001/XMLSchema-instance" xsi:noNamespaceSchemaLocation="http://www.lexisnexis.com/xmlschemas/content/public/articledoc/1/" schemaVersion="1.8" xml:lang="en"><articleDocHead><itemInfo/></articleDocHead><nitf:body xmlns:nitf="http://iptc.org/std/NITF/2006-10-18/"><nitf:body.head><nitf:hedline><nitf:hl1>Secret fort in US must come clean on its work</nitf:hl1></nitf:hedline></nitf:body.head><nitf:body.content><bodyText><p nitf:lede="true">A screenshot of  New York Times.</p><p nitf:lede="true">Local unexplained influenza</p><p nitf:lede="true">According to an ABC report on July 12, 2019, a deadly disease broke out at the Greenspring, retirement community in Springfield, Virginia.</p><p>The community is only an hour's drive from Fort Detrick base. Some people suspected that the outbreak in the community last year was actually the novel coronavirus, but the reporter who reported the news denied this claim, saying that the local health department's test conclusion was caused by Haemophilus influenzae. However, many netizens recommend testing the community members to see if they had the novel coronavirus antibody.</p><p>According to the Fairfax County Health Bureau, on June 30, 2019, the community discovered the case of this unexplained respiratory disease for the first time. As of July 15, 2019, the number of deaths related to the disease in the community rose to 3, a total of 63 community residents were sick, and 19 staff members also showed symptoms.</p><p>It was reported that the patient's symptoms include "fever, cough, body pain, wheezing, hoarse voice, and general weakness", and some patients also have symptoms of pneumonia.</p><p>To this day, the origin of COVID-19 remains unidentified. But experts and scientists around the world agree that the place where the earliest cases were reported is not necessarily the origin of the virus.</p></bodyText></nitf:body.content></nitf:body><metadata><dc:metadata xmlns:dc="http://purl.org/dc/elements/1.1/"><dc:identifier identifierScheme="DOC-ID">CHIDUS-175673049</dc:identifier><dc:source sourceScheme="royaltyReportingKey">CHIDUS2020</dc:source><dc:identifier identifierScheme="PGUID">urn:contentItem:6013-GY61-F11P-X2KC-00000-00</dc:identifier><dc:source sourceScheme="productContentSetIdentifier">411374</dc:source><dc:date dateType="last-updated">2020-05-29</dc:date></dc:metadata><wordCount number="224"/><publicationInfo><copyright>Copyright 2020 China Daily Information. Provided by Syndigate Media Inc. All Rights Reserved</copyright><publicationName>China Daily - US Edition</publicationName><publicationLogo><logo><inlineObject><locator><locatorKey><keyName name="object-key"/><keyValue value="26125"/></locatorKey><locatorParameters><parameter name="object-type" value="201"/><parameter name="object-smi" value="LOGOS"/><parameter name="componentseq" value="1"/></locatorParameters></locator></inlineObject></logo></publicationLogo><publicationDate day="29" month="05" year="2020"><dateText>May 29, 2020 Friday</dateText></publicationDate><classification classificationScheme="publicationtype"><classificationItem><className>Newspaper</className></classificationItem></classification><classification classificationScheme="publicationtype"><classificationItem><className>Newspapers</className></classificationItem></classification></publicationInfo><classification classificationScheme="language"><classificationItem classificationScheme="lang.english"><className>ENGLISH</className></classificationItem></classification><classificationGroup classificationScheme="indexing-terms"><classification classificationScheme="subject"><classificationItem score="90"><classCode>ST000DOTY</classCode><className>CORONAVIRUSES</className></classificationItem><classificationItem score="90"><classCode>STX000511</classCode><className>DISEASES &amp; DISORDERS</className></classificationItem><classificationItem score="90"><classCode>STX000912</classCode><className>INFECTIOUS DISEASE</className></classificationItem><classificationItem score="90"><classCode>STX000914</classCode><className>INFLUENZA</className></classificationItem><classificationItem score="90"><classCode>STX001481</classCode><className>RESPIRATORY DISEASE</className></classificationItem><classificationItem score="90"><classCode>STX002145</classCode><className>VIRUSES</className></classificationItem><classificationItem score="78"><classCode>STX000156</classCode><className>BACTERIA</className></classificationItem><classificationItem score="78"><classCode>ST000DOTH</classCode><className>COVID-19 CORONAVIRUS</className></classificationItem><classificationItem score="78"><classCode>ST00097CI</classCode><className>HEALTH DEPARTMENTS</className></classificationItem><classificationItem score="78"><classCode>STX001493</classCode><className>RETIREMENT &amp; RETIREES</className></classificationItem><classificationItem score="77"><classCode>STX002111</classCode><className>PNEUMONIA</className></classificationItem><classificationItem score="73"><classCode>STX000425</classCode><className>DEATH RATES</className></classificationItem><classificationItem score="72"><classCode>N923120CC</classCode><className>PUBLIC HEALTH ADMINISTRATION</className></classificationItem></classification><classification classificationScheme="industry"><classificationItem score="78"><classCode>ST00097CI</classCode><className>HEALTH DEPARTMENTS</className></classificationItem></classification><classification classificationScheme="state"><classificationItem score="79"><classCode>GS162</classCode><className>VIRGINIA, USA</className></classificationItem></classification><classification classificationScheme="country"><classificationItem score="90"><classCode>GC302</classCode><className>CHINA</className></classificationItem></classification></classificationGroup></metadata></articleDoc></content></entry>