<entry xmlns="http://www.w3.org/2005/Atom"><id>urn:contentItem:61F5-HRR1-JDJN-60WG-00000-00</id><title>US judge blocks Trump on visas</title><published>2021-04-15T18:04:57Z</published><updated>2021-04-15T18:04:57Z</updated><author><name>LexisNexis</name></author><content type="application/xml"><!--Transformation version 1.25--><articleDoc xmlns="" xmlns:xsi="http://www.w3.org/2001/XMLSchema-instance" xsi:noNamespaceSchemaLocation="http://www.lexisnexis.com/xmlschemas/content/public/articledoc/1/" schemaVersion="1.8" xml:lang="en"><articleDocHead><itemInfo/></articleDocHead><nitf:body xmlns:nitf="http://iptc.org/std/NITF/2006-10-18/"><nitf:body.head><nitf:hedline><nitf:hl1>US judge blocks Trump on visas</nitf:hl1></nitf:hedline><nitf:byline><author><person><nameText>chinadaily.com.cn</nameText></person></author></nitf:byline></nitf:body.head><nitf:body.content><bodyText><p nitf:lede="true">A federal judge in California has blocked two regulations proposed by the Trump administration to restrict H-1B visas for foreign high-skilled workers. [Photo/Agencies]</p><p nitf:lede="true">A federal judge in California has blocked two regulations proposed by the Trump administration to restrict H-1B visas for foreign high-skilled workers, which was praised by tech industry and immigrant advocates as "a major win".</p><p nitf:lede="true">The planned restrictions announced in October include reducing the occupations eligible for H-1B visas, slashing the duration from three years to one year and increasing minimum H1-B salaries to as much as $208,000 a year.</p><p>The government claimed its goal was to protect American jobs amid the COVID-19 pandemic. The rules issued by the Homeland Security Department was set to go into effect on Dec 7; the other one by the Labor Department had been in effect since October.</p><p>The judge set aside both rules on Tuesday after having found no "good cause" for the hurried adoption without public notice and comment.</p><p>"The lack of notice and review has been a common theme in these rulings. The courts can readily strike down rules on this basis alone, though some businesses and individuals were impacted by the DOL (Department of Labor) ruling that went into immediate effect," said Julie Pearl, a San Francisco-based legal tech expert, in an email.</p><p>"The irony in the Trump administration's claim that these rulings were to protect the economy is that they would have the opposite impact. Artificially requiring an employer to pay an entry-level base salary of $127,000 – when the market rate is $88,000 – simply causes that employer to either look offshore or go without the needed talent," said Pearl. "And it is unfair to the US citizens who are paid the market rate, if the job manages to stay in the US."</p><p>Business associations and educational institutions, such as the Bay Area Council and Stanford University, also criticized the new rules as counterproductive.</p><p>"This is a major win for our economy and for our ability to recover from the worst downturn in generations," said Jim Wunderman, CEO of the Bay Area Council, in a statement.</p><p>"H-1B workers fill an important need in our economy and provide immense benefits not only to the companies they work for but the communities where they live. Many of the leading and fastest-growing technology companies in the Bay Area have been founded by entrepreneurs from other countries who first came here on visas."</p><p>Pearl echoed his comments, saying that there is "ample evidence" that the H-1B visa workers create jobs rather than take them away.</p><p>"By definition, these are US-based, US-taxpaying jobs. Most employers have learned through the pandemic that they can keep workers abroad at lower cost— without paying the $2,500-plus government H-1B filing fee, plus legal fees. So if they are going to the trouble to hire an H-1B worker, it's because there are typically at least eight US workers who are also needed stateside," she said.</p><p>Based on her 20-year experience of running a corporate immigration law firm, Pearl said the average client company had less than 7 percent of the workforce in H-1B visa status. "Since 14 percent of people legally in the US are foreign-born, that number makes sense for employers who don't discriminate based on national origin," she said.</p><p>The Trump administration has been cracking down on immigration, including the H-1B visa program, in recent years. In a separate order, President Donald Trump barred all issuance of H-1B visas in June. The order triggered a string of lawsuits filed by a diverse set of parties, including the US Chamber of Commerce, the National Association of Manufacturers, and the National Retail Federation. The ban was lifted in October by the same judge who blocked the two new rules on Tuesday.</p><p>"These rules were another rushed attempt by the Trump Administration to restrict legal immigration," said Todd Schulte, president of the immigrant-advocacy group FWD.us, in a statement following Tuesday's ruling.</p><p>"If implemented, they would be deeply harmful to both American families and our nation's global competitiveness by imposing obligations completely disconnected from real world labor markets.'</p></bodyText></nitf:body.content></nitf:body><metadata><dc:metadata xmlns:dc="http://purl.org/dc/elements/1.1/"><dc:identifier identifierScheme="DOC-ID">CHIDUS-192188383</dc:identifier><dc:source sourceScheme="royaltyReportingKey">CHIDUS2020</dc:source><dc:identifier identifierScheme="PGUID">urn:contentItem:61F5-HRR1-JDJN-60WG-00000-00</dc:identifier><dc:source sourceScheme="productContentSetIdentifier">411374</dc:source><dc:date dateType="last-updated">2020-12-03</dc:date></dc:metadata><wordCount number="698"/><publicationInfo><copyright>Copyright 2020 China Daily Information. Provided by Syndigate Media Inc. All Rights Reserved</copyright><publicationName>China Daily - US Edition</publicationName><publicationLogo><logo><inlineObject><locator><locatorKey><keyName name="object-key"/><keyValue value="26125"/></locatorKey><locatorParameters><parameter name="object-type" value="201"/><parameter name="object-smi" value="LOGOS"/><parameter name="componentseq" value="1"/></locatorParameters></locator></inlineObject></logo></publicationLogo><publicationDate day="03" month="12" year="2020"><dateText>December 3, 2020 Thursday</dateText></publicationDate><classification classificationScheme="publicationtype"><classificationItem><className>Newspaper</className></classificationItem></classification><classification classificationScheme="publicationtype"><classificationItem><className>Newspapers</className></classificationItem></classification></publicationInfo><classification classificationScheme="language"><classificationItem classificationScheme="lang.english"><className>ENGLISH</className></classificationItem></classification><classificationGroup classificationScheme="indexing-terms"><classification classificationScheme="legal"><classificationItem score="99"><className>Immigration Law</className><classCode>Z3VpZD11cm46dG9waWM6QUI4OEMwN0ExMjQ4NDFBQjkyQTU0NzQzNkM0QUZGRTk7cGFyZW50Z3VpZD0</classCode><classificationItem score="99"><className>Issuance of Visas</className><classCode>Z3VpZD11cm46dG9waWM6Mzg4RUQxNkU4QUZBNEJGNEE1NkFBMDk1QzEzMTE0QzU7cGFyZW50Z3VpZD11cm46dG9waWM6QkM5NTNBQjk2MUM3NDBCQ0E1NEU3MDI4QkY4NEVBNzA</classCode></classificationItem><classificationItem score="93"><className>Temporary Workers (H Visas)</className><classCode>Z3VpZD11cm46dG9waWM6NjUyMjMwMzBEMkE5NEMxOUFDQzhBMzEwRkI4NTREMDU7cGFyZW50Z3VpZD11cm46dG9waWM6RUM5REQzQTlCRjlDNDkwOEFEQTFDQURFOEI3OUJCNzY</classCode></classificationItem></classificationItem></classification><classification classificationScheme="subject"><classificationItem score="99"><classCode>STX001299</classCode><className>PASSPORTS &amp; VISAS</className></classificationItem><classificationItem score="93"><classCode>STX000984</classCode><className>JUDGES</className></classificationItem><classificationItem score="91"><classCode>ST00097YR</classCode><className>EMPLOYMENT VISAS</className></classificationItem><classificationItem score="90"><classCode>STX000688</classCode><className>FACTORY WORKERS</className></classificationItem><classificationItem score="90"><classCode>STX000750</classCode><className>FOREIGN LABOR</className></classificationItem><classificationItem score="90"><classCode>ST00097CK</classCode><className>LABOR DEPARTMENTS</className></classificationItem><classificationItem score="89"><classCode>STX000037</classCode><className>AGENCY RULEMAKING</className></classificationItem><classificationItem score="89"><classCode>STX001813</classCode><className>WAGES &amp; SALARIES</className></classificationItem><classificationItem score="78"><classCode>ST0009HPF</classCode><className>EDUCATION SYSTEMS &amp; INSTITUTIONS</className></classificationItem><classificationItem score="78"><classCode>STX000608</classCode><className>EMPLOYMENT GROWTH</className></classificationItem><classificationItem score="78"><classCode>STX000887</classCode><className>IMMIGRATION</className></classificationItem><classificationItem score="78"><classCode>ST000DP7C</classCode><className>LEGAL NOTICES</className></classificationItem><classificationItem score="78"><classCode>STX001429</classCode><className>PUBLIC HEARINGS</className></classificationItem><classificationItem score="76"><classCode>N813910MM</classCode><className>BUSINESS &amp; PROFESSIONAL ASSOCIATIONS</className></classificationItem><classificationItem score="73"><classCode>ST0009SPQ</classCode><className>COMPANY LISTS &amp; RANKINGS</className></classificationItem><classificationItem score="73"><classCode>STX000980</classCode><className>JOB CREATION</className></classificationItem><classificationItem score="73"><classCode>ST0008X5W</classCode><className>SPECIAL INVESTIGATIVE FORCES</className></classificationItem><classificationItem score="70"><classCode>STX000629</classCode><className>ENTREPRENEURSHIP</className></classificationItem><classificationItem score="69"><classCode>ST000DQGE</classCode><className>COVID CORONAVIRUS</className></classificationItem><classificationItem score="69"><classCode>ST000DOTH</classCode><className>COVID-19 CORONAVIRUS</className></classificationItem><classificationItem score="69"><classCode>STX000912</classCode><className>INFECTIOUS DISEASE</className></classificationItem><classificationItem score="69"><classCode>ST000DOXW</classCode><className>PANDEMICS</className></classificationItem><classificationItem score="66"><classCode>ST000A7IS</classCode><className>ASSOCIATIONS &amp; ORGANIZATIONS</className></classificationItem><classificationItem score="61"><classCode>ST000D1BY</classCode><className>EXECUTIVES</className></classificationItem><classificationItem score="54"><classCode>STX001996</classCode><className>NATIONAL SECURITY</className></classificationItem></classification><classification classificationScheme="industry"><classificationItem score="99"><classCode>STX001299</classCode><className>PASSPORTS &amp; VISAS</className></classificationItem><classificationItem score="91"><classCode>ST00097YR</classCode><className>EMPLOYMENT VISAS</className></classificationItem><classificationItem score="90"><classCode>STX000688</classCode><className>FACTORY WORKERS</className></classificationItem><classificationItem score="78"><classCode>ST0009HPF</classCode><className>EDUCATION SYSTEMS &amp; INSTITUTIONS</className></classificationItem><classificationItem score="76"><classCode>N610000CC</classCode><className>EDUCATIONAL SERVICES</className></classificationItem></classification><classification classificationScheme="city"><classificationItem score="90"><classCode>ST0009UE1</classCode><className>SAN FRANCISCO BAY AREA, CA, USA</className></classificationItem><classificationItem score="79"><classCode>GX513</classCode><className>SAN FRANCISCO, CA, USA</className></classificationItem></classification><classification classificationScheme="state"><classificationItem score="93"><classCode>GS120</classCode><className>CALIFORNIA, USA</className></classificationItem></classification><classification classificationScheme="country"><classificationItem score="93"><classCode>GC302</classCode><className>CHINA</className></classificationItem><classificationItem score="93"><classCode>GC343</classCode><className>UNITED STATES</className></classificationItem></classification></classificationGroup></metadata></articleDoc></content></entry>