<entry xmlns="http://www.w3.org/2005/Atom"><id>urn:contentItem:600N-JMR1-F11P-X1YK-00000-00</id><title>US condemned for misleading world</title><published>2021-04-15T18:04:57Z</published><updated>2021-04-15T18:04:57Z</updated><author><name>LexisNexis</name></author><content type="application/xml"><!--Transformation version 1.25--><articleDoc xmlns="" xmlns:xsi="http://www.w3.org/2001/XMLSchema-instance" xsi:noNamespaceSchemaLocation="http://www.lexisnexis.com/xmlschemas/content/public/articledoc/1/" schemaVersion="1.8" xml:lang="en"><articleDocHead><itemInfo/></articleDocHead><nitf:body xmlns:nitf="http://iptc.org/std/NITF/2006-10-18/"><nitf:body.head><nitf:hedline><nitf:hl1>US condemned for misleading world</nitf:hl1></nitf:hedline></nitf:body.head><nitf:body.content><bodyText><p nitf:lede="true">Attempts by the United States to distract attention from its incompetence during the COVID-19 pandemic by blaming China and the World Health Organization are baseless, unhelpful and cannot fool the international community, said members of China's top political advisory body.</p><p>On May 13, US senators introduced the COVID-19 Accountability Act, accusing China of mishandling the outbreak and withholding information that resulted in the dire situation in the US. The act would enable US President Donald Trump to impose new sanctions on China and ask for compensation.</p><p>Some US politicians have frequently claimed that Wuhan in Hubei province is the origin of the novel coronavirus, or that the virus was made in the biosafety level 4 lab, also known as the P4 lab, of the Wuhan Institute of Virology. President Trump has also accused the WHO of colluding with China and recently threatened to cut its US funding permanently and even quit the organization.</p><p>China Daily interviewed several prominent members of the 13th National Committee of the Chinese People's Political Consultative Conference to share their views on the situation. The following are excerpts from these interviews:</p><p>Huang Luqi, president of the China Academy of Chinese Medical Sciences, member of the CPPCC National Committee. [Photo/China Daily]</p><p>Accusations are baseless</p><p>Huang Luqi, president of the China Academy of Chinese Medical Sciences, member of the CPPCC National Committee</p><p>The accusations by the US are completely baseless. I was one of the first doctors to arrive in Wuhan when the epidemic started. I know that, on Dec 31, the local health authority had already issued a statement on the cases of atypical pneumonia. On Jan 3, China provided updates of the situation to the WHO, the US and other countries, as well as to regions such as Hong Kong, Macao and Taiwan.</p><p>China has promptly published its information in an honest, transparent and responsible fashion. The New York Times reported that most coronavirus cases in New York City came from Europe. Data from several major provinces in Canada showed that their cases came from US travelers. Australia's health department data said the nation's ratio of imported cases from Northeast Asia was very low.</p><p>When I have discussed the COVID-19 situation with US counterparts, they are willing to speak with me and respect objective facts. Now it is some US politicians who are blaming China, hoping to shift their responsibility to appease their voters and the stock market.</p></bodyText></nitf:body.content></nitf:body><metadata><dc:metadata xmlns:dc="http://purl.org/dc/elements/1.1/"><dc:identifier identifierScheme="DOC-ID">CHIDUS-175490542</dc:identifier><dc:source sourceScheme="royaltyReportingKey">CHIDUS2020</dc:source><dc:identifier identifierScheme="PGUID">urn:contentItem:600N-JMR1-F11P-X1YK-00000-00</dc:identifier><dc:source sourceScheme="productContentSetIdentifier">411374</dc:source><dc:date dateType="last-updated">2020-05-27</dc:date></dc:metadata><wordCount number="415"/><publicationInfo><copyright>Copyright 2020 China Daily Information. Provided by Syndigate Media Inc. All Rights Reserved</copyright><publicationName>China Daily - US Edition</publicationName><publicationLogo><logo><inlineObject><locator><locatorKey><keyName name="object-key"/><keyValue value="26125"/></locatorKey><locatorParameters><parameter name="object-type" value="201"/><parameter name="object-smi" value="LOGOS"/><parameter name="componentseq" value="1"/></locatorParameters></locator></inlineObject></logo></publicationLogo><publicationDate day="27" month="05" year="2020"><dateText>May 27, 2020 Wednesday</dateText></publicationDate><classification classificationScheme="publicationtype"><classificationItem><className>Newspaper</className></classificationItem></classification><classification classificationScheme="publicationtype"><classificationItem><className>Newspapers</className></classificationItem></classification></publicationInfo><classification classificationScheme="language"><classificationItem classificationScheme="lang.english"><className>ENGLISH</className></classificationItem></classification><classificationGroup classificationScheme="indexing-terms"><classification classificationScheme="subject"><classificationItem score="90"><classCode>ST000A7IS</classCode><className>ASSOCIATIONS &amp; ORGANIZATIONS</className></classificationItem><classificationItem score="90"><classCode>ST000DOTH</classCode><className>COVID-19 CORONAVIRUS</className></classificationItem><classificationItem score="90"><classCode>STX002064</classCode><className>EPIDEMICS</className></classificationItem><classificationItem score="90"><classCode>STX000912</classCode><className>INFECTIOUS DISEASE</className></classificationItem><classificationItem score="90"><classCode>ST0009FJK</classCode><className>NEGATIVE PERSONAL NEWS</className></classificationItem><classificationItem score="90"><classCode>ST000DOXW</classCode><className>PANDEMICS</className></classificationItem><classificationItem score="90"><classCode>STX001880</classCode><className>PUBLIC HEALTH</className></classificationItem><classificationItem score="90"><classCode>N923120CC</classCode><className>PUBLIC HEALTH ADMINISTRATION</className></classificationItem><classificationItem score="90"><classCode>ST00097CV</classCode><className>UNITED NATIONS INSTITUTIONS</className></classificationItem><classificationItem score="89"><classCode>ST000DOTY</classCode><className>CORONAVIRUSES</className></classificationItem><classificationItem score="89"><classCode>ST00097CI</classCode><className>HEALTH DEPARTMENTS</className></classificationItem><classificationItem score="89"><classCode>STX001346</classCode><className>POLITICS</className></classificationItem><classificationItem score="89"><classCode>ST000CFFM</classCode><className>VIROLOGY</className></classificationItem><classificationItem score="89"><classCode>STX002145</classCode><className>VIRUSES</className></classificationItem><classificationItem score="78"><classCode>STX000511</classCode><className>DISEASES &amp; DISORDERS</className></classificationItem><classificationItem score="78"><classCode>ST0008ZF6</classCode><className>INTERVIEWS</className></classificationItem><classificationItem score="78"><classCode>ST0009EVP</classCode><className>MEDICAL SCIENCE</className></classificationItem><classificationItem score="78"><classCode>ST0009EVK</classCode><className>MEDICINE &amp; HEALTH</className></classificationItem><classificationItem score="78"><classCode>N813940GM</classCode><className>POLITICAL ORGANIZATIONS</className></classificationItem><classificationItem score="78"><classCode>STX001762</classCode><className>TROPICAL MEDICINE</className></classificationItem><classificationItem score="78"><classCode>N921110MM</classCode><className>US PRESIDENTS</className></classificationItem><classificationItem score="77"><classCode>STX000950</classCode><className>INTERNATIONAL RELATIONS</className></classificationItem><classificationItem score="76"><classCode>ST000D0UY</classCode><className>US PRESIDENTIAL CANDIDATES 2012</className></classificationItem><classificationItem score="76"><classCode>ST000DF5U</classCode><className>US PRESIDENTIAL CANDIDATES 2016</className></classificationItem><classificationItem score="76"><classCode>ST000DNV7</classCode><className>US PRESIDENTIAL CANDIDATES 2020</className></classificationItem><classificationItem score="73"><classCode>STX002111</classCode><className>PNEUMONIA</className></classificationItem><classificationItem score="73"><classCode>ST000DA1D</classCode><className>US CONGRESS</className></classificationItem><classificationItem score="72"><classCode>ST000DLOJ</classCode><className>GOVERNMENT ADVISORS &amp; MINISTERS</className></classificationItem><classificationItem score="72"><classCode>STX001481</classCode><className>RESPIRATORY DISEASE</className></classificationItem><classificationItem score="69"><classCode>ST000DDEW</classCode><className>MICROBIOLOGY</className></classificationItem></classification><classification classificationScheme="industry"><classificationItem score="89"><classCode>ST00097CI</classCode><className>HEALTH DEPARTMENTS</className></classificationItem><classificationItem score="89"><classCode>ST000CFFM</classCode><className>VIROLOGY</className></classificationItem><classificationItem score="78"><classCode>STX001762</classCode><className>TROPICAL MEDICINE</className></classificationItem></classification><classification classificationScheme="person"><classificationItem score="75"><classCode>PE0009THX</classCode><className>DONALD TRUMP</className></classificationItem></classification><classification classificationScheme="city"><classificationItem score="93"><classCode>GX075</classCode><className>WUHAN, HUBEI, CHINA</className></classificationItem><classificationItem score="76"><classCode>GX601</classCode><className>NEW YORK, NY, USA</className></classificationItem></classification><classification classificationScheme="state"><classificationItem score="92"><classCode>GR201</classCode><className>CENTRAL CHINA</className></classificationItem><classificationItem score="79"><classCode>GS033</classCode><className>HUBEI, CHINA</className></classificationItem><classificationItem score="79"><classCode>GS148</classCode><className>NEW YORK, USA</className></classificationItem></classification><classification classificationScheme="country"><classificationItem score="98"><classCode>GC302</classCode><className>CHINA</className></classificationItem><classificationItem score="95"><classCode>GC343</classCode><className>UNITED STATES</className></classificationItem><classificationItem score="79"><classCode>GT113</classCode><className>ASIA</className></classificationItem><classificationItem score="79"><classCode>GC301</classCode><className>AUSTRALIA</className></classificationItem><classificationItem score="79"><classCode>GC339</classCode><className>CANADA</className></classificationItem><classificationItem score="79"><classCode>GC303</classCode><className>HONG KONG</className></classificationItem><classificationItem score="79"><classCode>GC591</classCode><className>MACAO</className></classificationItem><classificationItem score="79"><classCode>GC312</classCode><className>TAIWAN</className></classificationItem></classification></classificationGroup></metadata></articleDoc></content></entry>