<entry xmlns="http://www.w3.org/2005/Atom"><id>urn:contentItem:60DK-XV51-F11P-X38G-00000-00</id><title>Rebound sought for Ecuador shrimps</title><published>2021-04-15T18:04:57Z</published><updated>2021-04-15T18:04:57Z</updated><author><name>LexisNexis</name></author><content type="application/xml"><!--Transformation version 1.25--><articleDoc xmlns="" xmlns:xsi="http://www.w3.org/2001/XMLSchema-instance" xsi:noNamespaceSchemaLocation="http://www.lexisnexis.com/xmlschemas/content/public/articledoc/1/" schemaVersion="1.8" xml:lang="en"><articleDocHead><itemInfo/></articleDocHead><nitf:body xmlns:nitf="http://iptc.org/std/NITF/2006-10-18/"><nitf:body.head><nitf:hedline><nitf:hl1>Rebound sought for Ecuador shrimps</nitf:hl1></nitf:hedline></nitf:body.head><nitf:body.content><bodyText><p nitf:lede="true">When Chinese customs officials found traces of the novel coronavirus on the packaging of frozen shrimps from Ecuador, it cast an unwanted spotlight on a key pillar of the country's economy.</p><p nitf:lede="true">But industry insiders express confidence that they can continue to rely on China to help offset the huge drops in sales to Europe and North America during the COVID-19 pandemic. Their optimism has also been boosted by upgrades to hygiene measures.</p><p nitf:lede="true">Maritza Rojo, an independent agricultural economist, said in an interview that "very strict sanitary regulations must be met" for exports of shrimps to China.</p><p>Jose Camposano, executive president of CNA, the national chamber for aquaculture businesses, known by its Spanish acronym, said the Ecuadorian shrimp sector is looking to provide quality assurance to customers around the world.</p><p>The industry is joining a global blockchain initiative that uses QR code technology to track food products from farm to table, no matter what the origin or final destination. The goal is to reassure consumers on safety and quality. No other shrimp industry in the world has joined the initiative yet, Camposano said.</p><p>"We are only weeks away from having customers being able to review the whole traceability of the product," he said. "They will be able to know from which farm it comes, at what working shift it was harvested, where it was packaged, and which routes it took before it arrived at the table."</p><p>The importance of the Chinese market to the South American country's shrimp industry cannot be overstated.</p><p>"China demands shrimps 12 months of the year. Unlike other countries, China demands more shellfish and more seafood," said Rojo, after the General Administration of Customs of China announced the findings on the tainted shipment on July 10.</p><p>In April and May, China purchased 82 percent and 73 percent of Ecuador's shrimp exports, respectively, according to data from the CNA, before the discovery of the packages carrying the virus that leads to COVID-19.</p><p>Camposano said the Chinese market has recovered, but the European market has collapsed.</p><p>Severe toll on industry</p><p>The pandemic took a severe toll on the industry, which relies on sales from hotels, restaurants and catering services for about half of all shrimp sales globally. These are all businesses that were shut down, or are shutting down again, in parts of Europe and the US.</p><p>Camposano said restaurants and hotels used to account for 50 percent of the demand for shrimps, but many did not survive the outbreak. Those that did are now turning to cheaper protein options like chicken, he said.</p><p>In 2019, shrimp exports from Ecuador totaled about 635,000 metric tons, worth $3.9 billion. The sector directly accounts for 4 percent of GDP and, indirectly, for about 12 percent. It generates between 200,000 and 300,000 direct jobs. Over the past seven years, the sector has grown by about 18 percent per year, according to the CNA.</p><p>But producers like Fernando Huerta, an independent shrimp operator with over 30 years' experience, are struggling now. They worry that global prices will plummet along with global demand.</p><p>"The situation is really complex. The challenge is to get to the break-even point," said Huerta, who is from Guayaquil, Ecuador's second-largest city,</p><p>Along with bananas and oil, shrimp production and sales form a key pillar of country's economy. With just 0.8 percent of total production going to domestic consumption, the sector is an important source of economic growth and US dollars, which the country uses domestically.</p><p>Ecuador is also looking to attract more investment in the industry.</p><p>"It is a sector open to explore financing alternatives, because those are large investments," said Camposano.</p><p>"With Ecuador being the second-largest shrimp producer and second-largest shrimp exporter, it has significant investments and an interesting performance, but still, there is much to do."</p><p>Late last year, Ecuador joined the Asian Infrastructure Investment Bank, becoming the first Latin American member of the Chinese-backed initiative. The country hopes its participation in the multilateral development bank will spur investment and help Ecuador enhance its competitiveness.</p><p>The writer is a freelance journalist for China Daily.</p></bodyText></nitf:body.content></nitf:body><metadata><dc:metadata xmlns:dc="http://purl.org/dc/elements/1.1/"><dc:identifier identifierScheme="DOC-ID">CHIDUS-180234890</dc:identifier><dc:source sourceScheme="royaltyReportingKey">CHIDUS2020</dc:source><dc:identifier identifierScheme="PGUID">urn:contentItem:60DK-XV51-F11P-X38G-00000-00</dc:identifier><dc:source sourceScheme="productContentSetIdentifier">411374</dc:source><dc:date dateType="last-updated">2020-07-22</dc:date></dc:metadata><wordCount number="704"/><publicationInfo><copyright>Copyright 2020 China Daily Information. Provided by Syndigate Media Inc. All Rights Reserved</copyright><publicationName>China Daily - US Edition</publicationName><publicationLogo><logo><inlineObject><locator><locatorKey><keyName name="object-key"/><keyValue value="26125"/></locatorKey><locatorParameters><parameter name="object-type" value="201"/><parameter name="object-smi" value="LOGOS"/><parameter name="componentseq" value="1"/></locatorParameters></locator></inlineObject></logo></publicationLogo><publicationDate day="22" month="07" year="2020"><dateText>July 22, 2020 Wednesday</dateText></publicationDate><classification classificationScheme="publicationtype"><classificationItem><className>Newspaper</className></classificationItem></classification><classification classificationScheme="publicationtype"><classificationItem><className>Newspapers</className></classificationItem></classification></publicationInfo><classification classificationScheme="language"><classificationItem classificationScheme="lang.english"><className>ENGLISH</className></classificationItem></classification><classificationGroup classificationScheme="indexing-terms"><classification classificationScheme="subject"><classificationItem score="90"><classCode>ST000DM8Y</classCode><className>BUSINESS NEWS</className></classificationItem><classificationItem score="90"><classCode>STX000665</classCode><className>EXCISE &amp; CUSTOMS</className></classificationItem><classificationItem score="90"><classCode>STX000912</classCode><className>INFECTIOUS DISEASE</className></classificationItem><classificationItem score="90"><classCode>STX001402</classCode><className>PRODUCT PACKAGING</className></classificationItem><classificationItem score="89"><classCode>ST000DOTY</classCode><className>CORONAVIRUSES</className></classificationItem><classificationItem score="89"><classCode>ST000DOTH</classCode><className>COVID-19 CORONAVIRUS</className></classificationItem><classificationItem score="89"><classCode>ST000D5QZ</classCode><className>CRUSTACEANS</className></classificationItem><classificationItem score="89"><classCode>STX001937</classCode><className>ECONOMY &amp; ECONOMIC INDICATORS</className></classificationItem><classificationItem score="89"><classCode>STX002064</classCode><className>EPIDEMICS</className></classificationItem><classificationItem score="89"><classCode>ST000DHMK</classCode><className>FOOD EXPORTS &amp; IMPORTS</className></classificationItem><classificationItem score="89"><classCode>ST000DOXW</classCode><className>PANDEMICS</className></classificationItem><classificationItem score="89"><classCode>STX002145</classCode><className>VIRUSES</className></classificationItem><classificationItem score="78"><classCode>STX000743</classCode><className>FOOD PACKAGING</className></classificationItem><classificationItem score="78"><classCode>ST0008ZF6</classCode><className>INTERVIEWS</className></classificationItem><classificationItem score="77"><classCode>ST000DJQC</classCode><className>CONSUMERS</className></classificationItem><classificationItem score="77"><classCode>STX000816</classCode><className>GROSS DOMESTIC PRODUCT</className></classificationItem><classificationItem score="72"><classCode>ST000DLA3</classCode><className>ECONOMICS</className></classificationItem><classificationItem score="68"><classCode>ST000DN32</classCode><className>BLOCKCHAIN</className></classificationItem></classification><classification classificationScheme="industry"><classificationItem score="90"><classCode>STX001402</classCode><className>PRODUCT PACKAGING</className></classificationItem><classificationItem score="89"><classCode>ST0009FTL</classCode><className>COMMERCIAL FISHING TRADE</className></classificationItem><classificationItem score="89"><classCode>ST00097FG</classCode><className>FISH &amp; SEAFOOD</className></classificationItem><classificationItem score="89"><classCode>ST000DHMK</classCode><className>FOOD EXPORTS &amp; IMPORTS</className></classificationItem><classificationItem score="89"><classCode>STX001482</classCode><className>RESTAURANTS</className></classificationItem><classificationItem score="78"><classCode>STX001902</classCode><className>FOOD &amp; BEVERAGE</className></classificationItem><classificationItem score="78"><classCode>STX001903</classCode><className>FOOD INDUSTRY</className></classificationItem><classificationItem score="78"><classCode>STX000743</classCode><className>FOOD PACKAGING</className></classificationItem><classificationItem score="78"><classCode>ST0009SWJ</classCode></classificationItem><classificationItem score="76"><classCode>N722320MM</classCode><className>CATERING SERVICES</className></classificationItem><classificationItem score="74"><classCode>N112500CC</classCode><className>ANIMAL AQUACULTURE</className></classificationItem><classificationItem score="73"><classCode>ST0008X81</classCode><className>AQUACULTURE</className></classificationItem><classificationItem score="68"><classCode>ST000DN32</classCode><className>BLOCKCHAIN</className></classificationItem><classificationItem score="60"><classCode>N721110GM</classCode><className>HOTELS &amp; MOTELS</className></classificationItem></classification><classification classificationScheme="country"><classificationItem score="99"><classCode>GC302</classCode><className>CHINA</className></classificationItem><classificationItem score="94"><classCode>GC347</classCode><className>ECUADOR</className></classificationItem><classificationItem score="93"><classCode>GT115</classCode><className>EUROPE</className></classificationItem><classificationItem score="79"><classCode>GR120</classCode><className>NORTH AMERICA</className></classificationItem><classificationItem score="79"><classCode>GR122</classCode><className>SOUTH AMERICA</className></classificationItem><classificationItem score="79"><classCode>GC343</classCode><className>UNITED STATES</className></classificationItem></classification></classificationGroup></metadata></articleDoc></content></entry>