<entry xmlns="http://www.w3.org/2005/Atom"><id>urn:contentItem:5YV5-HBC1-JDJN-62KV-00000-00</id><title>Top US general says "we don't know" where coronavirus originated</title><published>2021-04-15T18:04:57Z</published><updated>2021-04-15T18:04:57Z</updated><author><name>LexisNexis</name></author><content type="application/xml"><!--Transformation version 1.25--><articleDoc xmlns="" xmlns:xsi="http://www.w3.org/2001/XMLSchema-instance" xsi:noNamespaceSchemaLocation="http://www.lexisnexis.com/xmlschemas/content/public/articledoc/1/" schemaVersion="1.8" xml:lang="en"><articleDocHead><itemInfo/></articleDocHead><nitf:body xmlns:nitf="http://iptc.org/std/NITF/2006-10-18/"><nitf:body.head><nitf:hedline><nitf:hl1>Top US general says "we don't know" where coronavirus originated</nitf:hl1></nitf:hedline></nitf:body.head><nitf:body.content><bodyText><p nitf:lede="true">Chairman of the Joint Chiefs of Staff US Army Gen. Mark Milley describes how he cuts his own hair as he and Defense Secretary Mark Esper hold a news conference at the Pentagon in Arlington, Virginia, US, April 14, 2020. [Photo/Agencies]</p><p>WASHINGTON - Chairman of the US Joint Chiefs of Staff Mark Milley said on Tuesday that "we don't know" where the coronavirus originated.</p><p>"Did it come out of the virology lab in Wuhan, did it occur in the wet market there in Wuhan or did it occur somewhere else? And the answer to that is we don't know," the top US military officer told reporters in a Pentagon briefing when asked about the origin of COVID-19.</p><p>"Various agencies both civilian and US government are looking at that," he added.</p><p>Milley said that the weight of evidence indicated the coronavirus was "natural and not manmade" and was "probably not intentional."</p><p>Anthony Fauci, director of the National Institute of Allergy and Infectious Diseases, also noted in his Monday interview with National Geographic that SARS-CoV-2, the virus that causes COVID-19, could not have been artificially or deliberately manipulated.</p><p>Asked about the possibility that the virus was found outside the lab, then brought back and escaped, Fauci said, "That means it (virus) was in the wild to begin with."</p><p>"That's why I don't get what they're talking about (and) why I don't spend a lot of time going in on this circular argument," he said.</p><p>The remarks of Milley and Fauci were in stark contrast to the claim made by US Secretary of State Mike Pompeo on Sunday that "there is a significant amount of evidence" that the virus came from a lab in Wuhan.</p><p>US media reported last week that some US intelligence analysts had expressed concern that senior Trump administration officials' pressure to link the coronavirus with a Chinese lab will distort assessments about the virus and they could be used as a political weapon.</p><p>As COVID-19 deaths continue to increase in the United States, some individuals in the Trump administration have tried desperately to deflect criticisms about their blunders by blaming others.</p><p>As of Tuesday afternoon, the United States reported more than 1,194,000 COVID-19 cases with over 70,000 deaths, according to the Center for Systems Science and Engineering at Johns Hopkins University.</p></bodyText></nitf:body.content></nitf:body><metadata><dc:metadata xmlns:dc="http://purl.org/dc/elements/1.1/"><dc:identifier identifierScheme="DOC-ID">CHIDUS-173843723</dc:identifier><dc:source sourceScheme="royaltyReportingKey">CHIDUS2020</dc:source><dc:identifier identifierScheme="PGUID">urn:contentItem:5YV5-HBC1-JDJN-62KV-00000-00</dc:identifier><dc:source sourceScheme="productContentSetIdentifier">411374</dc:source><dc:date dateType="last-updated">2020-05-06</dc:date></dc:metadata><wordCount number="380"/><publicationInfo><copyright>Copyright 2020 China Daily Information. Provided by Syndigate Media Inc. All Rights Reserved</copyright><publicationName>China Daily - US Edition</publicationName><publicationLogo><logo><inlineObject><locator><locatorKey><keyName name="object-key"/><keyValue value="26125"/></locatorKey><locatorParameters><parameter name="object-type" value="201"/><parameter name="object-smi" value="LOGOS"/><parameter name="componentseq" value="1"/></locatorParameters></locator></inlineObject></logo></publicationLogo><publicationDate day="06" month="05" year="2020"><dateText>May 6, 2020 Wednesday</dateText></publicationDate><classification classificationScheme="publicationtype"><classificationItem><className>Newspaper</className></classificationItem></classification><classification classificationScheme="publicationtype"><classificationItem><className>Newspapers</className></classificationItem></classification></publicationInfo><classification classificationScheme="language"><classificationItem classificationScheme="lang.english"><className>ENGLISH</className></classificationItem></classification><classificationGroup classificationScheme="indexing-terms"><classification classificationScheme="subject"><classificationItem score="94"><classCode>STX002145</classCode><className>VIRUSES</className></classificationItem><classificationItem score="92"><classCode>ST000DOTY</classCode><className>CORONAVIRUSES</className></classificationItem><classificationItem score="90"><classCode>N928110MM</classCode><className>ARMED FORCES</className></classificationItem><classificationItem score="90"><classCode>ST00097CN</classCode><className>ARMIES</className></classificationItem><classificationItem score="90"><classCode>ST000DOTH</classCode><className>COVID-19 CORONAVIRUS</className></classificationItem><classificationItem score="90"><classCode>ST00097CP</classCode><className>DEFENSE DEPARTMENTS</className></classificationItem><classificationItem score="90"><classCode>STX000912</classCode><className>INFECTIOUS DISEASE</className></classificationItem><classificationItem score="90"><classCode>ST10244945</classCode><className>US ARMY</className></classificationItem><classificationItem score="89"><classCode>ST000DLOJ</classCode><className>GOVERNMENT ADVISORS &amp; MINISTERS</className></classificationItem><classificationItem score="78"><classCode>ST00096SZ</classCode><className>PRESS CONFERENCES</className></classificationItem><classificationItem score="78"><classCode>N921100MM</classCode><className>US FEDERAL GOVERNMENT</className></classificationItem><classificationItem score="77"><classCode>ST00097CI</classCode><className>HEALTH DEPARTMENTS</className></classificationItem><classificationItem score="77"><classCode>STX002125</classCode><className>SARS</className></classificationItem><classificationItem score="77"><classCode>ST000CFFM</classCode><className>VIROLOGY</className></classificationItem><classificationItem score="76"><classCode>ST000DDEW</classCode><className>MICROBIOLOGY</className></classificationItem><classificationItem score="76"><classCode>ST0009RLP</classCode><className>RESEARCH INSTITUTES</className></classificationItem><classificationItem score="74"><classCode>ST000DN6R</classCode><className>PUBLIC OFFICIALS</className></classificationItem><classificationItem score="73"><classCode>STX000938</classCode><className>INTELLIGENCE SERVICES</className></classificationItem><classificationItem score="71"><classCode>STX000511</classCode><className>DISEASES &amp; DISORDERS</className></classificationItem><classificationItem score="62"><classCode>STX000622</classCode><className>ENGINEERING</className></classificationItem><classificationItem score="50"><classCode>STX000950</classCode><className>INTERNATIONAL RELATIONS</className></classificationItem></classification><classification classificationScheme="industry"><classificationItem score="90"><classCode>N928110MM</classCode><className>ARMED FORCES</className></classificationItem><classificationItem score="90"><classCode>ST00097CN</classCode><className>ARMIES</className></classificationItem><classificationItem score="90"><classCode>ST00097CP</classCode><className>DEFENSE DEPARTMENTS</className></classificationItem><classificationItem score="90"><classCode>ST10244945</classCode><className>US ARMY</className></classificationItem><classificationItem score="77"><classCode>ST00097CI</classCode><className>HEALTH DEPARTMENTS</className></classificationItem><classificationItem score="77"><classCode>ST000CFFM</classCode><className>VIROLOGY</className></classificationItem><classificationItem score="62"><classCode>STX000622</classCode><className>ENGINEERING</className></classificationItem></classification><classification classificationScheme="person"><classificationItem score="79"><classCode>pe000DP3Z</classCode><className>ANTHONY FAUCI</className></classificationItem><classificationItem score="79"><classCode>PE000CTJ0</classCode><className>MIKE POMPEO</className></classificationItem><classificationItem score="73"><classCode>PE000DO2J</classCode><className>MARK ESPER</className></classificationItem></classification><classification classificationScheme="state"><classificationItem score="90"><classCode>GR201</classCode><className>CENTRAL CHINA</className></classificationItem><classificationItem score="79"><classCode>GS162</classCode><className>VIRGINIA, USA</className></classificationItem></classification><classification classificationScheme="country"><classificationItem score="96"><classCode>GC343</classCode><className>UNITED STATES</className></classificationItem><classificationItem score="93"><classCode>GC302</classCode><className>CHINA</className></classificationItem></classification></classificationGroup></metadata></articleDoc></content></entry>