<entry xmlns="http://www.w3.org/2005/Atom"><id>urn:contentItem:61GP-0DB1-F11P-X1RX-00000-00</id><title>CDC journal: COVID-19 circulating in Italy in late November</title><published>2021-04-15T18:04:57Z</published><updated>2021-04-15T18:04:57Z</updated><author><name>LexisNexis</name></author><content type="application/xml"><!--Transformation version 1.25--><articleDoc xmlns="" xmlns:xsi="http://www.w3.org/2001/XMLSchema-instance" xsi:noNamespaceSchemaLocation="http://www.lexisnexis.com/xmlschemas/content/public/articledoc/1/" schemaVersion="1.8" xml:lang="en"><articleDocHead><itemInfo/></articleDocHead><nitf:body xmlns:nitf="http://iptc.org/std/NITF/2006-10-18/"><nitf:body.head><nitf:hedline><nitf:hl1>CDC journal: COVID-19 circulating in Italy in late November</nitf:hl1></nitf:hedline><nitf:byline><author><person><nameText>chinadaily.com.cn</nameText></person></author></nitf:byline></nitf:body.head><nitf:body.content><bodyText><p nitf:lede="true">FILE PHOTO: A general view of the Centers for Disease Control and Prevention (CDC) headquarters in Atlanta, Georgia, September 30, 2014. [Photo/Agencies]</p><p nitf:lede="true">Italy identified the novel coronavirus in a patient in early December, researchers said in a new study published by the US Centers for Disease Control and Prevention (CDC), the latest research suggesting that the disease hit Europe earlier than thought.</p><p nitf:lede="true">"We identified severe acute respiratory syndrome coronavirus 2 (SARS-CoV-2) RNA in an oropharyngeal swab specimen collected from a child with suspected measles in early December 2019," Antonella Amendola of the University of Milan and other authors wrote in the CDC's Emerging Infectious Disease journal.</p><p>SARS-CoV-2 is the respiratory virus that causes COVID-19, while RNA, or ribonucleic acid, is a nucleic acid present in all living cells.</p><p>That was about three months before the first identified coronavirus disease case in Italy, they said in an early release of their article in the February 2021 issue of the journal.</p><p>"This finding expands our knowledge on timing and mapping of novel coronavirus transmission pathways," the Italian authors wrote.</p><p>COVID-19 symptoms can appear as early as two days after infection or as late as 14 days, according to the CDC.</p><p>This could mean the coronavirus was circulating in Italy as soon as the end of November 2019, as reported by the Bloomberg on Wednesday, which cited the same research.</p><p>The new study provides further perspective into demystify the origin of COVID-19, as other scientific papers also suggested the novel coronavirus appeared in the United States in mid-December 2019 and in France in late December, before or around the time the virus was officially identified in China.</p><p>China reported cases of what people then called "pneumonia of unknown cause" on Dec 27. The World Health Organization said it received China's official report on the cluster of cases on Jan 3.</p><p>In the Italian case, researchers said the boy, who lived in the surrounding area of Milan and had no reported travel history, had cough and rhinitis on Nov 30 and was taken to the emergency department with respiratory symptoms and vomiting a week later.</p><p>"These findings, in agreement with other evidence of early COVID-19 spread in Europe, advance the beginning of the outbreak to late autumn 2019," the authors noted.</p><p>In France, for example, researchers found the virus in a retrospective analysis of a specimen from a patient who was hospitalized in France on Dec 27, 2019, which was weeks before the first cases were confirmed in France on Jan 24, 2020.</p><p>The Italian researchers pointed out, however, earlier strains also might have been occasionally imported to Italy and other countries in Europe during the late autumn period, but those importations could have been different from the strain that became widespread in Italy during the first months of 2020.</p><p>Italy was the first Western country severely hit by the COVID-19 epidemic, with the first known COVID-19 case reported in the town of Codogno in the Lombardy region on Feb 21.</p><p>However, some evidence suggests that SARS-CoV-2 had been circulating unnoticed for several weeks in Lombardy before the first official detection, according to the CDC journal article.</p><p>Italy logged 499 coronavirus-related deaths on Wednesday, adding the total to more than</p><p>61,7 00 since February, the second-highest toll in Europe after Britain.</p><p>Researchers in the country have never stopped their quest for the exact timeline of the COVID-19 epidemic in Italy.</p><p>Environmental surveillance has "unequivocally" demonstrated the presence of the virus, at concentrations comparable to those obtained from samples collected at later stages of the pandemic, in the untreated wastewater of the Milan area as early as mid-December 2019, according to the article.</p><p>Another research article, published by the National Cancer Institute's scientific magazine Tumori Journalon Nov 11, show that 11.6 percent of 959 healthy volunteers participating in a lung cancer screening trial in Italy between September 2019 and March 2020 had developed coronavirus antibodies.</p><p>Scientists with the US CDC also found evidence of the novel coronavirus infection in 106 of 7,389 blood donations collected from residents in nine states across the US as early as mid-December, according to their study published online in the journal Clinical Infectious Diseaseslast Monday.</p></bodyText></nitf:body.content></nitf:body><metadata><dc:metadata xmlns:dc="http://purl.org/dc/elements/1.1/"><dc:identifier identifierScheme="DOC-ID">CHIDUS-194753802</dc:identifier><dc:source sourceScheme="royaltyReportingKey">CHIDUS2020</dc:source><dc:identifier identifierScheme="PGUID">urn:contentItem:61GP-0DB1-F11P-X1RX-00000-00</dc:identifier><dc:source sourceScheme="productContentSetIdentifier">411374</dc:source><dc:date dateType="last-updated">2020-12-10</dc:date></dc:metadata><wordCount number="732"/><publicationInfo><copyright>Copyright 2020 China Daily Information. Provided by Syndigate Media Inc. All Rights Reserved</copyright><publicationName>China Daily - US Edition</publicationName><publicationLogo><logo><inlineObject><locator><locatorKey><keyName name="object-key"/><keyValue value="26125"/></locatorKey><locatorParameters><parameter name="object-type" value="201"/><parameter name="object-smi" value="LOGOS"/><parameter name="componentseq" value="1"/></locatorParameters></locator></inlineObject></logo></publicationLogo><publicationDate day="10" month="12" year="2020"><dateText>December 10, 2020 Thursday</dateText></publicationDate><classification classificationScheme="publicationtype"><classificationItem><className>Newspaper</className></classificationItem></classification><classification classificationScheme="publicationtype"><classificationItem><className>Newspapers</className></classificationItem></classification></publicationInfo><classification classificationScheme="language"><classificationItem classificationScheme="lang.english"><className>ENGLISH</className></classificationItem></classification><classificationGroup classificationScheme="indexing-terms"><classification classificationScheme="subject"><classificationItem score="99"><classCode>STX001481</classCode><className>RESPIRATORY DISEASE</className></classificationItem><classificationItem score="96"><classCode>STX002145</classCode><className>VIRUSES</className></classificationItem><classificationItem score="95"><classCode>ST000DOTY</classCode><className>CORONAVIRUSES</className></classificationItem><classificationItem score="94"><classCode>ST000DQGE</classCode><className>COVID CORONAVIRUS</className></classificationItem><classificationItem score="94"><classCode>ST000DOTH</classCode><className>COVID-19 CORONAVIRUS</className></classificationItem><classificationItem score="92"><classCode>STX001880</classCode><className>PUBLIC HEALTH</className></classificationItem><classificationItem score="91"><classCode>STX001477</classCode><className>RESEARCH REPORTS</className></classificationItem><classificationItem score="90"><classCode>STX000511</classCode><className>DISEASES &amp; DISORDERS</className></classificationItem><classificationItem score="90"><classCode>STX002233</classCode><className>EPIDEMIOLOGY</className></classificationItem><classificationItem score="90"><classCode>ST00097CI</classCode><className>HEALTH DEPARTMENTS</className></classificationItem><classificationItem score="90"><classCode>STX000912</classCode><className>INFECTIOUS DISEASE</className></classificationItem><classificationItem score="90"><classCode>N923120CC</classCode><className>PUBLIC HEALTH ADMINISTRATION</className></classificationItem><classificationItem score="90"><classCode>STX002125</classCode><className>SARS</className></classificationItem><classificationItem score="90"><classCode>STX001865</classCode><className>WRITERS</className></classificationItem><classificationItem score="89"><classCode>STX002059</classCode><className>DISEASE REPORTING</className></classificationItem><classificationItem score="89"><classCode>N921100MM</classCode><className>US FEDERAL GOVERNMENT</className></classificationItem><classificationItem score="89"><classCode>ST000CFFM</classCode><className>VIROLOGY</className></classificationItem><classificationItem score="78"><classCode>ST000DH0Q</classCode><className>AGREEMENTS</className></classificationItem><classificationItem score="78"><classCode>STX002061</classCode><className>EAR, NOSE &amp; THROAT DISORDERS</className></classificationItem><classificationItem score="78"><classCode>STX002094</classCode><className>MEASLES</className></classificationItem><classificationItem score="77"><classCode>ST0009FY9</classCode><className>EXPERIMENTATION &amp; RESEARCH</className></classificationItem><classificationItem score="76"><classCode>STX002111</classCode><className>PNEUMONIA</className></classificationItem><classificationItem score="69"><classCode>ST0009FYF</classCode><className>LIFE FORMS</className></classificationItem><classificationItem score="61"><classCode>ST00097CV</classCode><className>UNITED NATIONS INSTITUTIONS</className></classificationItem><classificationItem score="50"><classCode>ST000A7IS</classCode><className>ASSOCIATIONS &amp; ORGANIZATIONS</className></classificationItem></classification><classification classificationScheme="industry"><classificationItem score="90"><classCode>STX002233</classCode><className>EPIDEMIOLOGY</className></classificationItem><classificationItem score="90"><classCode>ST00097CI</classCode><className>HEALTH DEPARTMENTS</className></classificationItem><classificationItem score="90"><classCode>STX001865</classCode><className>WRITERS</className></classificationItem><classificationItem score="89"><classCode>ST000CFFM</classCode><className>VIROLOGY</className></classificationItem></classification><classification classificationScheme="city"><classificationItem score="73"><classCode>GX555</classCode><className>ATLANTA, GA, USA</className></classificationItem></classification><classification classificationScheme="state"><classificationItem score="79"><classCode>GS126</classCode><className>GEORGIA, USA</className></classificationItem></classification><classification classificationScheme="country"><classificationItem score="94"><classCode>GC321</classCode><className>ITALY</className></classificationItem><classificationItem score="92"><classCode>GC317</classCode><className>FRANCE</className></classificationItem><classificationItem score="91"><classCode>GC302</classCode><className>CHINA</className></classificationItem><classificationItem score="91"><classCode>GT115</classCode><className>EUROPE</className></classificationItem><classificationItem score="90"><classCode>GC343</classCode><className>UNITED STATES</className></classificationItem></classification></classificationGroup></metadata></articleDoc></content></entry>