<entry xmlns="http://www.w3.org/2005/Atom"><id>urn:contentItem:5YVK-FMX1-F11P-X0BB-00000-00</id><title>Beijing says Pompeo lied about virus' origin</title><published>2021-04-15T18:04:57Z</published><updated>2021-04-15T18:04:57Z</updated><author><name>LexisNexis</name></author><content type="application/xml"><!--Transformation version 1.25--><articleDoc xmlns="" xmlns:xsi="http://www.w3.org/2001/XMLSchema-instance" xsi:noNamespaceSchemaLocation="http://www.lexisnexis.com/xmlschemas/content/public/articledoc/1/" schemaVersion="1.8" xml:lang="en"><articleDocHead><itemInfo/></articleDocHead><nitf:body xmlns:nitf="http://iptc.org/std/NITF/2006-10-18/"><nitf:body.head><nitf:hedline><nitf:hl1>Beijing says Pompeo lied about virus' origin</nitf:hl1></nitf:hedline></nitf:body.head><nitf:body.content><bodyText><p nitf:lede="true">US Secretary of State Mike Pompeo speaks about the coronavirus disease (COVID-19) during a media briefing at the State Department in Washington, US, May 6, 2020. [Photo/Agencies]</p><p>United States Secretary of State Mike Pompeo made incoherent remarks in an interview because he was "making up stories", a Foreign Ministry spokeswoman said on Thursday.</p><p>He was "using lies to cover up lies" and it is no secret, Hua Chunying said at a daily news conference.</p><p>Pompeo said in the interview on Sunday with Martha Raddatz of US-based ABC News that "the best experts so far seem to think" the virus was man-made, and that he has no reason to disbelieve it.</p><p>Raddatz cited a statement from the Office of the Director of National Intelligence on April 30 that says the US Intelligence Community "concurs with the wide scientific consensus that the COVID-19 virus was not man-made or genetically modified".</p><p>Pompeo then said he agreed with the statement, and that he had no reason to believe that the intelligence community got it wrong.</p><p>Without evidence, Pompeo has claimed that the virus originated in a laboratory of the Wuhan Institute of Virology, Hua said on Thursday.</p><p>The lab is a cooperative project between the Chinese and French governments, she said, adding the lab's design, construction and management has strictly followed international standards, and its equipment undergoes third-party testing every year.</p><p>It's the virus that is the enemy of the US, and China and the US should work together to fight the pandemic, Hua said. She confirmed that the Guangxi Zhuang autonomous region has donated medical supplies to the Flying Tiger Historical Organization.</p><p>The donation, made by the region's People's Association for Friendship With Foreign Countries, included 6,000 surgical masks and 4,000 pairs of surgical gloves, Hua said.</p><p>The donation helps carry on the friendship between the Chinese and US people, and comes as a positive response to the support US society has shown in China's fight against COVID-19, Hua said.</p><p>Hua said Chinese customs figures show that China has supplied more than 6.6 billion masks, 344 million pairs of surgical gloves, 44.09 million protective clothing items, 6.75 million pairs of goggles and about 7,500 ventilators to the US from March 1 to Tuesday.</p><p>China hopes the American people will overcome the outbreak soon, and it will continue to do all it can to provide support to countries around the world in tackling the virus, she said.</p></bodyText></nitf:body.content></nitf:body><metadata><dc:metadata xmlns:dc="http://purl.org/dc/elements/1.1/"><dc:identifier identifierScheme="DOC-ID">CHIDUS-174056109</dc:identifier><dc:source sourceScheme="royaltyReportingKey">CHIDUS2020</dc:source><dc:identifier identifierScheme="PGUID">urn:contentItem:5YVK-FMX1-F11P-X0BB-00000-00</dc:identifier><dc:source sourceScheme="productContentSetIdentifier">411374</dc:source><dc:date dateType="last-updated">2020-05-08</dc:date></dc:metadata><wordCount number="408"/><publicationInfo><copyright>Copyright 2020 China Daily Information. Provided by Syndigate Media Inc. All Rights Reserved</copyright><publicationName>China Daily - US Edition</publicationName><publicationLogo><logo><inlineObject><locator><locatorKey><keyName name="object-key"/><keyValue value="26125"/></locatorKey><locatorParameters><parameter name="object-type" value="201"/><parameter name="object-smi" value="LOGOS"/><parameter name="componentseq" value="1"/></locatorParameters></locator></inlineObject></logo></publicationLogo><publicationDate day="08" month="05" year="2020"><dateText>May 8, 2020 Friday</dateText></publicationDate><classification classificationScheme="publicationtype"><classificationItem><className>Newspaper</className></classificationItem></classification><classification classificationScheme="publicationtype"><classificationItem><className>Newspapers</className></classificationItem></classification></publicationInfo><classification classificationScheme="language"><classificationItem classificationScheme="lang.english"><className>ENGLISH</className></classificationItem></classification><classificationGroup classificationScheme="indexing-terms"><classification classificationScheme="subject"><classificationItem score="91"><classCode>N928120MM</classCode><className>STATE DEPARTMENTS &amp; FOREIGN SERVICES</className></classificationItem><classificationItem score="90"><classCode>ST000DOTY</classCode><className>CORONAVIRUSES</className></classificationItem><classificationItem score="90"><classCode>ST000DOTH</classCode><className>COVID-19 CORONAVIRUS</className></classificationItem><classificationItem score="90"><classCode>ST000DLOJ</classCode><className>GOVERNMENT ADVISORS &amp; MINISTERS</className></classificationItem><classificationItem score="90"><classCode>STX000912</classCode><className>INFECTIOUS DISEASE</className></classificationItem><classificationItem score="90"><classCode>STX000938</classCode><className>INTELLIGENCE SERVICES</className></classificationItem><classificationItem score="90"><classCode>ST0008ZF6</classCode><className>INTERVIEWS</className></classificationItem><classificationItem score="90"><classCode>STX002145</classCode><className>VIRUSES</className></classificationItem><classificationItem score="89"><classCode>STX000511</classCode><className>DISEASES &amp; DISORDERS</className></classificationItem><classificationItem score="89"><classCode>ST000DP5A</classCode><className>PERSONAL PROTECTIVE EQUIPMENT</className></classificationItem><classificationItem score="88"><classCode>ST000A7IS</classCode><className>ASSOCIATIONS &amp; ORGANIZATIONS</className></classificationItem><classificationItem score="79"><classCode>STX000950</classCode><className>INTERNATIONAL RELATIONS</className></classificationItem><classificationItem score="78"><classCode>STX002064</classCode><className>EPIDEMICS</className></classificationItem><classificationItem score="78"><classCode>ST00098A0</classCode><className>FOREIGN RELATIONS</className></classificationItem><classificationItem score="78"><classCode>ST0009S9H</classCode><className>MEDICAL CHARITIES</className></classificationItem><classificationItem score="78"><classCode>ST000DDEW</classCode><className>MICROBIOLOGY</className></classificationItem><classificationItem score="78"><classCode>ST000DOXW</classCode><className>PANDEMICS</className></classificationItem><classificationItem score="78"><classCode>ST00096SZ</classCode><className>PRESS CONFERENCES</className></classificationItem><classificationItem score="78"><classCode>STX001880</classCode><className>PUBLIC HEALTH</className></classificationItem><classificationItem score="78"><classCode>ST000CFFM</classCode><className>VIROLOGY</className></classificationItem><classificationItem score="76"><classCode>N928000CC</classCode><className>INTERNATIONAL RELATIONS &amp; NATIONAL SECURITY</className></classificationItem></classification><classification classificationScheme="industry"><classificationItem score="78"><classCode>ST000CFFM</classCode><className>VIROLOGY</className></classificationItem></classification><classification classificationScheme="person"><classificationItem score="92"><classCode>PE000CTJ0</classCode><className>MIKE POMPEO</className></classificationItem></classification><classification classificationScheme="city"><classificationItem score="79"><classCode>GX075</classCode><className>WUHAN, HUBEI, CHINA</className></classificationItem><classificationItem score="59"><classCode>GX071</classCode><className>BEIJING, CHINA</className></classificationItem></classification><classification classificationScheme="state"><classificationItem score="79"><classCode>GR203</classCode><className>NORTH CENTRAL CHINA</className></classificationItem><classificationItem score="79"><classCode>GR206</classCode><className>SOUTH CHINA</className></classificationItem><classificationItem score="74"><classCode>GS027</classCode><className>GUANGXI, CHINA</className></classificationItem></classification><classification classificationScheme="country"><classificationItem score="96"><classCode>GC302</classCode><className>CHINA</className></classificationItem><classificationItem score="94"><classCode>GC343</classCode><className>UNITED STATES</className></classificationItem></classification></classificationGroup></metadata></articleDoc></content></entry>