<entry xmlns="http://www.w3.org/2005/Atom"><id>urn:contentItem:6232-DSB1-JDJN-6352-00000-00</id><title>Amazon area gets relief with Sinovac doses</title><published>2021-04-15T18:04:57Z</published><updated>2021-04-15T18:04:57Z</updated><author><name>LexisNexis</name></author><content type="application/xml"><!--Transformation version 1.25--><articleDoc xmlns="" xmlns:xsi="http://www.w3.org/2001/XMLSchema-instance" xsi:noNamespaceSchemaLocation="http://www.lexisnexis.com/xmlschemas/content/public/articledoc/1/" schemaVersion="1.8" xml:lang="en"><articleDocHead><itemInfo/></articleDocHead><nitf:body xmlns:nitf="http://iptc.org/std/NITF/2006-10-18/"><nitf:body.head><nitf:hedline><nitf:hl1>Amazon area gets relief with Sinovac doses</nitf:hl1></nitf:hedline><nitf:byline><author><person><nameText>China Daily Global</nameText></person></author></nitf:byline></nitf:body.head><nitf:body.content><bodyText><p nitf:lede="true">Indigenous people wait to receive the Sinovac's CoronaVac coronavirus disease (COVID-19) vaccine at Correnteza Village in the Indigenous land Rio Urubu from the ethnicity Mura in the Urubu river banks in Itacoatiara, Amazonas state, Brazil, Feb 13, 2021. [Photo/Agencies]</p><p nitf:lede="true">Experts hope rollout will halt virus from causing more destruction in indigenous communities</p><p>Hit hard by COVID-19, isolated Amazon rainforest communities in Latin America are getting some relief as a Chinese vaccine rollout is expected to keep the pandemic at bay.</p><p>Intensive care units and cemeteries in Amazon cities like Manaus in Brazil and Leticia in Colombia were overwhelmed in recent months as a fresh wave of infections, led by a more contagious Brazil P.1 variant of SARS-CoV-2 that has been wreaking havoc in local communities.</p><p>But things are starting to change as vaccine distribution by China's Sinovac Biotech is offering hope that the pandemic resurgence can be halted in the worst-hit areas.</p><p>Experts noted that Sinovac's CoronaVac offers logistics advantages compared to some vaccines from the West as the Chinese jabs do not require ultra-cold storage chains, making them more suitable for deployment in remote regions.</p><p>CoronaVac can be stored in common refrigerators and does not require ultra-freezing chains, allowing it to be brought to more distant areas, said Carlos Alvarez, national coordinator of COVID-19 studies in Colombia for the World Health Organization.</p><p>"It is an advantage of this vaccine," Alvarez said.</p><p>Sinovac's vaccine is being distributed in the Brazilian Amazon. Alvarez noted that the whole town of Tabatinga, in the border with Colombia, was already immunized with the vaccine.</p><p>Leticia launched its vaccination campaign on Tuesday after the arrival of about 40,000 doses of the vaccine in the city and other jungle areas. Its Vasquez Cobo airport has been closed for weeks to prevent the spread of the P.1 strain to the rest of the country. The city had the highest prevalence rate with almost 60 percent of the population testing positive for SARSCoV-2 antibodies.</p><p>"Given its proximity to Tabatinga and the triple border with Peru and Brazil, which did not make the right containment and mitigation strategy, Leticia has already seen three peaks of the pandemic," said Luis Hernandez, director of the Covida project, an initiative from Los Andes University in Bogota, Colombia, to track the virus.</p><p>In Manaus, capital of Brazil's Amazonas state, the figure for the prevalence rate surpassed 76 percent, according to a study published by Brazilian researchers in mid-January.</p><p>"This unfortunate city has become a sentinel for how natural population immunity could influence future transmission. Events in Manaus reveal what tragedy and harm to society can unfold if this virus is left to run its course," stated the study.</p><p>The city of Manaus is connected by a river to Tabatinga and Leticia about 1,100 kilometers away. It can take 37 hours to get from the border cities to Manaus by boat.</p><p>Despite the distance and complex commute, the P.1 strain and the SARS-CoV-2 virus still spread to Manaus during the first pandemic peak in April and May last year. Manaus cemeteries overflowed with more than 10,500 people succumbing to the virus in the Brazilian state of Amazon. There are more than 301,000 cases of COVID-19 in Amazon.</p><p>Alvarez said getting vaccines for the whole Amazon population and particularly in the Colombian side of the border right away-skipping the national strategy of vaccinating the population by groups starting with healthcare workers and the elderly-is the right choice.</p><p>"Vaccination in the Amazon is very important. From an epidemiologically perspective, it is the right time to do it, given the presence of the P.1 strain in that territory," he said.</p><p>Hernandez from the Covida project agrees.</p><p>"The sooner, the better. Since there will be less chances for the virus to create new strains. If the population does not get vaccinated, there will be more chances of having new strains," he said.</p><p>The challenge of conducting mass-scale vaccinations in the Amazon is enormous, given the jungle conditions and poor infrastructure to navigate its rivers and land.</p><p>"It takes 1.5 hours to get from Leticia to La Chorrera in a single-engine aircraft. By boat, it can be between 15 to 20 days," said Juan Seneray, a nursing technician at the only healthcare center in La Chorrera, a town located near the Igara Parana river. The river is located some 450 kilometers northwest from Leticia.</p><p>Despite being a small and hard-to-reach town with a population of only 3,878, La Chorrera has been deeply affected by the virus and seven people have died from it.</p><p>With the arrival of Sinovac vaccines, there is plenty of hope among the Amazonian population, many of whom are of indigenous origin.</p><p>"Indigenous authorities are working on the vaccination campaign and most members in the community will accept… the jab. We need the vaccines to reach rural areas like ours as soon as possible," Seneray said.</p><p>The writer is a freelance journalist for China Daily.</p></bodyText></nitf:body.content></nitf:body><metadata><dc:metadata xmlns:dc="http://purl.org/dc/elements/1.1/"><dc:identifier identifierScheme="DOC-ID">CHIDUS-201857486</dc:identifier><dc:source sourceScheme="royaltyReportingKey">CHIDUS2021</dc:source><dc:identifier identifierScheme="PGUID">urn:contentItem:6232-DSB1-JDJN-6352-00000-00</dc:identifier><dc:source sourceScheme="productContentSetIdentifier">411374</dc:source><dc:date dateType="last-updated">2021-02-25</dc:date></dc:metadata><wordCount number="841"/><publicationInfo><copyright>Copyright 2021 China Daily Information. Provided by Syndigate Media Inc. All Rights Reserved</copyright><publicationName>China Daily - US Edition</publicationName><publicationLogo><logo><inlineObject><locator><locatorKey><keyName name="object-key"/><keyValue value="26125"/></locatorKey><locatorParameters><parameter name="object-type" value="201"/><parameter name="object-smi" value="LOGOS"/><parameter name="componentseq" value="1"/></locatorParameters></locator></inlineObject></logo></publicationLogo><publicationDate day="25" month="02" year="2021"><dateText>February 25, 2021 Thursday</dateText></publicationDate><classification classificationScheme="publicationtype"><classificationItem><className>Newspaper</className></classificationItem></classification><classification classificationScheme="publicationtype"><classificationItem><className>Newspapers</className></classificationItem></classification></publicationInfo><classification classificationScheme="language"><classificationItem classificationScheme="lang.english"><className>ENGLISH</className></classificationItem></classification><classificationGroup classificationScheme="indexing-terms"><classification classificationScheme="company"><classificationItem score="56"><classCode>CC0009CZC</classCode><className>SINOVAC BIOTECH LTD</className></classificationItem></classification><classification classificationScheme="industry"><classificationItem score="56"><className>NAICS325414 BIOLOGICAL PRODUCT (EXCEPT DIAGNOSTIC) MANUFACTURING</className></classificationItem><classificationItem score="56"><className>SIC2836 BIOLOGICAL PRODUCTS, EXCEPT DIAGNOSTIC SUBSTANCES</className></classificationItem></classification><classification classificationScheme="ticker"><classificationItem score="56"><className>SVA (NASDAQ)</className></classificationItem></classification></classificationGroup><classificationGroup classificationScheme="indexing-terms"><classification classificationScheme="subject"><classificationItem score="92"><classCode>ST000DQGE</classCode><className>COVID CORONAVIRUS</className></classificationItem><classificationItem score="92"><classCode>ST000DOTH</classCode><className>COVID-19 CORONAVIRUS</className></classificationItem><classificationItem score="92"><classCode>STX001785</classCode><className>VACCINES</className></classificationItem><classificationItem score="91"><classCode>ST0008X7K</classCode><className>INDIGENOUS PEOPLES</className></classificationItem><classificationItem score="90"><classCode>ST000DOTY</classCode><className>CORONAVIRUSES</className></classificationItem><classificationItem score="90"><classCode>ST000DQAS</classCode><className>COVID-19 CORONAVIRUS VACCINE</className></classificationItem><classificationItem score="90"><classCode>STX000511</classCode><className>DISEASES &amp; DISORDERS</className></classificationItem><classificationItem score="90"><classCode>STX002064</classCode><className>EPIDEMICS</className></classificationItem><classificationItem score="90"><classCode>STX000912</classCode><className>INFECTIOUS DISEASE</className></classificationItem><classificationItem score="90"><classCode>ST000DOXW</classCode><className>PANDEMICS</className></classificationItem><classificationItem score="90"><classCode>STX001880</classCode><className>PUBLIC HEALTH</className></classificationItem><classificationItem score="90"><classCode>STX001444</classCode><className>RACE &amp; ETHNICITY</className></classificationItem><classificationItem score="90"><classCode>STX002145</classCode><className>VIRUSES</className></classificationItem><classificationItem score="89"><classCode>STX000508</classCode><className>MORBIDITY RATES</className></classificationItem><classificationItem score="78"><classCode>N923120GC</classCode><className>COMMUNICABLE DISEASE CONTROL</className></classificationItem><classificationItem score="78"><classCode>ST00097CI</classCode><className>HEALTH DEPARTMENTS</className></classificationItem><classificationItem score="78"><classCode>N923120CC</classCode><className>PUBLIC HEALTH ADMINISTRATION</className></classificationItem><classificationItem score="78"><classCode>STX001451</classCode><className>RAIN FORESTS</className></classificationItem><classificationItem score="78"><classCode>STX002125</classCode><className>SARS</className></classificationItem><classificationItem score="78"><classCode>STX002144</classCode><className>VACCINATION &amp; IMMUNIZATION</className></classificationItem><classificationItem score="76"><classCode>ST000A7IS</classCode><className>ASSOCIATIONS &amp; ORGANIZATIONS</className></classificationItem><classificationItem score="70"><classCode>ST000A7R7</classCode><className>INTENSIVE CARE UNITS</className></classificationItem><classificationItem score="66"><classCode>STX001477</classCode><className>RESEARCH REPORTS</className></classificationItem><classificationItem score="50"><classCode>ST00097CV</classCode><className>UNITED NATIONS INSTITUTIONS</className></classificationItem></classification><classification classificationScheme="industry"><classificationItem score="92"><classCode>STX001785</classCode><className>VACCINES</className></classificationItem><classificationItem score="90"><classCode>ST000DQAS</classCode><className>COVID-19 CORONAVIRUS VACCINE</className></classificationItem><classificationItem score="90"><classCode>STX002014</classCode><className>MANUFACTURING</className></classificationItem><classificationItem score="90"><classCode>STX001911</classCode><className>PHARMACEUTICALS &amp; BIOTECHNOLOGY</className></classificationItem><classificationItem score="89"><classCode>STX000508</classCode><className>MORBIDITY RATES</className></classificationItem><classificationItem score="78"><classCode>ST00097CI</classCode><className>HEALTH DEPARTMENTS</className></classificationItem><classificationItem score="78"><classCode>STX002144</classCode><className>VACCINATION &amp; IMMUNIZATION</className></classificationItem><classificationItem score="73"><classCode>ST0008X66</classCode><className>IMMUNOLOGIC FACTORS</className></classificationItem><classificationItem score="70"><classCode>ST000A7R7</classCode><className>INTENSIVE CARE UNITS</className></classificationItem></classification><classification classificationScheme="city"><classificationItem score="73"><classCode>GX036</classCode><className>BRASILIA, BRAZIL</className></classificationItem><classificationItem score="57"><classCode>GX083</classCode><className>BOGOTA, COLOMBIA</className></classificationItem></classification><classification classificationScheme="country"><classificationItem score="96"><classCode>GC338</classCode><className>BRAZIL</className></classificationItem><classificationItem score="94"><classCode>GC302</classCode><className>CHINA</className></classificationItem><classificationItem score="94"><classCode>GC341</classCode><className>COLOMBIA</className></classificationItem><classificationItem score="79"><classCode>GR118</classCode><className>LATIN AMERICA</className></classificationItem><classificationItem score="79"><classCode>GC353</classCode><className>PERU</className></classificationItem></classification></classificationGroup></metadata></articleDoc></content></entry>