<entry xmlns="http://www.w3.org/2005/Atom"><id>urn:contentItem:60BX-5C61-F11P-X2M1-00000-00</id><title>Sanctions imposed on US entity, officials over Xinjiang-related issues</title><published>2021-04-15T18:04:57Z</published><updated>2021-04-15T18:04:57Z</updated><author><name>LexisNexis</name></author><content type="application/xml"><!--Transformation version 1.25--><articleDoc xmlns="" xmlns:xsi="http://www.w3.org/2001/XMLSchema-instance" xsi:noNamespaceSchemaLocation="http://www.lexisnexis.com/xmlschemas/content/public/articledoc/1/" schemaVersion="1.8" xml:lang="en"><articleDocHead><itemInfo/></articleDocHead><nitf:body xmlns:nitf="http://iptc.org/std/NITF/2006-10-18/"><nitf:body.head><nitf:hedline><nitf:hl1>Sanctions imposed on US entity, officials over Xinjiang-related issues</nitf:hl1></nitf:hedline></nitf:body.head><nitf:body.content><bodyText><p nitf:lede="true">Residents make rose jam in a village in Hotan, Xinjiang Uygur autonomous region, in June 2018. [Photo/Xinhua]</p><p nitf:lede="true">China announced on Monday reciprocal sanctions against a United States entity and four US officials who have acted viciously on Xinjiang-related issues in response to moves made earlier by the US.</p><p>The corresponding sanctions target the US Congressional-Executive Commission on China, Senators Ted Cruz and Marco Rubio, Representative Chris Smith and US State Department Ambassador at Large for International Religious Freedom Sam Brownback, Foreign Ministry spokeswoman Hua Chunying said at a daily news briefing.</p><p>The commission "monitors human rights and the development of the rule of law in China and submits an annual report to US President and Congress", according to its website.</p><p>The sanctions, which were not specified, were announced days after the US imposed visa bans and asset freezes on one Chinese government entity and four officials in connection with "serious rights abuses" supposedly enacted against ethnic minorities in the Xinjiang Uygur autonomous region.</p><p>The US actions seriously interfere in China's internal affairs, violate the basic norms of international relations and damage China-US relations, Hua said.</p><p>"We urge the US to immediately withdraw its wrong decision, and stop words and actions that interfere in China's internal affairs and harm China's interests," she said.</p><p>China may have a further response depending on the development of the situation, she added.</p><p>Hua also urged the US to stop restrictions and suppression of normal people-to-people exchanges between the two countries to avoid harming bilateral ties.</p><p>The US embassy and consulates in China issued a security alert on Saturday asking its citizens to exercise increased caution in China due to "arbitrary enforcement of local laws for purposes other than maintaining law and order".</p><p>China encourages and supports normal exchanges and cooperation with foreign countries, Hua said, adding that there is no need for foreign citizens in the country to worry or fear as long as they abide by Chinese laws and regulations. China is trying to provide all conveniences for foreign citizens in China, she added.</p><p>In another development, Hua confirmed on Monday that two World Health Organization experts have arrived in China for science-based cooperation on researching the origin of the COVID-19 virus.</p><p>It is also the view of the WHO that origin-tracing is an ongoing process probably concerning many countries and localities, and the WHO will conduct similar trips to other countries and regions in light of the actual need, she said.</p></bodyText></nitf:body.content></nitf:body><metadata><dc:metadata xmlns:dc="http://purl.org/dc/elements/1.1/"><dc:identifier identifierScheme="DOC-ID">CHIDUS-179557767</dc:identifier><dc:source sourceScheme="royaltyReportingKey">CHIDUS2020</dc:source><dc:identifier identifierScheme="PGUID">urn:contentItem:60BX-5C61-F11P-X2M1-00000-00</dc:identifier><dc:source sourceScheme="productContentSetIdentifier">411374</dc:source><dc:date dateType="last-updated">2020-07-14</dc:date></dc:metadata><wordCount number="436"/><publicationInfo><copyright>Copyright 2020 China Daily Information. Provided by Syndigate Media Inc. All Rights Reserved</copyright><publicationName>China Daily - US Edition</publicationName><publicationLogo><logo><inlineObject><locator><locatorKey><keyName name="object-key"/><keyValue value="26125"/></locatorKey><locatorParameters><parameter name="object-type" value="201"/><parameter name="object-smi" value="LOGOS"/><parameter name="componentseq" value="1"/></locatorParameters></locator></inlineObject></logo></publicationLogo><publicationDate day="14" month="07" year="2020"><dateText>July 14, 2020 Tuesday</dateText></publicationDate><classification classificationScheme="publicationtype"><classificationItem><className>Newspaper</className></classificationItem></classification><classification classificationScheme="publicationtype"><classificationItem><className>Newspapers</className></classificationItem></classification></publicationInfo><classification classificationScheme="language"><classificationItem classificationScheme="lang.english"><className>ENGLISH</className></classificationItem></classification><classificationGroup classificationScheme="indexing-terms"><classification classificationScheme="subject"><classificationItem score="90"><classCode>ST0008ZBZ</classCode><className>HUMAN RIGHTS VIOLATIONS</className></classificationItem><classificationItem score="90"><classCode>STX000950</classCode><className>INTERNATIONAL RELATIONS</className></classificationItem><classificationItem score="90"><classCode>N928000CC</classCode><className>INTERNATIONAL RELATIONS &amp; NATIONAL SECURITY</className></classificationItem><classificationItem score="90"><classCode>N928120MM</classCode><className>STATE DEPARTMENTS &amp; FOREIGN SERVICES</className></classificationItem><classificationItem score="89"><classCode>STX000587</classCode><className>EMBARGOES &amp; SANCTIONS</className></classificationItem><classificationItem score="89"><classCode>N928120JM</classCode><className>EMBASSIES &amp; CONSULATES</className></classificationItem><classificationItem score="78"><classCode>N921120CC</classCode><className>LEGISLATIVE BODIES</className></classificationItem><classificationItem score="78"><classCode>ST000DFNA</classCode><className>RULE OF LAW</className></classificationItem><classificationItem score="78"><classCode>ST000DA1D</classCode><className>US CONGRESS</className></classificationItem><classificationItem score="76"><classCode>ST00098A0</classCode><className>FOREIGN RELATIONS</className></classificationItem><classificationItem score="76"><classCode>ST00097CV</classCode><className>UNITED NATIONS INSTITUTIONS</className></classificationItem><classificationItem score="76"><classCode>ST000DF5U</classCode><className>US PRESIDENTIAL CANDIDATES 2016</className></classificationItem><classificationItem score="75"><classCode>ST0009J49</classCode><className>HUMAN RIGHTS &amp; CIVIL LIBERTIES LAW</className></classificationItem><classificationItem score="75"><classCode>ST000DIUR</classCode><className>MINORITY GROUPS</className></classificationItem><classificationItem score="73"><classCode>ST0009REG</classCode><className>FREEDOM OF RELIGION</className></classificationItem><classificationItem score="73"><classCode>STX000873</classCode><className>HUMAN RIGHTS</className></classificationItem><classificationItem score="73"><classCode>N921110MM</classCode><className>US PRESIDENTS</className></classificationItem><classificationItem score="72"><classCode>ST00097CI</classCode><className>HEALTH DEPARTMENTS</className></classificationItem><classificationItem score="70"><classCode>STX001444</classCode><className>RACE &amp; ETHNICITY</className></classificationItem><classificationItem score="70"><classCode>ST0009QS2</classCode><className>REPORTS, REVIEWS &amp; SECTIONS</className></classificationItem><classificationItem score="69"><classCode>ST0008XMR</classCode><className>LAW &amp; LEGAL SYSTEM</className></classificationItem><classificationItem score="64"><classCode>STX000912</classCode><className>INFECTIOUS DISEASE</className></classificationItem><classificationItem score="62"><classCode>N923120CC</classCode><className>PUBLIC HEALTH ADMINISTRATION</className></classificationItem><classificationItem score="56"><classCode>STX001464</classCode><className>RELIGION</className></classificationItem><classificationItem score="53"><classCode>ST0009P2U</classCode><className>ETHNIC GROUPS</className></classificationItem><classificationItem score="50"><classCode>ST000A7IS</classCode><className>ASSOCIATIONS &amp; ORGANIZATIONS</className></classificationItem><classificationItem score="50"><classCode>ST000DOTH</classCode><className>COVID-19 CORONAVIRUS</className></classificationItem></classification><classification classificationScheme="industry"><classificationItem score="72"><classCode>ST00097CI</classCode><className>HEALTH DEPARTMENTS</className></classificationItem></classification><classification classificationScheme="person"><classificationItem score="57"><classCode>PE000DNAW</classCode><className>ABBY FINKENAUER</className></classificationItem><classificationItem score="56"><classCode>PE000A29U</classCode><className>CHRIS SMITH</className></classificationItem><classificationItem score="56"><classCode>PE000CTK2</classCode><className>MARCO RUBIO</className></classificationItem><classificationItem score="56"><classCode>PE0009TK0</classCode><className>SAMUEL BROWNBACK</className></classificationItem><classificationItem score="56"><classCode>PE000DA6M</classCode><className>TED CRUZ</className></classificationItem></classification><classification classificationScheme="state"><classificationItem score="92"><classCode>GR205</classCode><className>NORTHWEST CHINA</className></classificationItem><classificationItem score="90"><classCode>GS046</classCode><className>XINJIANG, CHINA</className></classificationItem></classification><classification classificationScheme="country"><classificationItem score="99"><classCode>GC302</classCode><className>CHINA</className></classificationItem><classificationItem score="97"><classCode>GC343</classCode><className>UNITED STATES</className></classificationItem></classification></classificationGroup></metadata></articleDoc></content></entry>