<entry xmlns="http://www.w3.org/2005/Atom"><id>urn:contentItem:6214-P381-F11P-X1K2-00000-00</id><title>WHO team members call report misleading</title><published>2021-04-15T18:04:57Z</published><updated>2021-04-15T18:04:57Z</updated><author><name>LexisNexis</name></author><content type="application/xml"><!--Transformation version 1.25--><articleDoc xmlns="" xmlns:xsi="http://www.w3.org/2001/XMLSchema-instance" xsi:noNamespaceSchemaLocation="http://www.lexisnexis.com/xmlschemas/content/public/articledoc/1/" schemaVersion="1.8" xml:lang="en"><articleDocHead><itemInfo/></articleDocHead><nitf:body xmlns:nitf="http://iptc.org/std/NITF/2006-10-18/"><nitf:body.head><nitf:hedline><nitf:hl1>WHO team members call report misleading</nitf:hl1></nitf:hedline><nitf:byline><author><person><nameText>China Daily</nameText></person></author></nitf:byline></nitf:body.head><nitf:body.content><bodyText><p nitf:lede="true">Peter Daszak, a member of the World Health Organisation (WHO) team tasked with investigating the origins of the coronavirus disease (COVID-19), walks at a lakeside at a hotel in Wuhan, Hubei province, China, February 3, 2021. [Photo/Agencies]</p><p nitf:lede="true">Members of a World Health Organization team who were part of a COVID-19 origin-tracing mission in China have denounced The New York Times for a controversial report, including one member who said they were "selectively misquoted" and another who said their remarks were "twisted".</p><p>"This was NOT my experience on@WHO  mission. As lead of animal/environment working group I found trust &amp; openness w/my China counterparts. We DID get access to critical new data throughout. We DID increase our understanding of likely spillover pathways," Peter Daszak, a member of the WHO team, wrote on Twitter after he was quoted by The New York Times.</p><p>The report accused Chinese scientists of refusing to share important data about the early days of the COVID-19 pandemic, citing independent investigators for the WHO.</p><p>The international team that recently finished its work in Wuhan is comprised of experts from Australia, Denmark, Germany, Japan, the Netherlands, Qatar, Russia, Britain, the United States and Vietnam.</p><p>The team also includes experts from the Food and Agriculture Organization of the United Nations and the World Organization for Animal Health.</p><p>In the report, Daszak said their trip was emotionally draining as they came to terms with the trauma of the early days of the pandemic.</p><p>Thea K. Fischer, a Danish epidemiologist on the team, also immediately rebutted the report, which she said "intendedly twisted" the interviewees' remarks and cast "shadows over important scientific work".</p><p>"This was NOT my experience either on the Epi-side. We DID build up a good relationship in the Chinese/Int Epi-team! Allowing for heated arguments reflects a deep level of engagement in the room," she wrote on Twitter.</p><p>Daszak tweeted in a reply note: "Hear! Hear! It's disappointing to spend time w/journalists explaining key findings of our exhausting monthlong work in China, to see our colleagues selectively misquoted to fit a narrative that was prescribed before the work began. Shame on you @nytimes!"</p><p>Other health experts also voiced their opinion on the incident, calling for mutual trust and respect for international cooperation on COVID-19 research.</p><p>"Collaboration is all about mutual trust and respect. If you don't have that, no one is going to share data with you. As EID scientists, we urgently need to jettison the political crap. Hopefully there is enough enduring personal goodwill for us to effectively proceed ..." tweeted Hume Field, a science and policy adviser of EcoHealth Alliance in New York. EID stands for emerging infectious diseases.</p><p>There was no widespread or large cluster of COVID-19 in or around Wuhan in the months prior to December 2019, said Peter Ben Embarek, head of a WHO expert team, at a virtual news conference from Geneva on Friday, saying the mission was "successful in many ways."</p><p>Experts will still continue to look for answers on this point as "there's not a clear candidate for intermediates or hosts yet," said virologist Marion Koopmans, a member of the team, at the WHO news conference on Friday.</p><p>Earlier, the international team presented their initial findings at a news conference in China, discounting the hypothesis that the virus escaped from a laboratory.</p><p>The team has been working on a summary report expected to be published soon, and a full final report will be published in the coming weeks, Tedros Adhanom Ghebreyesus, director-general of the WHO, said on Friday.</p><p>The WHO chief explained that the mission achieved a better understanding of the early days of the pandemic and identified areas for further analysis and research.</p><p>"We have always said that this mission would not find all the answers, but it has added important information that takes us closer to understanding the origins of the virus," he added.</p><p>COVID-19 origin-tracing is "a complex scientific issue involving many countries and regions," and should be carried out by global scientists in collaboration, Chinese Foreign Ministry spokesman Wang Wenbin said on Feb 5.</p><p>"The Chinese government has provided strong support and assistance for the WHO mission's visit to China as part of the global origin-tracing study cooperation," he said, adding that China will maintain openness, transparency, close communication and cooperation with the WHO.</p></bodyText></nitf:body.content></nitf:body><metadata><dc:metadata xmlns:dc="http://purl.org/dc/elements/1.1/"><dc:identifier identifierScheme="DOC-ID">CHIDUS-200723888</dc:identifier><dc:source sourceScheme="royaltyReportingKey">CHIDUS2021</dc:source><dc:identifier identifierScheme="PGUID">urn:contentItem:6214-P381-F11P-X1K2-00000-00</dc:identifier><dc:source sourceScheme="productContentSetIdentifier">411374</dc:source><dc:date dateType="last-updated">2021-02-16</dc:date></dc:metadata><wordCount number="747"/><publicationInfo><copyright>Copyright 2021 China Daily Information. Provided by Syndigate Media Inc. All Rights Reserved</copyright><publicationName>China Daily - US Edition</publicationName><publicationLogo><logo><inlineObject><locator><locatorKey><keyName name="object-key"/><keyValue value="26125"/></locatorKey><locatorParameters><parameter name="object-type" value="201"/><parameter name="object-smi" value="LOGOS"/><parameter name="componentseq" value="1"/></locatorParameters></locator></inlineObject></logo></publicationLogo><publicationDate day="16" month="02" year="2021"><dateText>February 16, 2021 Tuesday</dateText></publicationDate><classification classificationScheme="publicationtype"><classificationItem><className>Newspaper</className></classificationItem></classification><classification classificationScheme="publicationtype"><classificationItem><className>Newspapers</className></classificationItem></classification></publicationInfo><classification classificationScheme="language"><classificationItem classificationScheme="lang.english"><className>ENGLISH</className></classificationItem></classification><classificationGroup classificationScheme="indexing-terms"><classification classificationScheme="subject"><classificationItem score="91"><classCode>ST000A7IS</classCode><className>ASSOCIATIONS &amp; ORGANIZATIONS</className></classificationItem><classificationItem score="91"><classCode>ST000DQGE</classCode><className>COVID CORONAVIRUS</className></classificationItem><classificationItem score="91"><classCode>ST000DOTH</classCode><className>COVID-19 CORONAVIRUS</className></classificationItem><classificationItem score="90"><classCode>ST00097CI</classCode><className>HEALTH DEPARTMENTS</className></classificationItem><classificationItem score="90"><classCode>STX000912</classCode><className>INFECTIOUS DISEASE</className></classificationItem><classificationItem score="90"><classCode>STX000969</classCode><className>INVESTIGATIONS</className></classificationItem><classificationItem score="90"><classCode>ST0009FJK</classCode><className>NEGATIVE PERSONAL NEWS</className></classificationItem><classificationItem score="90"><classCode>STX001880</classCode><className>PUBLIC HEALTH</className></classificationItem><classificationItem score="90"><classCode>N923120CC</classCode><className>PUBLIC HEALTH ADMINISTRATION</className></classificationItem><classificationItem score="90"><classCode>ST00097CV</classCode><className>UNITED NATIONS INSTITUTIONS</className></classificationItem><classificationItem score="89"><classCode>STX000511</classCode><className>DISEASES &amp; DISORDERS</className></classificationItem><classificationItem score="89"><classCode>STX002064</classCode><className>EPIDEMICS</className></classificationItem><classificationItem score="89"><classCode>STX002233</classCode><className>EPIDEMIOLOGY</className></classificationItem><classificationItem score="89"><classCode>ST000DOXW</classCode><className>PANDEMICS</className></classificationItem><classificationItem score="89"><classCode>STX001964</classCode><className>SCIENCE &amp; TECHNOLOGY</className></classificationItem><classificationItem score="78"><classCode>STX000092</classCode><className>ANIMAL WELFARE</className></classificationItem><classificationItem score="78"><classCode>ST000DOTY</classCode><className>CORONAVIRUSES</className></classificationItem><classificationItem score="78"><classCode>STX001905</classCode><className>JOURNALISM</className></classificationItem><classificationItem score="78"><classCode>ST000DKU4</classCode><className>UNITED NATIONS</className></classificationItem><classificationItem score="78"><classCode>STX002145</classCode><className>VIRUSES</className></classificationItem><classificationItem score="72"><classCode>ST00097CA</classCode><className>AGRICULTURE DEPARTMENTS</className></classificationItem><classificationItem score="72"><classCode>STX000950</classCode><className>INTERNATIONAL RELATIONS</className></classificationItem><classificationItem score="72"><classCode>ST0009FYE</classCode><className>SCIENCE POLICY</className></classificationItem><classificationItem score="71"><classCode>N928000CC</classCode><className>INTERNATIONAL RELATIONS &amp; NATIONAL SECURITY</className></classificationItem><classificationItem score="69"><classCode>ST000CFER</classCode><className>ANIMALS</className></classificationItem><classificationItem score="68"><classCode>STX001865</classCode><className>WRITERS</className></classificationItem></classification><classification classificationScheme="industry"><classificationItem score="90"><classCode>ST00097CI</classCode><className>HEALTH DEPARTMENTS</className></classificationItem><classificationItem score="89"><classCode>STX002233</classCode><className>EPIDEMIOLOGY</className></classificationItem><classificationItem score="77"><classCode>N721110GM</classCode><className>HOTELS &amp; MOTELS</className></classificationItem><classificationItem score="72"><classCode>ST00097CA</classCode><className>AGRICULTURE DEPARTMENTS</className></classificationItem><classificationItem score="68"><classCode>STX001865</classCode><className>WRITERS</className></classificationItem></classification><classification classificationScheme="city"><classificationItem score="92"><classCode>GX075</classCode><className>WUHAN, HUBEI, CHINA</className></classificationItem></classification><classification classificationScheme="state"><classificationItem score="90"><classCode>GR201</classCode><className>CENTRAL CHINA</className></classificationItem><classificationItem score="79"><classCode>GS033</classCode><className>HUBEI, CHINA</className></classificationItem><classificationItem score="79"><classCode>GS148</classCode><className>NEW YORK, USA</className></classificationItem></classification><classification classificationScheme="country"><classificationItem score="97"><classCode>GC302</classCode><className>CHINA</className></classificationItem><classificationItem score="79"><classCode>GC301</classCode><className>AUSTRALIA</className></classificationItem><classificationItem score="79"><classCode>GC318</classCode><className>GERMANY</className></classificationItem><classificationItem score="79"><classCode>GC306</classCode><className>JAPAN</className></classificationItem><classificationItem score="79"><classCode>GC343</classCode><className>UNITED STATES</className></classificationItem><classificationItem score="78"><classCode>GC322</classCode><className>NETHERLANDS</className></classificationItem></classification></classificationGroup></metadata></articleDoc></content></entry>