<entry xmlns="http://www.w3.org/2005/Atom"><id>urn:contentItem:5YYC-33D1-F11P-X36F-00000-00</id><title>Petition urges US to clarify army lab's 8-month closure</title><published>2021-04-15T18:04:57Z</published><updated>2021-04-15T18:04:57Z</updated><author><name>LexisNexis</name></author><content type="application/xml"><!--Transformation version 1.25--><articleDoc xmlns="" xmlns:xsi="http://www.w3.org/2001/XMLSchema-instance" xsi:noNamespaceSchemaLocation="http://www.lexisnexis.com/xmlschemas/content/public/articledoc/1/" schemaVersion="1.8" xml:lang="en"><articleDocHead><itemInfo/></articleDocHead><nitf:body xmlns:nitf="http://iptc.org/std/NITF/2006-10-18/"><nitf:body.head><nitf:hedline><nitf:hl1>Petition urges US to clarify army lab's 8-month closure</nitf:hl1></nitf:hedline></nitf:body.head><nitf:body.content><bodyText><p nitf:lede="true">[Photo/Agencies]</p><p nitf:lede="true">The United States Army Medical Research Institute of Infectious Diseases, or USAMRIID, at Fort Detrick, Maryland, has resumed full operations after an over 8-month shutdown, but the cloud over it hasn't gone away.</p><p>With more than a quarter of the world's COVID-19 cases coming from the country, a petition on the White House website has been demanding information about the institute, and said that after its closure, "a large-scale 'influenza' killed more than 10,000 people" and following that the whole world is now struggling with the pandemic.</p><p>"Now we have reasons to ask the US government to publish the real reason for the closure of Fort Detrick, to clarify whether the laboratory is the research unit for the new coronavirus and whether there was a virus leak," the petition said in March.</p><p>Last June, inspectors from the Centers for Disease Control and Prevention, or CDC, found mechanical problems with the chemical-based decontamination system, as well as leaks, in the laboratory, Caree Vander Linden, the spokeswoman of the institute told The New York Times last August.</p><p>"A combination of things" led to the shutdown, she said.</p><p>Select agents</p><p>While she said there had been no leaks of dangerous material from the lab, research on certain dangerous toxins and germs, which are also known as "select agents", had been suspended since then.</p><p>Meanwhile, The New York Times, quoting a statement from the USAMRIID, said the CDC cited "national security reasons" as the rationale for not disclosing information with regard to its suspension of research.</p><p>On the government's website, there are 67 select agents and toxins under the Federal Select Agent Program research list, which the government has determined have "the potential to pose a severe threat to public, animal or plant health or to animal or plant products".</p><p>And on the list are not only the "Ebola virus" and "smallpox virus", but the "SARS-associated coronavirus", or the SARS-CoV.</p><p>It is known that the virus that causes the COVID-19 pandemic was named SARS-CoV-2, which stands for "severe acute respiratory syndrome coronavirus 2", by the International Committee on Taxonomy of Viruses, or ICTV, on Feb 11.</p><p>The World Health Organization explained that this name was chosen because the virus is genetically related to SARS-CoV, which was responsible for the SARS outbreak of 2003.</p><p>According to a USA Today report on the US' "secretive bio labs" in 2015, "hundreds of lab mistakes, safety violations and near-miss incidents have occurred in biological laboratories coast to coast in recent years, putting scientists, their colleagues and sometimes even the public at risk".</p><p>The New York Times reported that research at the institute in Fort Detrick was suspended once in 2009 because it was storing pathogens not listed in its database.</p><p>Since the outbreak began, some US officials have kept blaming China for the pandemic and accused China of "not being transparent with data". The US administration even called for an international investigation into China's handling of the outbreak.</p><p>But China has said that its stance is to keep cooperating with the WHO with openness, transparency and responsibility, including on the issue of tracing the virus origin.</p></bodyText></nitf:body.content></nitf:body><metadata><dc:metadata xmlns:dc="http://purl.org/dc/elements/1.1/"><dc:identifier identifierScheme="DOC-ID">CHIDUS-175090070</dc:identifier><dc:source sourceScheme="royaltyReportingKey">CHIDUS2020</dc:source><dc:identifier identifierScheme="PGUID">urn:contentItem:5YYC-33D1-F11P-X36F-00000-00</dc:identifier><dc:source sourceScheme="productContentSetIdentifier">411374</dc:source><dc:date dateType="last-updated">2020-05-21</dc:date></dc:metadata><wordCount number="537"/><publicationInfo><copyright>Copyright 2020 China Daily Information. Provided by Syndigate Media Inc. All Rights Reserved</copyright><publicationName>China Daily - US Edition</publicationName><publicationLogo><logo><inlineObject><locator><locatorKey><keyName name="object-key"/><keyValue value="26125"/></locatorKey><locatorParameters><parameter name="object-type" value="201"/><parameter name="object-smi" value="LOGOS"/><parameter name="componentseq" value="1"/></locatorParameters></locator></inlineObject></logo></publicationLogo><publicationDate day="21" month="05" year="2020"><dateText>May 21, 2020 Thursday</dateText></publicationDate><classification classificationScheme="publicationtype"><classificationItem><className>Newspaper</className></classificationItem></classification><classification classificationScheme="publicationtype"><classificationItem><className>Newspapers</className></classificationItem></classification></publicationInfo><classification classificationScheme="language"><classificationItem classificationScheme="lang.english"><className>ENGLISH</className></classificationItem></classification><classificationGroup classificationScheme="indexing-terms"><classification classificationScheme="subject"><classificationItem score="91"><classCode>ST00097CN</classCode><className>ARMIES</className></classificationItem><classificationItem score="90"><classCode>STX002224</classCode><className>DEFENSE RESEARCH</className></classificationItem><classificationItem score="90"><classCode>STX000511</classCode><className>DISEASES &amp; DISORDERS</className></classificationItem><classificationItem score="90"><classCode>STX000912</classCode><className>INFECTIOUS DISEASE</className></classificationItem><classificationItem score="90"><classCode>N541710QQ</classCode><className>MEDICAL RESEARCH</className></classificationItem><classificationItem score="90"><classCode>STX001880</classCode><className>PUBLIC HEALTH</className></classificationItem><classificationItem score="90"><classCode>ST10244945</classCode><className>US ARMY</className></classificationItem><classificationItem score="90"><classCode>N921100MM</classCode><className>US FEDERAL GOVERNMENT</className></classificationItem><classificationItem score="89"><classCode>ST000DOTY</classCode><className>CORONAVIRUSES</className></classificationItem><classificationItem score="89"><classCode>ST000DOTH</classCode><className>COVID-19 CORONAVIRUS</className></classificationItem><classificationItem score="89"><classCode>STX002064</classCode><className>EPIDEMICS</className></classificationItem><classificationItem score="89"><classCode>ST00097CI</classCode><className>HEALTH DEPARTMENTS</className></classificationItem><classificationItem score="89"><classCode>ST0009EVK</classCode><className>MEDICINE &amp; HEALTH</className></classificationItem><classificationItem score="89"><classCode>ST000DOXW</classCode><className>PANDEMICS</className></classificationItem><classificationItem score="89"><classCode>N923120CC</classCode><className>PUBLIC HEALTH ADMINISTRATION</className></classificationItem><classificationItem score="89"><classCode>ST0009RLP</classCode><className>RESEARCH INSTITUTES</className></classificationItem><classificationItem score="89"><classCode>STX001481</classCode><className>RESPIRATORY DISEASE</className></classificationItem><classificationItem score="89"><classCode>STX002125</classCode><className>SARS</className></classificationItem><classificationItem score="89"><classCode>STX002145</classCode><className>VIRUSES</className></classificationItem><classificationItem score="78"><classCode>ST000DFZ6</classCode><className>EBOLA VIRUS DISEASE</className></classificationItem><classificationItem score="78"><classCode>STX002233</classCode><className>EPIDEMIOLOGY</className></classificationItem><classificationItem score="78"><classCode>ST0008WTD</classCode><className>SMALLPOX</className></classificationItem><classificationItem score="78"><classCode>STX001761</classCode><className>TROPICAL DISEASES</className></classificationItem><classificationItem score="76"><classCode>N928000CC</classCode><className>INTERNATIONAL RELATIONS &amp; NATIONAL SECURITY</className></classificationItem><classificationItem score="75"><classCode>STX000914</classCode><className>INFLUENZA</className></classificationItem><classificationItem score="73"><classCode>ST000DNBS</classCode><className>ONTOLOGIES &amp; TAXONOMIES</className></classificationItem><classificationItem score="73"><classCode>ST00097CV</classCode><className>UNITED NATIONS INSTITUTIONS</className></classificationItem><classificationItem score="64"><classCode>STX001996</classCode><className>NATIONAL SECURITY</className></classificationItem><classificationItem score="60"><classCode>ST000A7IS</classCode><className>ASSOCIATIONS &amp; ORGANIZATIONS</className></classificationItem></classification><classification classificationScheme="industry"><classificationItem score="91"><classCode>ST00097CN</classCode><className>ARMIES</className></classificationItem><classificationItem score="90"><classCode>STX002224</classCode><className>DEFENSE RESEARCH</className></classificationItem><classificationItem score="90"><classCode>ST10244945</classCode><className>US ARMY</className></classificationItem><classificationItem score="89"><classCode>ST00097CI</classCode><className>HEALTH DEPARTMENTS</className></classificationItem><classificationItem score="78"><classCode>STX002233</classCode><className>EPIDEMIOLOGY</className></classificationItem></classification><classification classificationScheme="state"><classificationItem score="79"><classCode>GS136</classCode><className>MARYLAND, USA</className></classificationItem></classification><classification classificationScheme="country"><classificationItem score="94"><classCode>GC343</classCode><className>UNITED STATES</className></classificationItem><classificationItem score="93"><classCode>GC302</classCode><className>CHINA</className></classificationItem></classification></classificationGroup></metadata></articleDoc></content></entry>