<entry xmlns="http://www.w3.org/2005/Atom"><id>urn:contentItem:6292-XKM1-JDJN-61P6-00000-00</id><title>Online attacks against Asians in US rising this year</title><published>2021-04-15T18:04:57Z</published><updated>2021-04-15T18:04:57Z</updated><author><name>LexisNexis</name></author><content type="application/xml"><!--Transformation version 1.25--><articleDoc xmlns="" xmlns:xsi="http://www.w3.org/2001/XMLSchema-instance" xsi:noNamespaceSchemaLocation="http://www.lexisnexis.com/xmlschemas/content/public/articledoc/1/" schemaVersion="1.8" xml:lang="en"><articleDocHead><itemInfo/></articleDocHead><nitf:body xmlns:nitf="http://iptc.org/std/NITF/2006-10-18/"><nitf:body.head><nitf:hedline><nitf:hl1>Online attacks against Asians in US rising this year</nitf:hl1></nitf:hedline><nitf:byline><author><person><nameText>China Daily Global</nameText></person></author></nitf:byline></nitf:body.head><nitf:body.content><bodyText><p nitf:lede="true">People walk through the streets of Chinatown in New York City on March 23, 2021. [Photo/Agencies]</p><p nitf:lede="true">Asian Americans experienced the biggest spike in serious incidents of online hate and harassment compared with other groups, according to the Anti-Defamation League's annual survey published Wednesday.</p><p nitf:lede="true">About 17 percent of Asian Americans surveyed said that they experienced severe online harassment compared with 11 percent last year, the largest uptick in comparison to other groups, according to the Anti-Defamation League (ADL), which monitors the activities of domestic and international hate groups. The survey defines severe online harassment as sexual harassment, stalking, physical threats, swatting, doxing and sustained harassment.</p><p>Half of the Asian American respondents who were harassed said it was because of their race or identity. Overall, 21 percent of Asian American respondents said they were harassed online.</p><p>The ADL survey of 2,251 individuals conducted by YouGov, a public opinion and data analytics firm, shows that racist incidents against the Asian community aren't just happening offline.</p><p>"The spike in physical violence against Asian-Americans across the nation was whipped up in large part by bigotry and conspiracy theories that grew online, fanned by national leaders, including former President Trump's incendiary rhetoric blaming China for the pandemic and referring to the virus as the 'China plague' or 'kung flu,'" researchers said in the report.</p><p>Anti-Asian sentiment increased 85 percent on Twitter after Trump was diagnosed with COVID-19 last fall, the ADL report said. Trump also used the term "China virus" in several interviews.</p><p>Asian Americans experienced the most harassment on Facebook, followed by Twitter, Instagram and Google-owned YouTube, according to the survey.</p><p>A study published March 17 by researchers at the University of California at San Francisco tracked nearly 700,000 tweets that used either the neutral hashtag "#covid19" or "#chinesevirus" from March 9 to March 23, 2020.</p><p>Researchers found evidence of an association between the hashtag #chinesevirus and anti-Asian language. Twenty percent of tweets that used "#covid19" showed anti-Asian sentiment, compared with 50 percent of tweets that used the hashtag #chinesevirus.</p><p>Trump's use of the phrase in his speeches and on Twitter paralleled an increase in its use by others online, the report said. The mean number of daily users in the #covid19 group rose by 379 percent after Trump's tweet, compared with an increase of #chinesevirus by 8,351 percent, the report said.</p><p>The World Health Organization (WHO) warned in 2015 that naming diseases after specific areas or ethnic groups can perpetuate xenophobia around the globe.</p><p>WHO announced the official name "COVID-19" for the disease caused by the SARS-CoV-2 virus on Feb 11, 2020. COVID-19 is an abbreviation of "coronavirus disease 2019". "CO" stands for "corona", "VI" for "virus" and "D" for disease.</p><p>The WHO, as well as the Centers for Disease Control and Prevention, issued guidelines for this usage, warning against linking the disease to a specific place or area. Asian American communities have warned for several months that political leaders including Trump linking COVID-19 to China could lead to violence.</p><p>ADL CEO Jonathan Greenblatt said the survey's findings, which come amid a growing outcry over the rise in attacks on Asian Americans and Pacific Islanders nationwide, show that efforts to curb surging anti-Asian sentiment by social media platforms like Facebook, Twitter and Google's YouTube have fallen short.</p><p>The report was issued the day before the CEOs of Facebook, Google and Twitter will appear virtually before the House Energy and Commerce Committee to address how false information around the pandemic and the election spreads online and to discuss their handling of misinformation, disinformation and other harmful content.</p><p>In their released planned testimonies, Facebook's Mark Zuckerberg and Twitter's Jack Dorsey plan to lay out how their companies have battled misinformation.</p><p>"Our society is deeply divided, and we see that on our services too," Zuckerberg said in the remarks. In a statement, Facebook said it doesn't allow hate speech and removes content that attacks someone for who they are, their race, ethnicity or national origin.</p><p>Anti-Asian hate crime increased 149 percent in 2020 in 16 of America's largest cities, according to research released in early March by the Center for the Study of Hate and Extremism at California State University. The first spike of anti-Asian crime occurred in March and April, when COVID-19 cases just started rising in the US.</p><p>Stop AAPI Hate, a group that tracks discrimination and xenophobia against Asian Americans and Pacific Islanders, found nearly 3,800 reported hate incidents targeting Asian Americans in the past year.</p><p>But those numbers are probably a small fraction of actual incidents, including crimes. One in 4 Americans have witnessed someone blaming Asian people for the coronavirus pandemic, a new USA Today/Ipsos poll finds.</p><p>The poll released on Sunday finds that while a majority of Americans believe the coronavirus pandemic is a natural disaster, around a quarter of Americans blame China for the pandemic. Democrats are almost twice as likely as Republicans to say they have seen blame directed at Asian people.</p></bodyText></nitf:body.content></nitf:body><metadata><dc:metadata xmlns:dc="http://purl.org/dc/elements/1.1/"><dc:identifier identifierScheme="DOC-ID">CHIDUS-205512843</dc:identifier><dc:source sourceScheme="royaltyReportingKey">CHIDUS2021</dc:source><dc:identifier identifierScheme="PGUID">urn:contentItem:6292-XKM1-JDJN-61P6-00000-00</dc:identifier><dc:source sourceScheme="productContentSetIdentifier">411374</dc:source><dc:date dateType="last-updated">2021-03-25</dc:date></dc:metadata><wordCount number="890"/><publicationInfo><copyright>Copyright 2021 China Daily Information. Provided by Syndigate Media Inc. All Rights Reserved</copyright><publicationName>China Daily - US Edition</publicationName><publicationLogo><logo><inlineObject><locator><locatorKey><keyName name="object-key"/><keyValue value="26125"/></locatorKey><locatorParameters><parameter name="object-type" value="201"/><parameter name="object-smi" value="LOGOS"/><parameter name="componentseq" value="1"/></locatorParameters></locator></inlineObject></logo></publicationLogo><publicationDate day="25" month="03" year="2021"><dateText>March 25, 2021 Thursday</dateText></publicationDate><classification classificationScheme="publicationtype"><classificationItem><className>Newspaper</className></classificationItem></classification><classification classificationScheme="publicationtype"><classificationItem><className>Newspapers</className></classificationItem></classification></publicationInfo><classification classificationScheme="language"><classificationItem classificationScheme="lang.english"><className>ENGLISH</className></classificationItem></classification><classificationGroup classificationScheme="indexing-terms"><classification classificationScheme="company"><classificationItem score="83"><classCode>CC000CFK7</classCode><className>TWITTER INC</className></classificationItem><classificationItem score="53"><classCode>CC0009VRA</classCode><className>FACEBOOK INC</className></classificationItem><classificationItem score="53"><className>GOOGLE LLC</className></classificationItem></classification><classification classificationScheme="industry"><classificationItem score="83"><className>NAICS519130 INTERNET PUBLISHING &amp; BROADCASTING &amp; WEB SEARCH PORTALS</className></classificationItem></classification><classification classificationScheme="ticker"><classificationItem score="83"><className>TWTR (NYSE)</className></classificationItem><classificationItem score="53"><className>FB (NASDAQ)</className></classificationItem></classification></classificationGroup><classificationGroup classificationScheme="indexing-terms"><classification classificationScheme="subject"><classificationItem score="94"><classCode>STX000118</classCode><className>ASIAN AMERICANS</className></classificationItem><classificationItem score="90"><classCode>ST0008ZGX</classCode><className>CYBERCRIME</className></classificationItem><classificationItem score="90"><classCode>ST000DN9X</classCode><className>HATE SPEECH</className></classificationItem><classificationItem score="90"><classCode>ST0009RD1</classCode><className>INTERNET SOCIAL NETWORKING</className></classificationItem><classificationItem score="90"><classCode>STX001027</classCode><className>LIBEL &amp; SLANDER</className></classificationItem><classificationItem score="90"><classCode>ST0009FJK</classCode><className>NEGATIVE PERSONAL NEWS</className></classificationItem><classificationItem score="90"><classCode>STX001347</classCode><className>POLLS &amp; SURVEYS</className></classificationItem><classificationItem score="89"><classCode>ST000A7IS</classCode><className>ASSOCIATIONS &amp; ORGANIZATIONS</className></classificationItem><classificationItem score="89"><classCode>ST000DQGE</classCode><className>COVID CORONAVIRUS</className></classificationItem><classificationItem score="89"><classCode>ST000DOTH</classCode><className>COVID-19 CORONAVIRUS</className></classificationItem><classificationItem score="89"><classCode>STX000912</classCode><className>INFECTIOUS DISEASE</className></classificationItem><classificationItem score="89"><classCode>STX001880</classCode><className>PUBLIC HEALTH</className></classificationItem><classificationItem score="89"><classCode>ST000DA0C</classCode><className>RACISM &amp; XENOPHOBIA</className></classificationItem><classificationItem score="89"><classCode>STX001477</classCode><className>RESEARCH REPORTS</className></classificationItem><classificationItem score="87"><classCode>ST000DOTY</classCode><className>CORONAVIRUSES</className></classificationItem><classificationItem score="78"><classCode>STX000369</classCode><className>CONSPIRACY</className></classificationItem><classificationItem score="78"><classCode>ST000DM60</classCode><className>DOXING</className></classificationItem><classificationItem score="78"><classCode>ST0009P2U</classCode><className>ETHNIC GROUPS</className></classificationItem><classificationItem score="78"><classCode>ST00097CI</classCode><className>HEALTH DEPARTMENTS</className></classificationItem><classificationItem score="78"><classCode>ST0008ZF6</classCode><className>INTERVIEWS</className></classificationItem><classificationItem score="78"><classCode>N923120CC</classCode><className>PUBLIC HEALTH ADMINISTRATION</className></classificationItem><classificationItem score="78"><classCode>ST000D0VJ</classCode><className>SOCIAL MEDIA</className></classificationItem><classificationItem score="73"><classCode>ST00096VM</classCode><className>DEMOGRAPHIC GROUPS</className></classificationItem><classificationItem score="72"><classCode>STX001556</classCode><className>SEXUAL HARASSMENT</className></classificationItem><classificationItem score="70"><classCode>STX002064</classCode><className>EPIDEMICS</className></classificationItem><classificationItem score="70"><classCode>STX000914</classCode><className>INFLUENZA</className></classificationItem><classificationItem score="70"><classCode>ST000DOXW</classCode><className>PANDEMICS</className></classificationItem><classificationItem score="70"><classCode>STX002145</classCode><className>VIRUSES</className></classificationItem><classificationItem score="69"><classCode>STX002125</classCode><className>SARS</className></classificationItem><classificationItem score="66"><classCode>ST000DNV7</classCode><className>US PRESIDENTIAL CANDIDATES 2020</className></classificationItem><classificationItem score="60"><classCode>ST00097CV</classCode><className>UNITED NATIONS INSTITUTIONS</className></classificationItem><classificationItem score="51"><classCode>ST000DPS6</classCode><className>CONSPIRACY THEORY</className></classificationItem></classification><classification classificationScheme="industry"><classificationItem score="90"><classCode>STX000354</classCode><className>COMPUTER NETWORKS</className></classificationItem><classificationItem score="90"><classCode>ST0008ZGX</classCode><className>CYBERCRIME</className></classificationItem><classificationItem score="90"><classCode>STX000580</classCode><className>ELECTRONIC PUBLISHING</className></classificationItem><classificationItem score="90"><classCode>ST0009RD1</classCode><className>INTERNET SOCIAL NETWORKING</className></classificationItem><classificationItem score="90"><classCode>STX000962</classCode><className>WEBSITES &amp; PORTALS</className></classificationItem><classificationItem score="78"><classCode>ST000DN7Y</classCode><className>DATA ANALYTICS</className></classificationItem><classificationItem score="78"><classCode>ST000DM60</classCode><className>DOXING</className></classificationItem><classificationItem score="78"><classCode>ST00097CI</classCode><className>HEALTH DEPARTMENTS</className></classificationItem><classificationItem score="78"><classCode>ST000D0VJ</classCode><className>SOCIAL MEDIA</className></classificationItem><classificationItem score="77"><classCode>N518112MM</classCode><className>WEB SEARCH PORTALS</className></classificationItem><classificationItem score="72"><classCode>STX001536</classCode><className>SEARCH ENGINES</className></classificationItem></classification><classification classificationScheme="city"><classificationItem score="79"><classCode>GX513</classCode><className>SAN FRANCISCO, CA, USA</className></classificationItem><classificationItem score="78"><classCode>GX601</classCode><className>NEW YORK, NY, USA</className></classificationItem></classification><classification classificationScheme="state"><classificationItem score="92"><classCode>GS120</classCode><className>CALIFORNIA, USA</className></classificationItem><classificationItem score="79"><classCode>GS148</classCode><className>NEW YORK, USA</className></classificationItem></classification><classification classificationScheme="country"><classificationItem score="95"><classCode>GC302</classCode><className>CHINA</className></classificationItem><classificationItem score="95"><classCode>GC343</classCode><className>UNITED STATES</className></classificationItem></classification></classificationGroup></metadata></articleDoc></content></entry>