<entry xmlns="http://www.w3.org/2005/Atom"><id>urn:contentItem:6013-GY61-F11P-X2KB-00000-00</id><title>Secret fort in US must come clean on its work</title><published>2021-04-15T18:04:57Z</published><updated>2021-04-15T18:04:57Z</updated><author><name>LexisNexis</name></author><content type="application/xml"><!--Transformation version 1.25--><articleDoc xmlns="" xmlns:xsi="http://www.w3.org/2001/XMLSchema-instance" xsi:noNamespaceSchemaLocation="http://www.lexisnexis.com/xmlschemas/content/public/articledoc/1/" schemaVersion="1.8" xml:lang="en"><articleDocHead><itemInfo/></articleDocHead><nitf:body xmlns:nitf="http://iptc.org/std/NITF/2006-10-18/"><nitf:body.head><nitf:hedline><nitf:hl1>Secret fort in US must come clean on its work</nitf:hl1></nitf:hedline></nitf:body.head><nitf:body.content><bodyText><p nitf:lede="true">Fort Detrick Biological Base is situated in the US state of Maryland. It was little known to the residents of the state let alone the general public. At least that was the case before many Americans started suffering from an unknown respiratory infectious disease before the outbreak of COVID-19.</p><p>Since the outbreak, Fort Detrick has been mentioned more and more frequently.</p><p>The reason why the base had come under the spotlight was the unexplained outbreak of a deadly respiratory disease near it several months prior to the epidemic in China. This was covered by the US media. More importantly, last July, Fort Detrick was mysteriously closed, and the US government has so far been unwilling to explain the sudden closure.</p><p>Questions have been asked in the United States, and calls for clarification on a possible link between the closure of Fort Detrick and an outbreak of "large-scale influenza" and COVID-19 are getting louder.</p><p>A screenshot of the White House petition website.</p><p>On March 10, a netizen named B.Z. launched a petition on the White House petition website. The petitioner listed the timeline related to the COVID-19 outbreak and the Fort Detrick, hoping that the US government would give a reasonable explanation:</p><p>7/2019: The top secret US army's medical research institute of infectious diseases at Fort Detrick was closed;</p><p>8/2019: A large-scale outbreak of "influenza" killed more than 10,000 people;</p><p>10/2019: The United States organized Event 201 — A Global Pandemic Exercise with the participation of the Deputy Director of CIA;</p><p>11/2019: An outbreak of pneumonia of undetermined origin was found in China;</p><p>2/2020: The epidemic became global;</p><p>3/2020: A large number of English-language news reports about the closure of Fort Detrick were deleted from online access.</p><p>What makes things even more puzzling is the Event 201, a Global Pandemic Exercise, mentioned in the timeline above. This exercise, organized in October, 2019, has attracted continued international attention for the similarities between its scenario and the development of today's pandemic.</p><p>According to the official website of "Event 201", the exercise was to simulate an outbreak of a novel zoonotic transmitted from bats to pigs to people that eventually becomes efficiently transmissible from person to person, leading to a severe pandemic. The pathogen and the disease it causes are modeled largely on SARS, but it is more transmissible.</p></bodyText></nitf:body.content></nitf:body><metadata><dc:metadata xmlns:dc="http://purl.org/dc/elements/1.1/"><dc:identifier identifierScheme="DOC-ID">CHIDUS-175673047</dc:identifier><dc:source sourceScheme="royaltyReportingKey">CHIDUS2020</dc:source><dc:identifier identifierScheme="PGUID">urn:contentItem:6013-GY61-F11P-X2KB-00000-00</dc:identifier><dc:source sourceScheme="productContentSetIdentifier">411374</dc:source><dc:date dateType="last-updated">2020-05-29</dc:date></dc:metadata><wordCount number="402"/><publicationInfo><copyright>Copyright 2020 China Daily Information. Provided by Syndigate Media Inc. All Rights Reserved</copyright><publicationName>China Daily - US Edition</publicationName><publicationLogo><logo><inlineObject><locator><locatorKey><keyName name="object-key"/><keyValue value="26125"/></locatorKey><locatorParameters><parameter name="object-type" value="201"/><parameter name="object-smi" value="LOGOS"/><parameter name="componentseq" value="1"/></locatorParameters></locator></inlineObject></logo></publicationLogo><publicationDate day="29" month="05" year="2020"><dateText>May 29, 2020 Friday</dateText></publicationDate><classification classificationScheme="publicationtype"><classificationItem><className>Newspaper</className></classificationItem></classification><classification classificationScheme="publicationtype"><classificationItem><className>Newspapers</className></classificationItem></classification></publicationInfo><classification classificationScheme="language"><classificationItem classificationScheme="lang.english"><className>ENGLISH</className></classificationItem></classification><classificationGroup classificationScheme="indexing-terms"><classification classificationScheme="subject"><classificationItem score="90"><classCode>ST000DOTH</classCode><className>COVID-19 CORONAVIRUS</className></classificationItem><classificationItem score="90"><classCode>STX000511</classCode><className>DISEASES &amp; DISORDERS</className></classificationItem><classificationItem score="90"><classCode>STX000912</classCode><className>INFECTIOUS DISEASE</className></classificationItem><classificationItem score="90"><classCode>STX001317</classCode><className>PETITIONS</className></classificationItem><classificationItem score="90"><classCode>STX001880</classCode><className>PUBLIC HEALTH</className></classificationItem><classificationItem score="90"><classCode>STX001481</classCode><className>RESPIRATORY DISEASE</className></classificationItem><classificationItem score="89"><classCode>STX002064</classCode><className>EPIDEMICS</className></classificationItem><classificationItem score="89"><classCode>ST000DOXW</classCode><className>PANDEMICS</className></classificationItem><classificationItem score="89"><classCode>N921100MM</classCode><className>US FEDERAL GOVERNMENT</className></classificationItem><classificationItem score="78"><classCode>ST0009OG7</classCode><className>MAMMALS</className></classificationItem><classificationItem score="77"><classCode>STX000914</classCode><className>INFLUENZA</className></classificationItem><classificationItem score="77"><classCode>STX002111</classCode><className>PNEUMONIA</className></classificationItem><classificationItem score="77"><classCode>STX002125</classCode><className>SARS</className></classificationItem><classificationItem score="74"><classCode>ST00097CN</classCode><className>ARMIES</className></classificationItem><classificationItem score="74"><classCode>ST10244945</classCode><className>US ARMY</className></classificationItem><classificationItem score="73"><classCode>ST0009EVK</classCode><className>MEDICINE &amp; HEALTH</className></classificationItem><classificationItem score="72"><classCode>N541710QQ</classCode><className>MEDICAL RESEARCH</className></classificationItem><classificationItem score="65"><classCode>ST0009RLP</classCode><className>RESEARCH INSTITUTES</className></classificationItem></classification><classification classificationScheme="industry"><classificationItem score="74"><classCode>ST00097CN</classCode><className>ARMIES</className></classificationItem><classificationItem score="74"><classCode>ST10244945</classCode><className>US ARMY</className></classificationItem></classification><classification classificationScheme="state"><classificationItem score="79"><classCode>GS136</classCode><className>MARYLAND, USA</className></classificationItem></classification><classification classificationScheme="country"><classificationItem score="94"><classCode>GC302</classCode><className>CHINA</className></classificationItem><classificationItem score="94"><classCode>GC343</classCode><className>UNITED STATES</className></classificationItem></classification></classificationGroup></metadata></articleDoc></content></entry>