<entry xmlns="http://www.w3.org/2005/Atom"><id>urn:contentItem:5YR5-8D21-F11P-X48D-00000-00</id><title>At forum, concern over state of US-China ties</title><published>2021-04-15T18:04:57Z</published><updated>2021-04-15T18:04:57Z</updated><author><name>LexisNexis</name></author><content type="application/xml"><!--Transformation version 1.25--><articleDoc xmlns="" xmlns:xsi="http://www.w3.org/2001/XMLSchema-instance" xsi:noNamespaceSchemaLocation="http://www.lexisnexis.com/xmlschemas/content/public/articledoc/1/" schemaVersion="1.8" xml:lang="en"><articleDocHead><itemInfo/></articleDocHead><nitf:body xmlns:nitf="http://iptc.org/std/NITF/2006-10-18/"><nitf:body.head><nitf:hedline><nitf:hl1>At forum, concern over state of US-China ties</nitf:hl1></nitf:hedline></nitf:body.head><nitf:body.content><bodyText><p nitf:lede="true">[Photo/Sipa]</p><p nitf:lede="true">Politicians and scholars Tuesday called for China and the US to work together on a global public health response rather than decoupling amid the coronavirus pandemic.</p><p nitf:lede="true">During a virtual panel discussion around the theme of "Risks of US-China 'Decoupling'", held by the Bloomberg New Economy Forum, Chinese Ambassador to the US Cui Tiankai called for "a serious rethinking of the very foundations" of the bilateral relationship at this critical moment.</p><p nitf:lede="true">"For the last few years, there's been so much talk about strategic rivalry among the major powers, perhaps between China and the United States about the so- called Thucydides Trap," he said.</p><p>"Look at the situation now. An invisible virus has had such a big impact among all of us; very few people ever anticipated this," he said.</p><p>"So I think we really have to think hard. What are the real threats to the globe? What are the real threats to humanity? And what are the shared vulnerabilities for all of us, including for China and the United States, and where our true common interests lie, and how should we define a relationship on the basis of such perception and recognition?" Cui said.</p><p>"So hopefully, this pandemic will really teach all of us a good lesson," Cui added.</p><p>Cui reiterated China's efforts in keeping transparency in the process of diagnoses, medical treatment and scientific research since the outbreak.</p><p>Cui stressed that China always stands for a dialogue, and is supportive and open to all kinds of mechanisms, and almost all the changes were initiated by the US side.</p><p>"So we've been trying to meet that requirement to adjust," he said.</p><p>"Of course, we need more political dialogue and other things. And for the current priority, a joint effort to combat COVID 19," he said.</p><p>Cui said China is making efforts in facilitating the flow of medical supplies to the US.</p><p>So far, China has supplied the United States with more than 1.4 billion face masks," Cui said, or one mask for every Chinese, about five masks for every Americans. "I don't think many people are aware of these numbers, but we should do more," he said.</p><p>Kevin Rudd, former prime minister of Australia, and president of the Asia Society Policy Institute, believes the strategic dimensions of the bilateral relationship have continued to unravel, so it's hopeful "a tactical pause in hostilities" could be reached in facing the pandemic together.</p><p>Rudd said that "before the COVID-19 crisis began, we had the beginnings of a tactical pause in hostilities with the phase one trade deal, then COVID arrived, and then everything degenerated rapidly at virtually every level of the US-China relationship", he said.</p><p>Rudd said that strategically, the relationship is now in fundamental disrepair. The machinery that had previously existed through the strategic and economic dialogue has virtually been rendered redundant.</p><p>"On top of that, [there is] the bilateral slagging match about the origins of the virus," Rudd said. "So the challenge right now is for something to be salvaged out of the ashes of this."</p><p>Rudd said right now the two countries should mostly focus on concrete collaboration on vaccine development "and frankly, collaboration in third countries", he said, adding that it's better to address COVID-19 jointly "rather than competitively".</p><p>Susan Shirk, research professor and chair of the 21st Century China Center, School of Global Policy &amp; Strategy, at the University of California, San Diego, echoed Rudd's views. "They need to work together to help the developing world and the vaccine-development and distribution," she said.</p><p>Shirk said active efforts have been made by philanthropists like Alibaba's co-founder Joe Tsai and universities and scholars including herself to try to build connections to address the immediate needs of medical equipment.</p><p>She appealed to "clear away the red tape and the difficulties and the movement of medical supplies".</p><p>"Believe it or not, the Trump tariffs still exist on some of this equipment," she said.</p><p>Shirk called for cooperation at the governmental level.</p><p>"This does have to be led at the leadership level, at the political level, because as we noted earlier, we've seen public opinion growing more hostile, being led by the politicians."</p><p>As US President Donald Trump tweeted on Monday that he will temporarily suspend immigration into the US amid the pandemic, Shirk said it's "so alien to American tradition. What makes America great is immigration, and the talented people around the world, including in particular Chinese people, have been a vital ingredient in American innovation in recent years," she said.</p></bodyText></nitf:body.content></nitf:body><metadata><dc:metadata xmlns:dc="http://purl.org/dc/elements/1.1/"><dc:identifier identifierScheme="DOC-ID">CHIDUS-172890536</dc:identifier><dc:source sourceScheme="royaltyReportingKey">CHIDUS2020</dc:source><dc:identifier identifierScheme="PGUID">urn:contentItem:5YR5-8D21-F11P-X48D-00000-00</dc:identifier><dc:source sourceScheme="productContentSetIdentifier">411374</dc:source><dc:date dateType="last-updated">2020-04-22</dc:date></dc:metadata><wordCount number="763"/><publicationInfo><copyright>Copyright 2020 China Daily Information. Provided by Syndigate Media Inc. All Rights Reserved</copyright><publicationName>China Daily - US Edition</publicationName><publicationLogo><logo><inlineObject><locator><locatorKey><keyName name="object-key"/><keyValue value="26125"/></locatorKey><locatorParameters><parameter name="object-type" value="201"/><parameter name="object-smi" value="LOGOS"/><parameter name="componentseq" value="1"/></locatorParameters></locator></inlineObject></logo></publicationLogo><publicationDate day="22" month="04" year="2020"><dateText>April 22, 2020 Wednesday</dateText></publicationDate><classification classificationScheme="publicationtype"><classificationItem><className>Newspaper</className></classificationItem></classification><classification classificationScheme="publicationtype"><classificationItem><className>Newspapers</className></classificationItem></classification></publicationInfo><classification classificationScheme="language"><classificationItem classificationScheme="lang.english"><className>ENGLISH</className></classificationItem></classification><classificationGroup classificationScheme="indexing-terms"><classification classificationScheme="subject"><classificationItem score="91"><classCode>STX001880</classCode><className>PUBLIC HEALTH</className></classificationItem><classificationItem score="90"><classCode>ST000DOTY</classCode><className>CORONAVIRUSES</className></classificationItem><classificationItem score="90"><classCode>STX002064</classCode><className>EPIDEMICS</className></classificationItem><classificationItem score="90"><classCode>STX000912</classCode><className>INFECTIOUS DISEASE</className></classificationItem><classificationItem score="90"><classCode>ST000DOXW</classCode><className>PANDEMICS</className></classificationItem><classificationItem score="90"><classCode>N923120CC</classCode><className>PUBLIC HEALTH ADMINISTRATION</className></classificationItem><classificationItem score="90"><classCode>STX002145</classCode><className>VIRUSES</className></classificationItem><classificationItem score="89"><classCode>ST000DOTH</classCode><className>COVID-19 CORONAVIRUS</className></classificationItem><classificationItem score="89"><classCode>STX000752</classCode><className>FOREIGN POLICY</className></classificationItem><classificationItem score="89"><classCode>N928000CC</classCode><className>INTERNATIONAL RELATIONS &amp; NATIONAL SECURITY</className></classificationItem><classificationItem score="89"><classCode>STX001346</classCode><className>POLITICS</className></classificationItem><classificationItem score="78"><classCode>N921110CC</classCode><className>HEADS OF STATE &amp; GOVERNMENT</className></classificationItem><classificationItem score="73"><classCode>STX001207</classCode><className>NEW ECONOMY</className></classificationItem><classificationItem score="73"><classCode>ST0009EOQ</classCode><className>PRIME MINISTERS</className></classificationItem><classificationItem score="64"><classCode>ST0009FY9</classCode><className>EXPERIMENTATION &amp; RESEARCH</className></classificationItem><classificationItem score="64"><classCode>STX002002</classCode><className>MEDICAL TREATMENTS &amp; PROCEDURES</className></classificationItem></classification><classification classificationScheme="person"><classificationItem score="61"><classCode>PE0009WH0</classCode><className>KEVIN RUDD</className></classificationItem></classification><classification classificationScheme="country"><classificationItem score="99"><classCode>GC302</classCode><className>CHINA</className></classificationItem><classificationItem score="98"><classCode>GC343</classCode><className>UNITED STATES</className></classificationItem></classification></classificationGroup></metadata></articleDoc></content></entry>