<entry xmlns="http://www.w3.org/2005/Atom"><id>urn:contentItem:5YTY-JB61-F11P-X013-00000-00</id><title>Public health scholars urge nonpartisan approach to coronavirus</title><published>2021-04-15T18:04:57Z</published><updated>2021-04-15T18:04:57Z</updated><author><name>LexisNexis</name></author><content type="application/xml"><!--Transformation version 1.25--><articleDoc xmlns="" xmlns:xsi="http://www.w3.org/2001/XMLSchema-instance" xsi:noNamespaceSchemaLocation="http://www.lexisnexis.com/xmlschemas/content/public/articledoc/1/" schemaVersion="1.8" xml:lang="en"><articleDocHead><itemInfo/></articleDocHead><nitf:body xmlns:nitf="http://iptc.org/std/NITF/2006-10-18/"><nitf:body.head><nitf:hedline><nitf:hl1>Public health scholars urge nonpartisan approach to coronavirus</nitf:hl1></nitf:hedline></nitf:body.head><nitf:body.content><bodyText><p nitf:lede="true">More than 70 scholars in the public health field signed a letter imploring leaders in the US and China to put partisan interests aside and coordinate their responses to the COVID-19 outbreak.</p><p>"We commend government agencies in Washington, Beijing and elsewhere for the energy they are expending to fight COVID-19. We want to implore leaders, however, against recklessly politicizing this pandemic," said the open letter issued Friday.</p><p>Signatories include Matthew Kohrman, associate professor of medical anthropology at Stanford University; Xi Chen, assistant professor at the Yale School of Public Health; and David Christiani, professor at the Harvard T.H. Chan School of Public Health.</p><p>In the letter, the scholars said diseases are political and they necessitate governmental action and that no one should try to suggest otherwise.</p><p>"Unchecked, they devastate communities and economies, ravaging the most vulnerable among us the hardest," they wrote.</p><p>The letter, which was published in The New York Times in a shortened version, encourages global leaders to treat the pandemic as a political foe, because it has led to millions of people put out of work and said it could kill untold numbers of people.</p><p>They said "a powerful, multilevel, transnational, coordinated array of political responses must occur".</p><p>"The use of government authority, invoking the bully pulpit and the strong arm of local officials, is needed like never before. In other words, more politics, not less, is required when it comes to COVID-19," the scholars wrote.</p><p>"But leaders in Washington, Beijing and beyond must avoid infusing the politics needed to tackle this disease with tactics designed to serve their own partisan interests," they added, stressing that their power should be applied "to care for others, to marshal resources for disease prevention and treatment — not to deflect blame, shore up approval ratings, settle scores, or demonize people because of ethnicity at home or abroad".</p><p>"Striking a balance, between the right and wrong ways to politicize COVID-19 responses, is hard given the tenets of containment," they said.</p><p>The scholars wrote that the public is told to secure themselves, their families and their countries, but diseases know no borders and medical supply chains are international. Therefore, they said, "scientific innovation and crisis management necessitate data sharing".</p><p>"Intergovernmental collaboration, as a consequence, cannot be sacrificed to containment. They must go hand-in-hand," they stressed.</p><p>They called on leaders to be cautious when deploying their political capital to fight COVID-19 for another reason: "Relationships can take years to nurture and only moments to destroy, especially when an ill-advised tweet, meme or comment is unleashed and spreads globally.</p><p>"Do not be flip when it comes to your important relationships," the scholars warned.</p><p>They said "there is no place today for politicians who traffic in conspiracy theories or insulting language about virological origins".</p><p>"Now is the time, instead, for leaders to re-build global public health alliances, such as the woefully underfunded World Health Organization, to renew scientific exchanges, and to communicate respectfully across borders," they wrote.</p></bodyText></nitf:body.content></nitf:body><metadata><dc:metadata xmlns:dc="http://purl.org/dc/elements/1.1/"><dc:identifier identifierScheme="DOC-ID">CHIDUS-173779595</dc:identifier><dc:source sourceScheme="royaltyReportingKey">CHIDUS2020</dc:source><dc:identifier identifierScheme="PGUID">urn:contentItem:5YTY-JB61-F11P-X013-00000-00</dc:identifier><dc:source sourceScheme="productContentSetIdentifier">411374</dc:source><dc:date dateType="last-updated">2020-05-05</dc:date></dc:metadata><wordCount number="537"/><publicationInfo><copyright>Copyright 2020 China Daily Information. Provided by Syndigate Media Inc. All Rights Reserved</copyright><publicationName>China Daily - US Edition</publicationName><publicationLogo><logo><inlineObject><locator><locatorKey><keyName name="object-key"/><keyValue value="26125"/></locatorKey><locatorParameters><parameter name="object-type" value="201"/><parameter name="object-smi" value="LOGOS"/><parameter name="componentseq" value="1"/></locatorParameters></locator></inlineObject></logo></publicationLogo><publicationDate day="04" month="05" year="2020"><dateText>May 4, 2020 Monday</dateText></publicationDate><classification classificationScheme="publicationtype"><classificationItem><className>Newspaper</className></classificationItem></classification><classification classificationScheme="publicationtype"><classificationItem><className>Newspapers</className></classificationItem></classification></publicationInfo><classification classificationScheme="language"><classificationItem classificationScheme="lang.english"><className>ENGLISH</className></classificationItem></classification><classificationGroup classificationScheme="indexing-terms"><classification classificationScheme="subject"><classificationItem score="92"><classCode>STX001880</classCode><className>PUBLIC HEALTH</className></classificationItem><classificationItem score="91"><classCode>ST000DOTH</classCode><className>COVID-19 CORONAVIRUS</className></classificationItem><classificationItem score="90"><classCode>ST0009JY5</classCode><className>COLLEGE &amp; UNIVERSITY PROFESSORS</className></classificationItem><classificationItem score="90"><classCode>STX002064</classCode><className>EPIDEMICS</className></classificationItem><classificationItem score="90"><classCode>STX000912</classCode><className>INFECTIOUS DISEASE</className></classificationItem><classificationItem score="90"><classCode>ST000DOXW</classCode><className>PANDEMICS</className></classificationItem><classificationItem score="90"><classCode>STX001346</classCode><className>POLITICS</className></classificationItem><classificationItem score="90"><classCode>N923120CC</classCode><className>PUBLIC HEALTH ADMINISTRATION</className></classificationItem><classificationItem score="89"><classCode>STX000511</classCode><className>DISEASES &amp; DISORDERS</className></classificationItem><classificationItem score="89"><classCode>ST0009EVP</classCode><className>MEDICAL SCIENCE</className></classificationItem><classificationItem score="89"><classCode>STX002145</classCode><className>VIRUSES</className></classificationItem><classificationItem score="78"><classCode>ST000DOTY</classCode><className>CORONAVIRUSES</className></classificationItem><classificationItem score="78"><classCode>N920000CC</classCode><className>GOVERNMENT &amp; PUBLIC ADMINISTRATION</className></classificationItem><classificationItem score="78"><classCode>ST0009U56</classCode><className>HUMANITIES &amp; SOCIAL SCIENCE</className></classificationItem><classificationItem score="78"><classCode>ST0009P1Y</classCode><className>SOCIAL SCIENCE EDUCATION</className></classificationItem><classificationItem score="78"><classCode>ST000CFFM</classCode><className>VIROLOGY</className></classificationItem><classificationItem score="73"><classCode>ST000COUY</classCode><className>PREVENTION &amp; WELLNESS</className></classificationItem><classificationItem score="72"><classCode>ST000DN6R</classCode><className>PUBLIC OFFICIALS</className></classificationItem><classificationItem score="68"><classCode>STX001444</classCode><className>RACE &amp; ETHNICITY</className></classificationItem><classificationItem score="56"><classCode>ST0009TS7</classCode><className>ANTHROPOLOGY &amp; ARCHAEOLOGY</className></classificationItem><classificationItem score="50"><classCode>ST000DPS6</classCode><className>CONSPIRACY THEORY</className></classificationItem></classification><classification classificationScheme="industry"><classificationItem score="90"><classCode>ST0009JY5</classCode><className>COLLEGE &amp; UNIVERSITY PROFESSORS</className></classificationItem><classificationItem score="78"><classCode>ST000CFFM</classCode><className>VIROLOGY</className></classificationItem></classification><classification classificationScheme="city"><classificationItem score="89"><classCode>GX071</classCode><className>BEIJING, CHINA</className></classificationItem></classification><classification classificationScheme="state"><classificationItem score="91"><classCode>GR203</classCode><className>NORTH CENTRAL CHINA</className></classificationItem></classification><classification classificationScheme="country"><classificationItem score="94"><classCode>GC302</classCode><className>CHINA</className></classificationItem><classificationItem score="93"><classCode>GC343</classCode><className>UNITED STATES</className></classificationItem></classification></classificationGroup></metadata></articleDoc></content></entry>