<entry xmlns="http://www.w3.org/2005/Atom"><id>urn:contentItem:5YVC-GDC1-F11P-X1N4-00000-00</id><title>Ambassador Cui appeals for end to virus 'blame game' by the US</title><published>2021-04-15T18:04:57Z</published><updated>2021-04-15T18:04:57Z</updated><author><name>LexisNexis</name></author><content type="application/xml"><!--Transformation version 1.25--><articleDoc xmlns="" xmlns:xsi="http://www.w3.org/2001/XMLSchema-instance" xsi:noNamespaceSchemaLocation="http://www.lexisnexis.com/xmlschemas/content/public/articledoc/1/" schemaVersion="1.8" xml:lang="en"><articleDocHead><itemInfo/></articleDocHead><nitf:body xmlns:nitf="http://iptc.org/std/NITF/2006-10-18/"><nitf:body.head><nitf:hedline><nitf:hl1>Ambassador Cui appeals for end to virus 'blame game' by the US</nitf:hl1></nitf:hedline></nitf:body.head><nitf:body.content><bodyText><p nitf:lede="true">Cui Tiankai, Chinese ambassador to the US. [Photo/Agencies]</p><p nitf:lede="true">China's top envoy to the United States on Wednesday called for an end to the blame game and urged the two countries to rebuild trust and focus on the COVID-19 pandemic.</p><p nitf:lede="true">In an op-ed piece published in The Washington Post, Chinese Ambassador Cui Tiankai railed against what he said was "the absurd mind-set of 'always blame China'", which he said has been undercutting international efforts to curb the virus.</p><p>"Blaming China will not end this pandemic. On the contrary, the mind-set risks decoupling China and the United States and hurting our efforts to fight the disease, our coordination to reignite the global economy, our ability to conquer other challenges and our prospects of a better future," Cui wrote.</p><p>"The United States would not emerge as a winner from this scenario," he added.</p><p>US Secretary of State Mike Pompeo on Wednesday continued to fault China for the initial outbreak of the novel coronavirus and pushed back against suggestions that he and other Trump administration officials have issued conflicting statements about the exact origins of the outbreak.</p><p>Meanwhile, White House Press Secretary Kayleigh McEnany said at a news briefing Wednesday that the relationship between Washington and Beijing is one of "disappointment and frustration". McEnany also accused China of withholding information about the virus.</p><p>"Behind the mind-set of 'always blame China' is a kind of dirty politics, championed by a few people who shift the spotlight for political gain," said Cui. "In their manipulation, China has to be wrong."</p><p>In his opinion piece, the ambassador insisted China has done its best to share information about the virus.</p><p>He noted that on Dec 27, a doctor in Hubei province reported three suspicious cases. In the following four days, local and central governments conducted investigations on the ground. Then, on Jan 3 — within a week — China began briefing the World Health Organization (WHO), the US and other countries about the outbreak.</p><p>On Jan 12, China released the whole genome sequence of the virus, which has proved critical for diagnosis and treatment of the disease globally.</p><p>"We shared information with the United States at the earliest possible time and have been supporting its fight against the disease," Cui wrote.</p><p>The two countries' centers for disease control and prevention and other government agencies have been in close communication since Jan 4, the day after China briefed the WHO. In their phone calls, President Xi Jinping gave detailed accounts of China's measures to President Donald Trump, according to Cui.</p><p>"It is time to end the blame game. It is time to focus on the disease and rebuild trust between our two countries," he wrote.</p><p>Douglas H. Paal, a distinguished fellow in the Asia Program at the Carnegie Endowment for International Peace, said Ambassador Cui deserves credit for trying to prevent emotions from overtaking good judgment in US-China relations.</p><p>"Many others share my belief that the world's leading countries need to cooperate multilaterally to mitigate and ultimately prevent the spread of the virus," Paal told China Daily.</p><p>"The temptation to put one's own people first is understandable, but viruses don't respect borders," he said.</p><p>Cheng Li, director of the Brookings Institution's John L. Thornton China Center, cautioned that mutual animosity risks putting the bilateral relationship, as well as world peace, in jeopardy.</p><p>"Instead of blaming each other, the most important thing is for the two sides to work together firstly on the medical and public health fronts, and so all the other issues should be secondary," Li said.</p><p>"There's no reason that the United States and China should not cooperate at this critical moment," he said.</p></bodyText></nitf:body.content></nitf:body><metadata><dc:metadata xmlns:dc="http://purl.org/dc/elements/1.1/"><dc:identifier identifierScheme="DOC-ID">CHIDUS-173974472</dc:identifier><dc:source sourceScheme="royaltyReportingKey">CHIDUS2020</dc:source><dc:identifier identifierScheme="PGUID">urn:contentItem:5YVC-GDC1-F11P-X1N4-00000-00</dc:identifier><dc:source sourceScheme="productContentSetIdentifier">411374</dc:source><dc:date dateType="last-updated">2020-05-07</dc:date></dc:metadata><wordCount number="625"/><publicationInfo><copyright>Copyright 2020 China Daily Information. Provided by Syndigate Media Inc. All Rights Reserved</copyright><publicationName>China Daily - US Edition</publicationName><publicationLogo><logo><inlineObject><locator><locatorKey><keyName name="object-key"/><keyValue value="26125"/></locatorKey><locatorParameters><parameter name="object-type" value="201"/><parameter name="object-smi" value="LOGOS"/><parameter name="componentseq" value="1"/></locatorParameters></locator></inlineObject></logo></publicationLogo><publicationDate day="07" month="05" year="2020"><dateText>May 7, 2020 Thursday</dateText></publicationDate><classification classificationScheme="publicationtype"><classificationItem><className>Newspaper</className></classificationItem></classification><classification classificationScheme="publicationtype"><classificationItem><className>Newspapers</className></classificationItem></classification></publicationInfo><classification classificationScheme="language"><classificationItem classificationScheme="lang.english"><className>ENGLISH</className></classificationItem></classification><classificationGroup classificationScheme="indexing-terms"><classification classificationScheme="company"><classificationItem score="58"><classCode>CC000254Q</classCode><className>GRAHAM HOLDINGS CO</className></classificationItem></classification><classification classificationScheme="industry"><classificationItem score="58"><className>NAICS517311 WIRED TELECOMMUNICATIONS CARRIERS</className></classificationItem><classificationItem score="58"><className>NAICS515120 TELEVISION BROADCASTING</className></classificationItem><classificationItem score="58"><className>NAICS511120 PERIODICAL PUBLISHERS</className></classificationItem><classificationItem score="58"><className>NAICS511110 NEWSPAPER PUBLISHERS</className></classificationItem></classification><classification classificationScheme="ticker"><classificationItem score="58"><className>GHC (NYSE)</className></classificationItem></classification></classificationGroup><classificationGroup classificationScheme="indexing-terms"><classification classificationScheme="subject"><classificationItem score="99"><classCode>STX000556</classCode><className>EDITORIALS &amp; OPINIONS</className></classificationItem><classificationItem score="92"><classCode>N928120JM</classCode><className>EMBASSIES &amp; CONSULATES</className></classificationItem><classificationItem score="90"><classCode>STX002064</classCode><className>EPIDEMICS</className></classificationItem><classificationItem score="90"><classCode>STX000912</classCode><className>INFECTIOUS DISEASE</className></classificationItem><classificationItem score="90"><classCode>STX000950</classCode><className>INTERNATIONAL RELATIONS</className></classificationItem><classificationItem score="90"><classCode>ST000DOXW</classCode><className>PANDEMICS</className></classificationItem><classificationItem score="90"><classCode>STX001880</classCode><className>PUBLIC HEALTH</className></classificationItem><classificationItem score="89"><classCode>STX000511</classCode><className>DISEASES &amp; DISORDERS</className></classificationItem><classificationItem score="89"><classCode>STX002233</classCode><className>EPIDEMIOLOGY</className></classificationItem><classificationItem score="89"><classCode>ST00097CI</classCode><className>HEALTH DEPARTMENTS</className></classificationItem><classificationItem score="89"><classCode>N923120CC</classCode><className>PUBLIC HEALTH ADMINISTRATION</className></classificationItem><classificationItem score="89"><classCode>N921100MM</classCode><className>US FEDERAL GOVERNMENT</className></classificationItem><classificationItem score="88"><classCode>N920000CC</classCode><className>GOVERNMENT &amp; PUBLIC ADMINISTRATION</className></classificationItem><classificationItem score="78"><classCode>STX000797</classCode><className>GLOBALIZATION</className></classificationItem><classificationItem score="78"><classCode>ST00096SZ</classCode><className>PRESS CONFERENCES</className></classificationItem><classificationItem score="78"><classCode>ST000DN6R</classCode><className>PUBLIC OFFICIALS</className></classificationItem><classificationItem score="78"><classCode>N928120MM</classCode><className>STATE DEPARTMENTS &amp; FOREIGN SERVICES</className></classificationItem><classificationItem score="77"><classCode>ST000DOTY</classCode><className>CORONAVIRUSES</className></classificationItem><classificationItem score="77"><classCode>ST000DOTH</classCode><className>COVID-19 CORONAVIRUS</className></classificationItem><classificationItem score="77"><classCode>N551112MM</classCode><className>HOLDING COMPANIES</className></classificationItem><classificationItem score="77"><classCode>ST0009FJK</classCode><className>NEGATIVE PERSONAL NEWS</className></classificationItem><classificationItem score="77"><classCode>ST000DF5U</classCode><className>US PRESIDENTIAL CANDIDATES 2016</className></classificationItem><classificationItem score="77"><classCode>STX002145</classCode><className>VIRUSES</className></classificationItem><classificationItem score="72"><classCode>N813211MM</classCode><className>FOUNDATIONS</className></classificationItem><classificationItem score="72"><classCode>ST000DLOJ</classCode><className>GOVERNMENT ADVISORS &amp; MINISTERS</className></classificationItem><classificationItem score="71"><classCode>ST000D0UY</classCode><className>US PRESIDENTIAL CANDIDATES 2012</className></classificationItem><classificationItem score="71"><classCode>ST000DNV7</classCode><className>US PRESIDENTIAL CANDIDATES 2020</className></classificationItem><classificationItem score="69"><classCode>ST000DM8Y</classCode><className>BUSINESS NEWS</className></classificationItem><classificationItem score="69"><classCode>STX001346</classCode><className>POLITICS</className></classificationItem><classificationItem score="65"><classCode>ST00097CV</classCode><className>UNITED NATIONS INSTITUTIONS</className></classificationItem><classificationItem score="62"><classCode>STX000969</classCode><className>INVESTIGATIONS</className></classificationItem><classificationItem score="54"><classCode>STX001937</classCode><className>ECONOMY &amp; ECONOMIC INDICATORS</className></classificationItem><classificationItem score="50"><classCode>ST000A7IS</classCode><className>ASSOCIATIONS &amp; ORGANIZATIONS</className></classificationItem></classification><classification classificationScheme="industry"><classificationItem score="90"><classCode>N511120MM</classCode><className>PERIODICAL PUBLISHING</className></classificationItem><classificationItem score="90"><classCode>N511000CC</classCode><className>PUBLISHING</className></classificationItem><classificationItem score="89"><classCode>STX002233</classCode><className>EPIDEMIOLOGY</className></classificationItem><classificationItem score="89"><classCode>ST00097CI</classCode><className>HEALTH DEPARTMENTS</className></classificationItem><classificationItem score="89"><classCode>STX001693</classCode><className>TELECOMMUNICATIONS</className></classificationItem><classificationItem score="77"><classCode>N515000CC</classCode><className>BROADCASTING INDUSTRY</className></classificationItem><classificationItem score="77"><classCode>N511110MM</classCode><className>NEWSPAPER PUBLISHING</className></classificationItem><classificationItem score="77"><classCode>ST0008XRM</classCode><className>TELECOMMUNICATIONS PROVIDERS</className></classificationItem><classificationItem score="77"><classCode>N517000CC</classCode><className>TELECOMMUNICATIONS SERVICES</className></classificationItem><classificationItem score="72"><classCode>N515120CC</classCode><className>TELEVISION INDUSTRY</className></classificationItem></classification><classification classificationScheme="person"><classificationItem score="79"><classCode>PE000DA1F</classCode><className>XI JINPING</className></classificationItem><classificationItem score="71"><classCode>PE000CTJ0</classCode><className>MIKE POMPEO</className></classificationItem><classificationItem score="50"><classCode>PE0009THX</classCode><className>DONALD TRUMP</className></classificationItem></classification><classification classificationScheme="city"><classificationItem score="74"><classCode>GX071</classCode><className>BEIJING, CHINA</className></classificationItem></classification><classification classificationScheme="state"><classificationItem score="79"><classCode>GR201</classCode><className>CENTRAL CHINA</className></classificationItem><classificationItem score="79"><classCode>GS033</classCode><className>HUBEI, CHINA</className></classificationItem><classificationItem score="79"><classCode>GR203</classCode><className>NORTH CENTRAL CHINA</className></classificationItem></classification><classification classificationScheme="country"><classificationItem score="99"><classCode>GC302</classCode><className>CHINA</className></classificationItem><classificationItem score="98"><classCode>GC343</classCode><className>UNITED STATES</className></classificationItem><classificationItem score="79"><classCode>GT113</classCode><className>ASIA</className></classificationItem></classification></classificationGroup></metadata></articleDoc></content></entry>