<entry xmlns="http://www.w3.org/2005/Atom"><id>urn:contentItem:5YR1-8991-F11P-X4RH-00000-00</id><title>Ministry: 'Enemy is the virus not China'</title><published>2021-04-15T18:04:57Z</published><updated>2021-04-15T18:04:57Z</updated><author><name>LexisNexis</name></author><content type="application/xml"><!--Transformation version 1.25--><articleDoc xmlns="" xmlns:xsi="http://www.w3.org/2001/XMLSchema-instance" xsi:noNamespaceSchemaLocation="http://www.lexisnexis.com/xmlschemas/content/public/articledoc/1/" schemaVersion="1.8" xml:lang="en"><articleDocHead><itemInfo/></articleDocHead><nitf:body xmlns:nitf="http://iptc.org/std/NITF/2006-10-18/"><nitf:body.head><nitf:hedline><nitf:hl1>Ministry: 'Enemy is the virus not China'</nitf:hl1></nitf:hedline></nitf:body.head><nitf:body.content><bodyText><p nitf:lede="true">Paramedics take a patient into the emergency center at Maimonides Medical Center during the outbreak of the coronavirus disease (COVID-19), in the Brooklyn borough of New York, US, April 14, 2020. [Photo/Agencies]</p><p>Beijing said on Monday that China is a victim of coronavirus instead of a culprit or an accomplice of the pathogen and urged certain people in the United States to stop groundless accusations against the country.</p><p>Foreign Ministry spokesman Geng Shuang made the remark amid rising criticism of China in recent weeks from the US, including by US President Donald Trump, who said on Saturday that China should face consequences if it was "knowingly responsible" for the pandemic.</p><p>"Some people in the US must have a clear understanding that their enemy is the virus not China," Geng said at a daily news briefing, urging such people to respect the facts, science and the international consensus.</p><p>Attacks and smears on other countries will not bring back the lost time and lives, he said, asking that certain US officials stop making irresponsible remarks and focus on curbing the pandemic at the domestic level and promote international cooperation.</p><p>Geng called upon the international community to show solidarity and cooperate to deal with the pandemic instead of pointing fingers at each other and claiming so-called accountability and compensation.</p><p>In an earlier interview with an Australian think tank ADC forum, Kishore Mahbubani, a professor at the National University of Singapore, said that the 2008-09 financial crisis began with the collapse of Lehman Brothers in the US and caused damage to many economies, but nobody asked the US for compensation.</p><p>In terms of repeated claims by US officials that the virus leaked from a laboratory in the Chinese city of Wuhan, Geng reiterated that the origin of the virus should be determined by scientists and experts, and cannot be politicized.</p><p>Also on Monday, Geng refuted White House Trade Adviser Peter Navarro's criticism that China hoarded personal protective equipment and is profiteering from it, saying such a remark distorts the truth.</p><p>According to the General Administration of Customs, from March 1 to April 17, China provided the US with 1.86 billion masks, 258 million pairs of gloves, 29.19 million sets of protective clothing, 3.13 million pairs of goggles, and 156 invasive ventilators and 4,254 non-invasive ventilators, Geng said.</p></bodyText></nitf:body.content></nitf:body><metadata><dc:metadata xmlns:dc="http://purl.org/dc/elements/1.1/"><dc:identifier identifierScheme="DOC-ID">CHIDUS-172835661</dc:identifier><dc:source sourceScheme="royaltyReportingKey">CHIDUS2020</dc:source><dc:identifier identifierScheme="PGUID">urn:contentItem:5YR1-8991-F11P-X4RH-00000-00</dc:identifier><dc:source sourceScheme="productContentSetIdentifier">411374</dc:source><dc:date dateType="last-updated">2020-04-21</dc:date></dc:metadata><wordCount number="399"/><publicationInfo><copyright>Copyright 2020 China Daily Information. Provided by Syndigate Media Inc. All Rights Reserved</copyright><publicationName>China Daily - US Edition</publicationName><publicationLogo><logo><inlineObject><locator><locatorKey><keyName name="object-key"/><keyValue value="26125"/></locatorKey><locatorParameters><parameter name="object-type" value="201"/><parameter name="object-smi" value="LOGOS"/><parameter name="componentseq" value="1"/></locatorParameters></locator></inlineObject></logo></publicationLogo><publicationDate day="21" month="04" year="2020"><dateText>April 21, 2020 Tuesday</dateText></publicationDate><classification classificationScheme="publicationtype"><classificationItem><className>Newspaper</className></classificationItem></classification><classification classificationScheme="publicationtype"><classificationItem><className>Newspapers</className></classificationItem></classification></publicationInfo><classification classificationScheme="language"><classificationItem classificationScheme="lang.english"><className>ENGLISH</className></classificationItem></classification><classificationGroup classificationScheme="indexing-terms"><classification classificationScheme="company"><classificationItem score="53"><classCode>CC0002HGB</classCode><className>LEHMAN BROTHERS HOLDINGS INC</className></classificationItem></classification><classification classificationScheme="industry"><classificationItem score="53"><className>NAICS523110 INVESTMENT BANKING &amp; SECURITIES DEALING</className></classificationItem><classificationItem score="53"><className>SIC6211 SECURITY BROKERS, DEALERS, &amp; FLOTATION COMPANIES</className></classificationItem></classification></classificationGroup><classificationGroup classificationScheme="indexing-terms"><classification classificationScheme="subject"><classificationItem score="91"><classCode>STX002145</classCode><className>VIRUSES</className></classificationItem><classificationItem score="90"><classCode>ST000DOTY</classCode><className>CORONAVIRUSES</className></classificationItem><classificationItem score="90"><classCode>ST000DOTH</classCode><className>COVID-19 CORONAVIRUS</className></classificationItem><classificationItem score="90"><classCode>STX000511</classCode><className>DISEASES &amp; DISORDERS</className></classificationItem><classificationItem score="90"><classCode>STX002064</classCode><className>EPIDEMICS</className></classificationItem><classificationItem score="90"><classCode>N551112MM</classCode><className>HOLDING COMPANIES</className></classificationItem><classificationItem score="90"><classCode>STX000912</classCode><className>INFECTIOUS DISEASE</className></classificationItem><classificationItem score="90"><classCode>N928000CC</classCode><className>INTERNATIONAL RELATIONS &amp; NATIONAL SECURITY</className></classificationItem><classificationItem score="90"><classCode>STX001209</classCode><className>NEW ISSUES</className></classificationItem><classificationItem score="90"><classCode>ST000DOXW</classCode><className>PANDEMICS</className></classificationItem><classificationItem score="90"><classCode>STX001880</classCode><className>PUBLIC HEALTH</className></classificationItem><classificationItem score="90"><classCode>STX001976</classCode><className>SECURITIES &amp; OTHER INVESTMENTS</className></classificationItem><classificationItem score="89"><classCode>ST0008X9I</classCode><className>CITY GOVERNMENT</className></classificationItem><classificationItem score="89"><classCode>ST000DP5A</classCode><className>PERSONAL PROTECTIVE EQUIPMENT</className></classificationItem><classificationItem score="79"><classCode>N621399OG</classCode><className>PARAMEDICS</className></classificationItem><classificationItem score="77"><classCode>ST0009ZO4</classCode><className>CREDIT CRISIS</className></classificationItem><classificationItem score="77"><classCode>ST000A51F</classCode><className>ECONOMIC CRISIS</className></classificationItem><classificationItem score="77"><classCode>N928120MM</classCode><className>STATE DEPARTMENTS &amp; FOREIGN SERVICES</className></classificationItem><classificationItem score="74"><classCode>STX000950</classCode><className>INTERNATIONAL RELATIONS</className></classificationItem><classificationItem score="73"><classCode>N921110MM</classCode><className>US PRESIDENTS</className></classificationItem><classificationItem score="70"><classCode>ST0009RLP</classCode><className>RESEARCH INSTITUTES</className></classificationItem><classificationItem score="70"><classCode>ST000D0UY</classCode><className>US PRESIDENTIAL CANDIDATES 2012</className></classificationItem><classificationItem score="70"><classCode>ST000DF5U</classCode><className>US PRESIDENTIAL CANDIDATES 2016</className></classificationItem><classificationItem score="70"><classCode>ST000DNV7</classCode><className>US PRESIDENTIAL CANDIDATES 2020</className></classificationItem><classificationItem score="50"><classCode>ST0009JY5</classCode><className>COLLEGE &amp; UNIVERSITY PROFESSORS</className></classificationItem><classificationItem score="50"><classCode>STX000665</classCode><className>EXCISE &amp; CUSTOMS</className></classificationItem></classification><classification classificationScheme="industry"><classificationItem score="90"><classCode>ST000DKDL</classCode><className>ACADEMIC MEDICAL CENTERS</className></classificationItem><classificationItem score="90"><classCode>N523110EC</classCode><className>INVESTMENT BANKING</className></classificationItem><classificationItem score="90"><classCode>STX001209</classCode><className>NEW ISSUES</className></classificationItem><classificationItem score="90"><classCode>STX001976</classCode><className>SECURITIES &amp; OTHER INVESTMENTS</className></classificationItem><classificationItem score="89"><classCode>N520000CC</classCode><className>BANKING &amp; FINANCE</className></classificationItem><classificationItem score="89"><classCode>STX002149</classCode><className>HEALTH CARE</className></classificationItem><classificationItem score="89"><classCode>ST0009RX6</classCode></classificationItem><classificationItem score="89"><classCode>ST0009T96</classCode></classificationItem><classificationItem score="79"><classCode>N621399OG</classCode><className>PARAMEDICS</className></classificationItem><classificationItem score="50"><classCode>ST0009JY5</classCode><className>COLLEGE &amp; UNIVERSITY PROFESSORS</className></classificationItem></classification><classification classificationScheme="person"><classificationItem score="54"><classCode>PE0009THX</classCode><className>DONALD TRUMP</className></classificationItem></classification><classification classificationScheme="city"><classificationItem score="79"><classCode>GX601</classCode><className>NEW YORK, NY, USA</className></classificationItem><classificationItem score="79"><classCode>GX075</classCode><className>WUHAN, HUBEI, CHINA</className></classificationItem><classificationItem score="59"><classCode>GX071</classCode><className>BEIJING, CHINA</className></classificationItem></classification><classification classificationScheme="state"><classificationItem score="79"><classCode>GS148</classCode><className>NEW YORK, USA</className></classificationItem><classificationItem score="79"><classCode>GR203</classCode><className>NORTH CENTRAL CHINA</className></classificationItem></classification><classification classificationScheme="country"><classificationItem score="98"><classCode>GC302</classCode><className>CHINA</className></classificationItem><classificationItem score="97"><classCode>GC343</classCode><className>UNITED STATES</className></classificationItem></classification></classificationGroup></metadata></articleDoc></content></entry>