<entry xmlns="http://www.w3.org/2005/Atom"><id>urn:contentItem:5YWN-9M71-F11P-X228-00000-00</id><title>Trump receives blowback over tweet, criticized as racist, blame-shifting</title><published>2021-04-15T18:04:57Z</published><updated>2021-04-15T18:04:57Z</updated><author><name>LexisNexis</name></author><content type="application/xml"><!--Transformation version 1.25--><articleDoc xmlns="" xmlns:xsi="http://www.w3.org/2001/XMLSchema-instance" xsi:noNamespaceSchemaLocation="http://www.lexisnexis.com/xmlschemas/content/public/articledoc/1/" schemaVersion="1.8" xml:lang="en"><articleDocHead><itemInfo/></articleDocHead><nitf:body xmlns:nitf="http://iptc.org/std/NITF/2006-10-18/"><nitf:body.head><nitf:hedline><nitf:hl1>Trump receives blowback over tweet, criticized as racist, blame-shifting</nitf:hl1></nitf:hedline></nitf:body.head><nitf:body.content><bodyText><p nitf:lede="true">US President Donald Trump departs on travel to the Camp David presidential retreat from the South Lawn at the White House in Washington, US, May 1, 2020. [Photo/Agencies]</p><p nitf:lede="true">WASHINGTON - US President Donald Trump is receiving blowback after claiming on Tuesday that Asian Americans are angry at "what China has done" in the epidemic, a move criticized by many as racist and blame-shifting.</p><p nitf:lede="true">US Congresswoman Grace Meng from New York said that Asian Americans are in fact "very angry at" Trump.</p><p>"You use racism to disguise your lack of responsiveness and responsibility," Meng tweeted. "American lives of all backgrounds have been lost. Your words have led to increased discrimination against asian Americans which will outlast the coronavirus."</p><p>Andrew Yang, a former Democratic presidential contender, tweeted that they are angry that people are dying and the United States is leading in coronavirus cases and deaths "due to a chaotic and uncoordinated response."</p><p>According to a count by Johns Hopkins University, more than 1.3 million people in the United States have infected with the coronavirus, or COVID-19, with over 82,000 deaths. Both numbers are far higher than those in any other country or region.</p><p>The much-criticized tweet was posted a day after Trump stirred controversy by telling an Asian American reporter to "ask China" when pressed on why he continues to bring up the US coronavirus testing capacity.</p><p>"Why is this a global competition to you if every day Americans are still losing their lives and we're still seeing more cases every day?" CBS White House correspondent Weijia Jiang asked Trump during a press conference in the Rose Garden.</p><p>"Don't ask me, ask China that question," Trump responded. "They're losing their lives everywhere in the world and maybe that's a question you should ask China."</p><p>Jiang, a Chinese-born American citizen, challenged the response.</p><p>"Sir, why are you saying that to me specifically?" she asked.</p><p>Trump said he is not saying it "specifically to anybody" but saying it to "anybody who would ask a nasty question like that," before leaving the press conference abruptly.</p><p>US Congressman Ted Lieu slammed the president's remarks on Monday.</p><p>"Asian Americans are Americans. Some of us served on active duty in the US military. Some are on the frontlines fighting this pandemic as paramedics and health care workers," Lieu tweeted. "Stop dividing our nation."</p><p>As the coronavirus pandemic continues to impact the United States, Federal law enforcement has reportedly warned of an increase in hate crimes against Asian Americans.</p><p>"The FBI assesses hate crime incidents against Asian Americans likely will surge across the United States, due to the spread of coronavirus disease ... endangering Asian American communities," according to an FBI analysis obtained by ABC News.</p><p>Eugene Gu, who is helping to treat coronavirus patients, tweeted on Tuesday that Trump "doesn't speak for Asian Americans like me nor millions of others in this country who have been horrified by his cruel and blatant racism."</p><p>"Chinese Americans, like many Americans of every other race, are far more angry at Trump for botching the response to the coronavirus pandemic," Gu wrote. "Scapegoating Asian Americans and dismissing a Chinese American reporter by telling her to go "ask China" is a shameful attack on us all."</p><p>The recent incidents occurred against the backdrop that some Trump administration officials are aggressively pushing a debunked conspiracy theory that the coronavirus originated in a Chinese lab, despite wide scientific consensus that the virus was not man-made or genetically modified.</p><p>Shooting down the conspiracy theory, Anthony Fauci, director of the US National Institute of Allergy and Infectious Diseases, told National Geographic last week that the best evidence shows the coronavirus behind the pandemic was not made in a lab.</p><p>"If you look at the evolution of the virus in bats and what's out there now, (the scientific evidence) is very, very strongly leaning toward this could not have been artificially or deliberately manipulated," Fauci said.</p><p>Based on the scientific evidence, the key member of the White House coronavirus task force does not entertain an alternate theory either that someone found the coronavirus in the wild, brought it to a lab, and then it accidentally escaped.</p><p>Eric Ward, executive director at the Western States Center, a civil rights organization, said in a statement that the White House "has made a sport of recklessly demonizing China and spreading conspiracy theories about the pandemic's origin."</p><p>"The predictable result is that anti-Asian hate is boiling over in the form of online and verbal harassment and hate crimes," Ward added.</p></bodyText></nitf:body.content></nitf:body><metadata><dc:metadata xmlns:dc="http://purl.org/dc/elements/1.1/"><dc:identifier identifierScheme="DOC-ID">CHIDUS-174430506</dc:identifier><dc:source sourceScheme="royaltyReportingKey">CHIDUS2020</dc:source><dc:identifier identifierScheme="PGUID">urn:contentItem:5YWN-9M71-F11P-X228-00000-00</dc:identifier><dc:source sourceScheme="productContentSetIdentifier">411374</dc:source><dc:date dateType="last-updated">2020-05-13</dc:date></dc:metadata><wordCount number="781"/><publicationInfo><copyright>Copyright 2020 China Daily Information. Provided by Syndigate Media Inc. All Rights Reserved</copyright><publicationName>China Daily - US Edition</publicationName><publicationLogo><logo><inlineObject><locator><locatorKey><keyName name="object-key"/><keyValue value="26125"/></locatorKey><locatorParameters><parameter name="object-type" value="201"/><parameter name="object-smi" value="LOGOS"/><parameter name="componentseq" value="1"/></locatorParameters></locator></inlineObject></logo></publicationLogo><publicationDate day="13" month="05" year="2020"><dateText>May 13, 2020 Wednesday</dateText></publicationDate><classification classificationScheme="publicationtype"><classificationItem><className>Newspaper</className></classificationItem></classification><classification classificationScheme="publicationtype"><classificationItem><className>Newspapers</className></classificationItem></classification></publicationInfo><classification classificationScheme="language"><classificationItem classificationScheme="lang.english"><className>ENGLISH</className></classificationItem></classification><classificationGroup classificationScheme="indexing-terms"><classification classificationScheme="subject"><classificationItem score="92"><classCode>STX000118</classCode><className>ASIAN AMERICANS</className></classificationItem><classificationItem score="91"><classCode>ST000D0UY</classCode><className>US PRESIDENTIAL CANDIDATES 2012</className></classificationItem><classificationItem score="91"><classCode>ST000DNV7</classCode><className>US PRESIDENTIAL CANDIDATES 2020</className></classificationItem><classificationItem score="91"><classCode>STX002145</classCode><className>VIRUSES</className></classificationItem><classificationItem score="90"><classCode>ST000DOTY</classCode><className>CORONAVIRUSES</className></classificationItem><classificationItem score="90"><classCode>STX000912</classCode><className>INFECTIOUS DISEASE</className></classificationItem><classificationItem score="90"><classCode>ST000DA0C</classCode><className>RACISM &amp; XENOPHOBIA</className></classificationItem><classificationItem score="90"><classCode>ST000DF5U</classCode><className>US PRESIDENTIAL CANDIDATES 2016</className></classificationItem><classificationItem score="90"><classCode>N921110MM</classCode><className>US PRESIDENTS</className></classificationItem><classificationItem score="89"><classCode>ST000DOTH</classCode><className>COVID-19 CORONAVIRUS</className></classificationItem><classificationItem score="89"><classCode>STX000511</classCode><className>DISEASES &amp; DISORDERS</className></classificationItem><classificationItem score="89"><classCode>ST0009FJK</classCode><className>NEGATIVE PERSONAL NEWS</className></classificationItem><classificationItem score="89"><classCode>ST000DOXW</classCode><className>PANDEMICS</className></classificationItem><classificationItem score="89"><classCode>ST000DA1D</classCode><className>US CONGRESS</className></classificationItem><classificationItem score="88"><classCode>STX000429</classCode><className>CRIME RATES</className></classificationItem><classificationItem score="82"><classCode>STX001932</classCode><className>CRIME, LAW ENFORCEMENT &amp; CORRECTIONS</className></classificationItem><classificationItem score="82"><classCode>N922120CC</classCode><className>LAW ENFORCEMENT</className></classificationItem><classificationItem score="78"><classCode>STX000827</classCode><className>HATE CRIME</className></classificationItem><classificationItem score="78"><classCode>N921120CC</classCode><className>LEGISLATIVE BODIES</className></classificationItem><classificationItem score="78"><classCode>ST00096SZ</classCode><className>PRESS CONFERENCES</className></classificationItem><classificationItem score="78"><classCode>STX001444</classCode><className>RACE &amp; ETHNICITY</className></classificationItem><classificationItem score="78"><classCode>N921100MM</classCode><className>US FEDERAL GOVERNMENT</className></classificationItem><classificationItem score="77"><classCode>ST000CYDJ</classCode><className>DISCRIMINATION</className></classificationItem><classificationItem score="74"><classCode>STX000453</classCode><className>DEATH &amp; DYING</className></classificationItem><classificationItem score="73"><classCode>STX001371</classCode><className>HEADS OF GOVERNMENT ELECTIONS</className></classificationItem><classificationItem score="73"><classCode>STX001342</classCode><className>POLITICAL CANDIDATES</className></classificationItem><classificationItem score="60"><classCode>N928110MM</classCode><className>ARMED FORCES</className></classificationItem><classificationItem score="60"><classCode>N621399CC</classCode><className>HEALTH CARE PROFESSIONALS</className></classificationItem><classificationItem score="60"><classCode>N621399OG</classCode><className>PARAMEDICS</className></classificationItem></classification><classification classificationScheme="industry"><classificationItem score="60"><classCode>N928110MM</classCode><className>ARMED FORCES</className></classificationItem><classificationItem score="60"><classCode>N621399CC</classCode><className>HEALTH CARE PROFESSIONALS</className></classificationItem><classificationItem score="60"><classCode>N621399OG</classCode><className>PARAMEDICS</className></classificationItem></classification><classification classificationScheme="person"><classificationItem score="90"><classCode>PE0009THX</classCode><className>DONALD TRUMP</className></classificationItem><classificationItem score="79"><classCode>PE000DOI2</classCode><className>ANDREW YANG</className></classificationItem><classificationItem score="77"><classCode>PE000DHYN</classCode><className>TED LIEU</className></classificationItem><classificationItem score="75"><classCode>PE000DAI0</classCode><className>GRACE MENG</className></classificationItem></classification><classification classificationScheme="country"><classificationItem score="99"><classCode>GC343</classCode><className>UNITED STATES</className></classificationItem><classificationItem score="96"><classCode>GC302</classCode><className>CHINA</className></classificationItem></classification></classificationGroup></metadata></articleDoc></content></entry>