<entry xmlns="http://www.w3.org/2005/Atom"><id>urn:contentItem:5YHD-WGD1-JDJN-63P0-00000-00</id><title>Ex-US envoy decries political focus on coronavirus' origin</title><published>2021-04-15T18:04:57Z</published><updated>2021-04-15T18:04:57Z</updated><author><name>LexisNexis</name></author><content type="application/xml"><!--Transformation version 1.25--><articleDoc xmlns="" xmlns:xsi="http://www.w3.org/2001/XMLSchema-instance" xsi:noNamespaceSchemaLocation="http://www.lexisnexis.com/xmlschemas/content/public/articledoc/1/" schemaVersion="1.8" xml:lang="en"><articleDocHead><itemInfo/></articleDocHead><nitf:body xmlns:nitf="http://iptc.org/std/NITF/2006-10-18/"><nitf:body.head><nitf:hedline><nitf:hl1>Ex-US envoy decries political focus on coronavirus' origin</nitf:hl1></nitf:hedline></nitf:body.head><nitf:body.content><bodyText><p nitf:lede="true">Susan A. Thornton (right), senior fellow at the Paul Tsai China Center of Yale Law School, attends a seminar organized by the Institute for China-America Studies in Washington on April 25, 2019. [Zhao Huanxin / China Daily]</p><p nitf:lede="true">A former veteran US diplomat has criticized the amount of attention focused on the origin of the novel coronavirus, saying that it has created a "political distraction" at a time of global crisis, and everyone should contribute positively to "bending the curve" of the disease.</p><p>Over the past few weeks, there have been conspiracy theories on social media platforms as well as on official occasions discussing the origin of COVID-19, which has led to a pandemic, killing at least 18,000 people and sickening more than 410,000 worldwide as of Tuesday.</p><p>"The COVID-19 pandemic is a natural disaster. It is not the doing of any particular country or government," Susan A. Thornton, former US acting assistant secretary of state for East Asian and Pacific Affairs, told China Daily.</p><p>"Political leaders facing public scrutiny and criticism in both China and the US are too focused on the domestic political ramifications of their perceived response, rather than on galvanizing people to work together and marshaling resources for technical experts who know what to advise and do," Thornton said in an interview by email.</p><p>US President Donald Trump has repeatedly used "Chinese virus" to refer to the novel coronavirus, seemingly on grounds that he "didn't appreciate the fact that China was saying that our military gave it to them. Our military did not give it to anybody."</p><p>Thornton, now senior fellow at the Paul Tsai China Center of Yale Law School, said, "To focus on where the disease came from is a political distraction," adding that it doesn't matter where the first cases were of the 1918 "Spanish Flu" pandemic or the 2012 Middle East Respiratory Syndrome (MERS).</p><p>"It is factually true that the first cases were discovered in China, so it is natural for those not given to using technical terms to shorthand China or Wuhan in describing the virus," Thornton said. "It is not racial any more than Middle East Respiratory Syndrome is racist."</p><p>But it is "regrettable" that it frequently comes with a clear partisan political agenda that is "highly inappropriate" in this time of global crisis and widespread human suffering, Thornton said.</p><p>"It is also irresponsible for media or officials to spread obviously false conspiracy theories about the origins of the virus," she said. "All these stories have been scientifically debunked, and officials should send clear messages accordingly."</p><p>In an interview with Axios on HBO that aired Sunday, Chinese Ambassador to the US Cui Tiankai said it is up to scientists to find the answer eventually.</p><p>"We have to find eventually — we must have an answer to where the virus originally came," he said. "But this is a job for the scientists to do, not for diplomats, not for journalists to speculate, because such speculation will help nobody. It's very harmful."</p><p>Beijing has said that labeling the coronavirus "Chinese virus" or "Wuhan virus" is stigmatization, and World Health Organization officials have warned against calling COVID-19 the "Chinese virus", saying that it could lead to racial profiling.</p><p>In the Axios on HBO interview, Cui also said that the WHO has a rule regarding naming new viruses, including never giving people the impression that the virus is linked somehow to a particular location or a group of people to avoid stigma. He said he hoped the WHO rule will be followed.</p><p>Thornton said governments and experts around the world are responding in the best way they know how, and it is "distracting and harmful" in a crisis to pick apart the response.</p><p>Social media, however, is compounding the problem, spewing fear and blame, which is "counterproductive", she said.</p><p>Concerted efforts should also be made to manage risk appropriately to blunt the impact of the outbreak on economies and help avoid a global depression.</p><p>"This is at least as important as stemming the spread of disease, as many people will face life-threatening consequences from a severe economic downturn," she said.</p><p>Thornton said that government institutions, which have not been polling well around the world recently, have a chance to show their mettle in this crisis. If they fail, they will confirm that people's eroding faith in their ability to perform is justified.</p><p>"I hope that they can step up to the plate and lead, as none of us should want to see a world without governments that are able to competently exercise authority," Thornton said.</p></bodyText></nitf:body.content></nitf:body><metadata><dc:metadata xmlns:dc="http://purl.org/dc/elements/1.1/"><dc:identifier identifierScheme="DOC-ID">CHIDUS-171091470</dc:identifier><dc:source sourceScheme="royaltyReportingKey">CHIDUS2020</dc:source><dc:identifier identifierScheme="PGUID">urn:contentItem:5YHD-WGD1-JDJN-63P0-00000-00</dc:identifier><dc:source sourceScheme="productContentSetIdentifier">411374</dc:source><dc:date dateType="last-updated">2020-03-26</dc:date></dc:metadata><wordCount number="763"/><publicationInfo><copyright>Copyright 2020 China Daily Information. Provided by Syndigate Media Inc. All Rights Reserved</copyright><publicationName>China Daily - US Edition</publicationName><publicationLogo><logo><inlineObject><locator><locatorKey><keyName name="object-key"/><keyValue value="26125"/></locatorKey><locatorParameters><parameter name="object-type" value="201"/><parameter name="object-smi" value="LOGOS"/><parameter name="componentseq" value="1"/></locatorParameters></locator></inlineObject></logo></publicationLogo><publicationDate day="25" month="03" year="2020"><dateText>March 25, 2020 Wednesday</dateText></publicationDate><classification classificationScheme="publicationtype"><classificationItem><className>Newspaper</className></classificationItem></classification><classification classificationScheme="publicationtype"><classificationItem><className>Newspapers</className></classificationItem></classification></publicationInfo><classification classificationScheme="language"><classificationItem classificationScheme="lang.english"><className>ENGLISH</className></classificationItem></classification><classificationGroup classificationScheme="indexing-terms"><classification classificationScheme="subject"><classificationItem score="91"><classCode>STX002145</classCode><className>VIRUSES</className></classificationItem><classificationItem score="90"><classCode>ST000DOTY</classCode><className>CORONAVIRUSES</className></classificationItem><classificationItem score="90"><classCode>ST000DOTH</classCode><className>COVID-19 CORONAVIRUS</className></classificationItem><classificationItem score="90"><classCode>STX000912</classCode><className>INFECTIOUS DISEASE</className></classificationItem><classificationItem score="89"><classCode>STX000511</classCode><className>DISEASES &amp; DISORDERS</className></classificationItem><classificationItem score="89"><classCode>STX002064</classCode><className>EPIDEMICS</className></classificationItem><classificationItem score="89"><classCode>ST0008ZF6</classCode><className>INTERVIEWS</className></classificationItem><classificationItem score="89"><classCode>ST000DFGA</classCode><className>MERS</className></classificationItem><classificationItem score="89"><classCode>ST000DOXW</classCode><className>PANDEMICS</className></classificationItem><classificationItem score="89"><classCode>STX001880</classCode><className>PUBLIC HEALTH</className></classificationItem><classificationItem score="78"><classCode>ST000DA0C</classCode><className>RACISM &amp; XENOPHOBIA</className></classificationItem><classificationItem score="76"><classCode>STX001481</classCode><className>RESPIRATORY DISEASE</className></classificationItem><classificationItem score="75"><classCode>ST000DPS6</classCode><className>CONSPIRACY THEORY</className></classificationItem><classificationItem score="74"><classCode>STX000914</classCode><className>INFLUENZA</className></classificationItem><classificationItem score="73"><classCode>N928120JM</classCode><className>EMBASSIES &amp; CONSULATES</className></classificationItem><classificationItem score="73"><classCode>N921110MM</classCode><className>US PRESIDENTS</className></classificationItem><classificationItem score="72"><classCode>ST000DLOJ</classCode><className>GOVERNMENT ADVISORS &amp; MINISTERS</className></classificationItem><classificationItem score="72"><classCode>STX001444</classCode><className>RACE &amp; ETHNICITY</className></classificationItem><classificationItem score="71"><classCode>STX001963</classCode><className>SAFETY, ACCIDENTS &amp; DISASTERS</className></classificationItem><classificationItem score="68"><classCode>STX001197</classCode><className>NATURAL DISASTERS</className></classificationItem><classificationItem score="65"><classCode>ST000D0UY</classCode><className>US PRESIDENTIAL CANDIDATES 2012</className></classificationItem><classificationItem score="65"><classCode>ST000DF5U</classCode><className>US PRESIDENTIAL CANDIDATES 2016</className></classificationItem><classificationItem score="65"><classCode>ST000DNV7</classCode><className>US PRESIDENTIAL CANDIDATES 2020</className></classificationItem><classificationItem score="55"><classCode>ST000D0VJ</classCode><className>SOCIAL MEDIA</className></classificationItem></classification><classification classificationScheme="industry"><classificationItem score="55"><classCode>ST000D0VJ</classCode><className>SOCIAL MEDIA</className></classificationItem></classification><classification classificationScheme="person"><classificationItem score="50"><classCode>PE0009THX</classCode><className>DONALD TRUMP</className></classificationItem></classification><classification classificationScheme="city"><classificationItem score="79"><classCode>GX075</classCode><className>WUHAN, HUBEI, CHINA</className></classificationItem></classification><classification classificationScheme="country"><classificationItem score="99"><classCode>GC302</classCode><className>CHINA</className></classificationItem><classificationItem score="94"><classCode>GC343</classCode><className>UNITED STATES</className></classificationItem><classificationItem score="92"><classCode>GR132</classCode><className>MIDDLE EAST</className></classificationItem><classificationItem score="79"><classCode>GT113</classCode><className>ASIA</className></classificationItem><classificationItem score="79"><classCode>GR128</classCode><className>EASTERN ASIA</className></classificationItem></classification></classificationGroup></metadata></articleDoc></content></entry>