<entry xmlns="http://www.w3.org/2005/Atom"><id>urn:contentItem:61VW-Y2S1-F11P-X14S-00000-00</id><title>Groups laud Biden's order against racism</title><published>2021-04-15T18:04:57Z</published><updated>2021-04-15T18:04:57Z</updated><author><name>LexisNexis</name></author><content type="application/xml"><!--Transformation version 1.25--><articleDoc xmlns="" xmlns:xsi="http://www.w3.org/2001/XMLSchema-instance" xsi:noNamespaceSchemaLocation="http://www.lexisnexis.com/xmlschemas/content/public/articledoc/1/" schemaVersion="1.8" xml:lang="en"><articleDocHead><itemInfo/></articleDocHead><nitf:body xmlns:nitf="http://iptc.org/std/NITF/2006-10-18/"><nitf:body.head><nitf:hedline><nitf:hl1>Groups laud Biden's order against racism</nitf:hl1></nitf:hedline><nitf:byline><author><person><nameText>China Daily Global</nameText></person></author></nitf:byline></nitf:body.head><nitf:body.content><bodyText><p nitf:lede="true">President Joe Biden signs executive orders on his racial equity agenda at the White House in Washington, US, Jan 26, 2021. [Photo/Agencies]</p><p nitf:lede="true">US President Joe Biden on Tuesday signed an executive order to address the rising racism against Asian Americans during the COVID-19 pandemic. The move has been welcomed by advocacy groups as "a promising step".</p><p nitf:lede="true">The executive order, one of four addressing racial equity, directs the Department of Health and Human Services and the COVID-19 health equity task force to issue guidance on cultural competency, language access and sensitivity.</p><p>It also directs the Department of Justice to engage with the Asian American and Pacific Islander (AAPI) community on issues related to hate crimes, hate incidents and harassment.</p><p>"The federal government must recognize that it has played a role in furthering these xenophobic sentiments through the actions of political leaders, including references to the COVID-19 pandemic by the geographic location of its origin," reads the executive order.</p><p>"Such statements have stoked unfounded fears and perpetuated stigma about Asian Americans and Pacific Islanders and have contributed to increasing rates of bullying, harassment, and hate crimes against AAPI persons," it reads.</p><p>The executive order "sends a powerful message to the AAPI community that the Biden administration is committed to addressing racial injustice", said Cynthia Choi, co-executive director of Chinese for Affirmative Action. "Specifically, the executive order disavowing discrimination against the AAPI community is a promising step in recognizing the harm done to the AAPI community," she said.</p><p>Since the start of the pandemic, Asian Americans have experienced a wave of racist attacks and harassment. More than 2,800 people reported incidents of racism and discrimination targeting Asian Americans across the US between March 19 and Dec 31, 2020, according to Stop AAPI Hate, a coalition aimed at addressing pandemic-related racism.</p><p>Former president Donald Trump and his Republican allies are accused of purposely calling COVID-19 the "China virus" in an effort to blame China for the pandemic.</p><p>According to STOP AAPI's research, there are at least 46 racial attacks where Trump is actively invoked, and Trump is "the greatest spreader" among politicians of anti-Asian American rhetoric related to the pandemic, as his racist or stigmatizing tweets have by far the greatest reach and were retweeted over 1.2 million times in the first eight months of last year.</p><p>"Calling the coronavirus 'China virus' is racist, hurtful, fake information, unscientific, and without basis. Yet it inflamed racist attacks and harassment against Chinese Americans throughout the US," said Lillian Sing, a retired judge in San Francisco.</p><p>Her grandson Logan was a victim. The 18-year-old high school senior was born and raised in Pennsylvania and had never experienced discrimination until three weeks ago in a soccer game, said Sing. The incident happened when he was in the restroom, one player said to the other players, "Let's get out ... a Chinese who spreads coronavirus."</p><p>Logan's story isn't an isolated one. A study by the STOP AAPI Hate Youth Campaign found 1 in 4 young Asian Americans experienced a form of anti-Asian hatred.</p><p>"Asian Americans are suffering from more racial attacks and harassments than ever before. In scientific, business, political, academic and government circles, Chinese Americans are being subject to the greatest scrutiny," said Sing.</p><p>"Unfortunately, yesterday President Biden announced that he was retaining Christopher Wray as the FBI director," she said. "His characterization of China as posing a 'whole of society' threat to the US implies that all individuals of Chinese descent are to be distrusted.</p><p>"Hopefully, Christopher Wray will also abide by President Biden's executive order to demonstrate cultural competency, language access, and sensitivity towards AAPI," she added.</p><p>While welcoming Biden's executive order, STOP AAPI Hate urged the president to reverse other "xenophobic" executive orders and policies by the Trump administration, including the ban on Chinese students and researchers and policies targeting the use of WeChat.</p></bodyText></nitf:body.content></nitf:body><metadata><dc:metadata xmlns:dc="http://purl.org/dc/elements/1.1/"><dc:identifier identifierScheme="DOC-ID">CHIDUS-198783745</dc:identifier><dc:source sourceScheme="royaltyReportingKey">CHIDUS2021</dc:source><dc:identifier identifierScheme="PGUID">urn:contentItem:61VW-Y2S1-F11P-X14S-00000-00</dc:identifier><dc:source sourceScheme="productContentSetIdentifier">411374</dc:source><dc:date dateType="last-updated">2021-01-27</dc:date></dc:metadata><wordCount number="698"/><publicationInfo><copyright>Copyright 2021 China Daily Information. Provided by Syndigate Media Inc. All Rights Reserved</copyright><publicationName>China Daily - US Edition</publicationName><publicationLogo><logo><inlineObject><locator><locatorKey><keyName name="object-key"/><keyValue value="26125"/></locatorKey><locatorParameters><parameter name="object-type" value="201"/><parameter name="object-smi" value="LOGOS"/><parameter name="componentseq" value="1"/></locatorParameters></locator></inlineObject></logo></publicationLogo><publicationDate day="27" month="01" year="2021"><dateText>January 27, 2021 Wednesday</dateText></publicationDate><classification classificationScheme="publicationtype"><classificationItem><className>Newspaper</className></classificationItem></classification><classification classificationScheme="publicationtype"><classificationItem><className>Newspapers</className></classificationItem></classification></publicationInfo><classification classificationScheme="language"><classificationItem classificationScheme="lang.english"><className>ENGLISH</className></classificationItem></classification><classificationGroup classificationScheme="indexing-terms"><classification classificationScheme="subject"><classificationItem score="94"><classCode>ST000DA0C</classCode><className>RACISM &amp; XENOPHOBIA</className></classificationItem><classificationItem score="92"><classCode>STX001444</classCode><className>RACE &amp; ETHNICITY</className></classificationItem><classificationItem score="91"><classCode>STX000118</classCode><className>ASIAN AMERICANS</className></classificationItem><classificationItem score="90"><classCode>ST000DQGE</classCode><className>COVID CORONAVIRUS</className></classificationItem><classificationItem score="90"><classCode>ST000DOTH</classCode><className>COVID-19 CORONAVIRUS</className></classificationItem><classificationItem score="90"><classCode>STX001932</classCode><className>CRIME, LAW ENFORCEMENT &amp; CORRECTIONS</className></classificationItem><classificationItem score="90"><classCode>STX000669</classCode><className>EXECUTIVE ORDERS</className></classificationItem><classificationItem score="90"><classCode>STX000912</classCode><className>INFECTIOUS DISEASE</className></classificationItem><classificationItem score="90"><classCode>ST0009FJK</classCode><className>NEGATIVE PERSONAL NEWS</className></classificationItem><classificationItem score="90"><classCode>ST000DPRD</classCode><className>RACIAL JUSTICE</className></classificationItem><classificationItem score="90"><classCode>N921100MM</classCode><className>US FEDERAL GOVERNMENT</className></classificationItem><classificationItem score="90"><classCode>ST000DF5U</classCode><className>US PRESIDENTIAL CANDIDATES 2016</className></classificationItem><classificationItem score="90"><classCode>ST000DNV7</classCode><className>US PRESIDENTIAL CANDIDATES 2020</className></classificationItem><classificationItem score="90"><classCode>N921110MM</classCode><className>US PRESIDENTS</className></classificationItem><classificationItem score="89"><classCode>ST000CYDJ</classCode><className>DISCRIMINATION</className></classificationItem><classificationItem score="89"><classCode>STX002064</classCode><className>EPIDEMICS</className></classificationItem><classificationItem score="89"><classCode>ST000DOXW</classCode><className>PANDEMICS</className></classificationItem><classificationItem score="79"><classCode>ST000D1BY</classCode><className>EXECUTIVES</className></classificationItem><classificationItem score="79"><classCode>N920000CC</classCode><className>GOVERNMENT &amp; PUBLIC ADMINISTRATION</className></classificationItem><classificationItem score="79"><classCode>STX001346</classCode><className>POLITICS</className></classificationItem><classificationItem score="79"><classCode>ST000D0UY</classCode><className>US PRESIDENTIAL CANDIDATES 2012</className></classificationItem><classificationItem score="78"><classCode>ST000D181</classCode><className>CRIMINAL HARASSMENT</className></classificationItem><classificationItem score="78"><classCode>ST00097CI</classCode><className>HEALTH DEPARTMENTS</className></classificationItem><classificationItem score="78"><classCode>ST000DNUL</classCode><className>HEALTH EQUITY</className></classificationItem><classificationItem score="78"><classCode>N923120CC</classCode><className>PUBLIC HEALTH ADMINISTRATION</className></classificationItem><classificationItem score="77"><classCode>ST000DOTY</classCode><className>CORONAVIRUSES</className></classificationItem><classificationItem score="76"><classCode>N923130JC</classCode><className>SOCIAL SERVICES DEPARTMENTS</className></classificationItem><classificationItem score="76"><classCode>STX002145</classCode><className>VIRUSES</className></classificationItem><classificationItem score="75"><classCode>ST000CFSV</classCode><className>BULLYING</className></classificationItem><classificationItem score="73"><classCode>STX000033</classCode><className>AFFIRMATIVE ACTION</className></classificationItem><classificationItem score="70"><classCode>STX000984</classCode><className>JUDGES</className></classificationItem><classificationItem score="70"><classCode>ST00097CJ</classCode><className>JUSTICE DEPARTMENTS</className></classificationItem><classificationItem score="70"><classCode>N922120CC</classCode><className>LAW ENFORCEMENT</className></classificationItem><classificationItem score="50"><classCode>ST000CET8</classCode><className>GRANDCHILDREN</className></classificationItem><classificationItem score="50"><classCode>STX001587</classCode><className>SOCCER</className></classificationItem></classification><classification classificationScheme="industry"><classificationItem score="78"><classCode>ST00097CI</classCode><className>HEALTH DEPARTMENTS</className></classificationItem><classificationItem score="78"><classCode>ST000DNUL</classCode><className>HEALTH EQUITY</className></classificationItem></classification><classification classificationScheme="person"><classificationItem score="92"><classCode>PE0009TJK</classCode><className>JOE BIDEN</className></classificationItem><classificationItem score="79"><classCode>PE0009THX</classCode><className>DONALD TRUMP</className></classificationItem></classification><classification classificationScheme="state"><classificationItem score="79"><classCode>GS120</classCode><className>CALIFORNIA, USA</className></classificationItem><classificationItem score="79"><classCode>GS154</classCode><className>PENNSYLVANIA, USA</className></classificationItem></classification><classification classificationScheme="country"><classificationItem score="99"><classCode>GC343</classCode><className>UNITED STATES</className></classificationItem><classificationItem score="95"><classCode>GC302</classCode><className>CHINA</className></classificationItem></classification></classificationGroup></metadata></articleDoc></content></entry>