<entry xmlns="http://www.w3.org/2005/Atom"><id>urn:contentItem:5YTY-JB61-F11P-X019-00000-00</id><title>US experts refute Trump's Wuhan theory</title><published>2021-04-15T18:04:57Z</published><updated>2021-04-15T18:04:57Z</updated><author><name>LexisNexis</name></author><content type="application/xml"><!--Transformation version 1.25--><articleDoc xmlns="" xmlns:xsi="http://www.w3.org/2001/XMLSchema-instance" xsi:noNamespaceSchemaLocation="http://www.lexisnexis.com/xmlschemas/content/public/articledoc/1/" schemaVersion="1.8" xml:lang="en"><articleDocHead><itemInfo/></articleDocHead><nitf:body xmlns:nitf="http://iptc.org/std/NITF/2006-10-18/"><nitf:body.head><nitf:hedline><nitf:hl1>US experts refute Trump's Wuhan theory</nitf:hl1></nitf:hedline></nitf:body.head><nitf:body.content><bodyText><p nitf:lede="true">US President Donald Trump. [Photo/Agencies]</p><p nitf:lede="true">Experts from both the World Health Organization (WHO) and the United States, including intelligence analysts, have contested US President Donald Trump's claim that the novel coronavirus originated in a Chinese research laboratory.</p><p nitf:lede="true">Trump last week claimed that he had proof that the virus came from the Wuhan Institute of Virology.</p><p>Secretary of State Mike Pompeo told media Sunday that they have "tremendous" evidence that the Chinese lab was the source.</p><p>In response to their claims, Michael Ryan, WHO health emergencies executive director, told a virtual briefing Monday that Washington had provided no evidence to support the claims.</p><p>"We have not received any data or specific evidence from the United States government relating to the purported origin of the virus, so from our perspective this remains speculative," said Ryan.</p><p>US Congresswoman Judy Chu accused Trump of blaming China for the pandemic as a strategy to deflect criticism from his administration's handling of the outbreak in the US, which now has more COVID-19 cases than any other country in the world.</p><p>"It's clear that President Trump is trying to continue to use this anti-China focus (for) his election campaign," Chu said during a webinar Friday. "Right now, this president is actually trying to get votes by being anti-Chinese. He thinks that's the best way for him to stay in office."</p><p>Trump and some of his allies have been promoting the lab-leak theory since the pandemic first emerged. US intelligence agencies are reportedly facing pressure from senior administration officials to explicitly link COVID-19 to the Wuhan lab.</p><p>Matthew Pottinger, Trump's deputy national security adviser, has asked intelligence agencies since January to look into the lab theory, according to The New York Times. But intelligence officers didn't find any evidence.</p><p>The Office of the Director of National Intelligence said in an April 30 statement that "the Intelligence Community also concurs with the wide scientific consensus that the COVID-19 virus was not manmade or genetically modified".</p><p>Scientists have largely agreed that the virus most likely jumped from infected animals to humans, and that chances are low that a lab accident sparked the outbreak.</p><p>Researchers in the US, UK and Australia published a paper in the journal Nature Medicine in mid-March that concluded: "Our analyses clearly show that SARS-CoV-2 (the virus that causes COVID-19) is not a laboratory construct or a purposefully manipulated virus."</p><p>The odds were extremely high against a lab release as opposed to a natural event, said Kristian Andersen, the lead author of the paper and a specialist in infectious diseases at the Scripps Research Translational Institute in California, The New York Times reported.</p><p>Jonna Mazet, an epidemiologist at the University of California, Davis, who has worked with and trained researchers at the Wuhan Institute of Virology in the past, said a lab accident was "highly unlikely".</p><p>Some researchers at the Wuhan lab, including virologist Shi Zhengli, have collected, sampled and studied bats as part of a coordinated global effort to monitor viruses, said Mazet, who knows Shi from when they worked together on a pandemic early-warning program.</p><p>The Wuhan lab's samples don't match the new coronavirus, Mazet told Business Insider in a report published Saturday, adding that the lab implements rigorous safety protocols.</p><p>"Samples collected from bats get immediately split between some vials that contain chemicals that deactivate the virus and other containers that leave the virus alive," said Mazet, who worked with the lab to develop "very stringent" safety protocols.</p><p>All samples are then dunked into liquid nitrogen on the spot, which freezes them. Then the vials are disinfected and transported to the lab. There, scientists wearing personal protective equipment load them into a freezer set to -80 C.</p><p>When the samples are studied later, researchers use only the deactivated, noninfectious ones, Mazet said, adding that the vials with viable viruses are locked down in a special area.</p><p>Shi's work in the lab was above reproach, said Mazet.</p><p>Mazet said she's concerned that Trump's persistent discussion of the lab release theory could affect scientific cooperation and information-sharing between the US and China.</p><p>The Trump administration recently terminated a grant to a New York-based nonprofit called the EcoHealth Alliance because its research involved the Wuhan Institute of Virology.</p></bodyText></nitf:body.content></nitf:body><metadata><dc:metadata xmlns:dc="http://purl.org/dc/elements/1.1/"><dc:identifier identifierScheme="DOC-ID">CHIDUS-173782467</dc:identifier><dc:source sourceScheme="royaltyReportingKey">CHIDUS2020</dc:source><dc:identifier identifierScheme="PGUID">urn:contentItem:5YTY-JB61-F11P-X019-00000-00</dc:identifier><dc:source sourceScheme="productContentSetIdentifier">411374</dc:source><dc:date dateType="last-updated">2020-05-05</dc:date></dc:metadata><wordCount number="747"/><publicationInfo><copyright>Copyright 2020 China Daily Information. Provided by Syndigate Media Inc. All Rights Reserved</copyright><publicationName>China Daily - US Edition</publicationName><publicationLogo><logo><inlineObject><locator><locatorKey><keyName name="object-key"/><keyValue value="26125"/></locatorKey><locatorParameters><parameter name="object-type" value="201"/><parameter name="object-smi" value="LOGOS"/><parameter name="componentseq" value="1"/></locatorParameters></locator></inlineObject></logo></publicationLogo><publicationDate day="05" month="05" year="2020"><dateText>May 5, 2020 Tuesday</dateText></publicationDate><classification classificationScheme="publicationtype"><classificationItem><className>Newspaper</className></classificationItem></classification><classification classificationScheme="publicationtype"><classificationItem><className>Newspapers</className></classificationItem></classification></publicationInfo><classification classificationScheme="language"><classificationItem classificationScheme="lang.english"><className>ENGLISH</className></classificationItem></classification><classificationGroup classificationScheme="indexing-terms"><classification classificationScheme="subject"><classificationItem score="90"><classCode>ST00097CI</classCode><className>HEALTH DEPARTMENTS</className></classificationItem><classificationItem score="90"><classCode>STX000912</classCode><className>INFECTIOUS DISEASE</className></classificationItem><classificationItem score="90"><classCode>STX001880</classCode><className>PUBLIC HEALTH</className></classificationItem><classificationItem score="90"><classCode>N923120CC</classCode><className>PUBLIC HEALTH ADMINISTRATION</className></classificationItem><classificationItem score="90"><classCode>ST00097CV</classCode><className>UNITED NATIONS INSTITUTIONS</className></classificationItem><classificationItem score="90"><classCode>ST000D0UY</classCode><className>US PRESIDENTIAL CANDIDATES 2012</className></classificationItem><classificationItem score="90"><classCode>ST000DF5U</classCode><className>US PRESIDENTIAL CANDIDATES 2016</className></classificationItem><classificationItem score="90"><classCode>ST000DNV7</classCode><className>US PRESIDENTIAL CANDIDATES 2020</className></classificationItem><classificationItem score="90"><classCode>N921110MM</classCode><className>US PRESIDENTS</className></classificationItem><classificationItem score="89"><classCode>ST000A7IS</classCode><className>ASSOCIATIONS &amp; ORGANIZATIONS</className></classificationItem><classificationItem score="89"><classCode>ST000DOTY</classCode><className>CORONAVIRUSES</className></classificationItem><classificationItem score="89"><classCode>ST000DOTH</classCode><className>COVID-19 CORONAVIRUS</className></classificationItem><classificationItem score="89"><classCode>STX002064</classCode><className>EPIDEMICS</className></classificationItem><classificationItem score="89"><classCode>STX000938</classCode><className>INTELLIGENCE SERVICES</className></classificationItem><classificationItem score="89"><classCode>ST000DOXW</classCode><className>PANDEMICS</className></classificationItem><classificationItem score="89"><classCode>STX001964</classCode><className>SCIENCE &amp; TECHNOLOGY</className></classificationItem><classificationItem score="89"><classCode>STX002145</classCode><className>VIRUSES</className></classificationItem><classificationItem score="78"><classCode>STX000511</classCode><className>DISEASES &amp; DISORDERS</className></classificationItem><classificationItem score="78"><classCode>ST00097CZ</classCode><className>ELECTIONS</className></classificationItem><classificationItem score="78"><classCode>STX002233</classCode><className>EPIDEMIOLOGY</className></classificationItem><classificationItem score="78"><classCode>ST000D1BY</classCode><className>EXECUTIVES</className></classificationItem><classificationItem score="78"><classCode>ST000DLOJ</classCode><className>GOVERNMENT ADVISORS &amp; MINISTERS</className></classificationItem><classificationItem score="78"><classCode>N928000CC</classCode><className>INTERNATIONAL RELATIONS &amp; NATIONAL SECURITY</className></classificationItem><classificationItem score="78"><classCode>N921120CC</classCode><className>LEGISLATIVE BODIES</className></classificationItem><classificationItem score="78"><classCode>ST000DN6R</classCode><className>PUBLIC OFFICIALS</className></classificationItem><classificationItem score="78"><classCode>STX002125</classCode><className>SARS</className></classificationItem><classificationItem score="77"><classCode>ST000CFFM</classCode><className>VIROLOGY</className></classificationItem><classificationItem score="77"><classCode>ST000DPHO</classCode><className>VIRTUAL EVENTS</className></classificationItem><classificationItem score="76"><classCode>ST000DDEW</classCode><className>MICROBIOLOGY</className></classificationItem><classificationItem score="74"><classCode>STX000246</classCode><className>CAMPAIGNS &amp; ELECTIONS</className></classificationItem><classificationItem score="74"><classCode>ST000DA1D</classCode><className>US CONGRESS</className></classificationItem><classificationItem score="73"><classCode>STX001477</classCode><className>RESEARCH REPORTS</className></classificationItem><classificationItem score="72"><classCode>STX000186</classCode><className>BIOTECHNOLOGY &amp; GENETIC SCIENCE</className></classificationItem><classificationItem score="72"><classCode>STX001865</classCode><className>WRITERS</className></classificationItem></classification><classification classificationScheme="industry"><classificationItem score="90"><classCode>ST00097CI</classCode><className>HEALTH DEPARTMENTS</className></classificationItem><classificationItem score="78"><classCode>STX002233</classCode><className>EPIDEMIOLOGY</className></classificationItem><classificationItem score="78"><classCode>N541380MM</classCode><className>TEST LABORATORIES</className></classificationItem><classificationItem score="77"><classCode>ST000CFFM</classCode><className>VIROLOGY</className></classificationItem><classificationItem score="72"><classCode>STX001865</classCode><className>WRITERS</className></classificationItem></classification><classification classificationScheme="person"><classificationItem score="91"><classCode>PE0009THX</classCode><className>DONALD TRUMP</className></classificationItem><classificationItem score="79"><classCode>PE000CTJ0</classCode><className>MIKE POMPEO</className></classificationItem><classificationItem score="71"><classCode>PE000DECZ</classCode><className>JUDY CHU</className></classificationItem></classification><classification classificationScheme="state"><classificationItem score="92"><classCode>GS120</classCode><className>CALIFORNIA, USA</className></classificationItem><classificationItem score="79"><classCode>GS148</classCode><className>NEW YORK, USA</className></classificationItem></classification><classification classificationScheme="country"><classificationItem score="95"><classCode>GC343</classCode><className>UNITED STATES</className></classificationItem><classificationItem score="94"><classCode>GC302</classCode><className>CHINA</className></classificationItem><classificationItem score="79"><classCode>GC301</classCode><className>AUSTRALIA</className></classificationItem></classification></classificationGroup></metadata></articleDoc></content></entry>