<entry xmlns="http://www.w3.org/2005/Atom"><id>urn:contentItem:611F-0161-JDJN-60HW-00000-00</id><title>MIT peer reviews refute lab origin of coronavirus</title><published>2021-04-15T18:04:57Z</published><updated>2021-04-15T18:04:57Z</updated><author><name>LexisNexis</name></author><content type="application/xml"><!--Transformation version 1.25--><articleDoc xmlns="" xmlns:xsi="http://www.w3.org/2001/XMLSchema-instance" xsi:noNamespaceSchemaLocation="http://www.lexisnexis.com/xmlschemas/content/public/articledoc/1/" schemaVersion="1.8" xml:lang="en"><articleDocHead><itemInfo/></articleDocHead><nitf:body xmlns:nitf="http://iptc.org/std/NITF/2006-10-18/"><nitf:body.head><nitf:hedline><nitf:hl1>MIT peer reviews refute lab origin of coronavirus</nitf:hl1></nitf:hedline><nitf:byline><author><person><nameText>CHINA DAILY</nameText></person></author></nitf:byline></nitf:body.head><nitf:body.content><bodyText><p nitf:lede="true">[Photo/Agencies]</p><p nitf:lede="true">Four peer reviews published by the Massachusetts Institute of Technology refute a study that asserts the virus responsible for the COVID-19 pandemic was created by intentional genetic manipulation in China.</p><p>All four published peer reviews found that the study has "serious flaws and errors in the methods and data" that render its conclusions "misinformative".</p><p>The study, released on Sept 14, implicates numerous research groups in contributing to the pandemic and calls for "an independent investigation into the relevant research laboratories".</p><p>The research was conducted by Li-Meng Yan, who claims to be a former researcher at the Hong Kong School of Public Health, as well as Shu Kang, Jie Guan and Shanchang Hu.</p><p>Shortly after the study was released, Rapid Reviews: COVID-19, a journal that seeks to accelerate peer review of COVID-19-related research preprints under the MIT Press, one of the largest and most distinguished university presses and a leading publisher, published four peer reviews of the study.</p><p>The journal sought peer reviews from world-renowned experts in virology, molecular biology, structural biology, computational biology, vaccine development and medicine.</p><p>An editorial statement in the journal said that reviewers have collectively debunked three claims in the "Yan Report": bat coronaviruses were used as a background strain to engineer SARS-CoV-2; evidence suggests prior screening for a virus targeting the human ACE2 receptor; and the fur-in-like cleavage site is unnatural and provides evidence of engineering.</p><p>"There was a general consensus that the study's claims were better explained by potential political motivations rather than scientific integrity. The peer reviewers arrived at these common opinions independently, further strengthening the credibility of the peer reviews," said the editorial.</p><p>Insufficient evidence</p><p>One of the peer reviews was by Takahiko Koyama of the IBM Research Computational Biology Center in Yorktown Heights, New York. He concluded that "the manuscript does not demonstrate sufficient scientific evidences to support genetic manipulation origin of SARS-CoV-2".</p><p>The peer review by Adam Lauring, from the University of Michigan Internal Medicine Department, said the authors of the report "don't contest the natural origin hypothesis with data. Instead, they offer ideas and opinions".</p><p>He also questioned the background of the research.</p><p>"A key aspect of research ethics and the responsible conduct of research is to include information on who supported the work－financially or otherwise. The authors' affiliation is the Rule of Law Society and the Rule of Law Foundation. It is not clear who supports this foundation or what its purpose is," wrote Lauring. "It is also unethical to promote what are essentially conspiracy theories that are not founded in fact."</p><p>Reviewer Marvin Reitz from the University of Maryland Biotechnology Institute said: "My opinion is that this is an inept attempt to make the case the virus was man-made. There are no concrete facts in this report. I do wonder why this is coming out now."</p><p><url normalizedValue="https://syndigateimages.s3.amazonaws.com/syndigate/imgs/498/1496/95/160223070663.jpeg">https://syndigateimages.s3.amazonaws.com/syndigate/imgs/498/1496/95/160223070663.jpeg</url></p><p><br/></p></bodyText></nitf:body.content></nitf:body><metadata><dc:metadata xmlns:dc="http://purl.org/dc/elements/1.1/"><dc:identifier identifierScheme="DOC-ID">CHIDUS-186675863</dc:identifier><dc:source sourceScheme="royaltyReportingKey">CHIDUS2020</dc:source><dc:identifier identifierScheme="PGUID">urn:contentItem:611F-0161-JDJN-60HW-00000-00</dc:identifier><dc:source sourceScheme="productContentSetIdentifier">411374</dc:source><dc:date dateType="last-updated">2020-10-09</dc:date></dc:metadata><wordCount number="528"/><publicationInfo><copyright>Copyright 2020 China Daily Information. Provided by Syndigate Media Inc. All Rights Reserved</copyright><publicationName>China Daily - US Edition</publicationName><publicationLogo><logo><inlineObject><locator><locatorKey><keyName name="object-key"/><keyValue value="26125"/></locatorKey><locatorParameters><parameter name="object-type" value="201"/><parameter name="object-smi" value="LOGOS"/><parameter name="componentseq" value="1"/></locatorParameters></locator></inlineObject></logo></publicationLogo><publicationDate day="09" month="10" year="2020"><dateText>October 9, 2020 Friday</dateText></publicationDate><classification classificationScheme="publicationtype"><classificationItem><className>Newspaper</className></classificationItem></classification><classification classificationScheme="publicationtype"><classificationItem><className>Newspapers</className></classificationItem></classification></publicationInfo><classification classificationScheme="language"><classificationItem classificationScheme="lang.english"><className>ENGLISH</className></classificationItem></classification><classificationGroup classificationScheme="indexing-terms"><classification classificationScheme="legal"><classificationItem score="89"><className>Healthcare Law</className><classCode>Z3VpZD11cm46dG9waWM6NkUxMkVDQjJDOEY5NDVDQ0E5NTFEMTlDMjIwNzVERjc7cGFyZW50Z3VpZD0</classCode><classificationItem score="89"><className>Peer Review Statutes</className><classCode>Z3VpZD11cm46dG9waWM6RDYzQjMxMEU3NzQzNDBEQThBNzA4QkZGODg2MzhGQjQ7cGFyZW50Z3VpZD11cm46dG9waWM6M0JBQTc2MDg4OUY4NDRDQzk5QkQ0OTVFMUVCQzY4NkY</classCode></classificationItem></classificationItem></classification><classification classificationScheme="subject"><classificationItem score="99"><classCode>STX002145</classCode><className>VIRUSES</className></classificationItem><classificationItem score="92"><classCode>ST000DOTH</classCode><className>COVID-19 CORONAVIRUS</className></classificationItem><classificationItem score="91"><classCode>ST000DOTY</classCode><className>CORONAVIRUSES</className></classificationItem><classificationItem score="90"><classCode>ST0008Z8M</classCode><className>BIOLOGY</className></classificationItem><classificationItem score="90"><classCode>STX000186</classCode><className>BIOTECHNOLOGY &amp; GENETIC SCIENCE</className></classificationItem><classificationItem score="90"><classCode>STX002064</classCode><className>EPIDEMICS</className></classificationItem><classificationItem score="90"><classCode>STX000912</classCode><className>INFECTIOUS DISEASE</className></classificationItem><classificationItem score="90"><classCode>STX000969</classCode><className>INVESTIGATIONS</className></classificationItem><classificationItem score="90"><classCode>ST000DOXW</classCode><className>PANDEMICS</className></classificationItem><classificationItem score="90"><classCode>STX001880</classCode><className>PUBLIC HEALTH</className></classificationItem><classificationItem score="90"><classCode>STX001964</classCode><className>SCIENCE &amp; TECHNOLOGY</className></classificationItem><classificationItem score="89"><classCode>STX000179</classCode><className>BIOETHICS</className></classificationItem><classificationItem score="89"><classCode>STX000622</classCode><className>ENGINEERING</className></classificationItem><classificationItem score="89"><classCode>STX000654</classCode><className>ETHICS</className></classificationItem><classificationItem score="89"><classCode>ST000DO47</classCode><className>GENE EDITING</className></classificationItem><classificationItem score="89"><classCode>STX000785</classCode><className>GENETIC ENGINEERING</className></classificationItem><classificationItem score="89"><classCode>STX001865</classCode><className>WRITERS</className></classificationItem><classificationItem score="78"><classCode>ST000DDEW</classCode><className>MICROBIOLOGY</className></classificationItem><classificationItem score="78"><classCode>N923120CC</classCode><className>PUBLIC HEALTH ADMINISTRATION</className></classificationItem><classificationItem score="78"><classCode>STX001477</classCode><className>RESEARCH REPORTS</className></classificationItem><classificationItem score="78"><classCode>ST000DFNA</classCode><className>RULE OF LAW</className></classificationItem><classificationItem score="78"><classCode>ST000CFFM</classCode><className>VIROLOGY</className></classificationItem><classificationItem score="77"><classCode>ST0009FXU</classCode><className>BIOCHEMISTRY</className></classificationItem><classificationItem score="77"><classCode>STX000182</classCode><className>BIOINFORMATICS</className></classificationItem><classificationItem score="77"><classCode>ST0009FJK</classCode><className>NEGATIVE PERSONAL NEWS</className></classificationItem><classificationItem score="76"><classCode>ST000DPS6</classCode><className>CONSPIRACY THEORY</className></classificationItem><classificationItem score="75"><classCode>STX000369</classCode><className>CONSPIRACY</className></classificationItem><classificationItem score="73"><classCode>STX001785</classCode><className>VACCINES</className></classificationItem><classificationItem score="72"><classCode>ST000DHZQ</classCode><className>MOLECULAR BIOLOGY</className></classificationItem><classificationItem score="70"><classCode>STX000659</classCode><className>EVIDENCE</className></classificationItem><classificationItem score="52"><classCode>ST0008X01</classCode><className>DRUG DESIGN &amp; DISCOVERY</className></classificationItem><classificationItem score="50"><classCode>STX002081</classCode><className>INTERNAL MEDICINE</className></classificationItem></classification><classification classificationScheme="industry"><classificationItem score="90"><classCode>N511000CC</classCode><className>PUBLISHING</className></classificationItem><classificationItem score="89"><classCode>STX000622</classCode><className>ENGINEERING</className></classificationItem><classificationItem score="89"><classCode>STX001865</classCode><className>WRITERS</className></classificationItem><classificationItem score="78"><classCode>N511130CC</classCode><className>BOOK PUBLISHING</className></classificationItem><classificationItem score="78"><classCode>N541380MM</classCode><className>TEST LABORATORIES</className></classificationItem><classificationItem score="78"><classCode>ST000CFFM</classCode><className>VIROLOGY</className></classificationItem><classificationItem score="77"><classCode>STX001911</classCode><className>PHARMACEUTICALS &amp; BIOTECHNOLOGY</className></classificationItem><classificationItem score="73"><classCode>STX001785</classCode><className>VACCINES</className></classificationItem><classificationItem score="52"><classCode>ST0008X01</classCode><className>DRUG DESIGN &amp; DISCOVERY</className></classificationItem><classificationItem score="50"><classCode>STX002081</classCode><className>INTERNAL MEDICINE</className></classificationItem></classification><classification classificationScheme="state"><classificationItem score="79"><classCode>GS137</classCode><className>MASSACHUSETTS, USA</className></classificationItem><classificationItem score="79"><classCode>GS138</classCode><className>MICHIGAN, USA</className></classificationItem></classification><classification classificationScheme="country"><classificationItem score="90"><classCode>GC302</classCode><className>CHINA</className></classificationItem><classificationItem score="79"><classCode>GC303</classCode><className>HONG KONG</className></classificationItem></classification></classificationGroup></metadata></articleDoc></content></entry>