<entry xmlns="http://www.w3.org/2005/Atom"><id>urn:contentItem:5YT4-9VR1-JDJN-6384-00000-00</id><title>US shown up for its unabashed arrogance</title><published>2021-04-15T18:04:57Z</published><updated>2021-04-15T18:04:57Z</updated><author><name>LexisNexis</name></author><content type="application/xml"><!--Transformation version 1.25--><articleDoc xmlns="" xmlns:xsi="http://www.w3.org/2001/XMLSchema-instance" xsi:noNamespaceSchemaLocation="http://www.lexisnexis.com/xmlschemas/content/public/articledoc/1/" schemaVersion="1.8" xml:lang="en"><articleDocHead><itemInfo/></articleDocHead><nitf:body xmlns:nitf="http://iptc.org/std/NITF/2006-10-18/"><nitf:body.head><nitf:hedline><nitf:hl1>US shown up for its unabashed arrogance</nitf:hl1></nitf:hedline></nitf:body.head><nitf:body.content><bodyText><p nitf:lede="true">US Navy hospital ship Comfort departs from Manhattan of New York, the United States, April 30, 2020. US Navy hospital ship Comfort left New York City on Thursday. It arrived in NYC on March 30 to help ease pressure on city hospitals amid the COVID-19 pandemic. [Photo/Xinhua]</p><p nitf:lede="true">On top of the sudden, common test being faced by humans all over the world is an even darker cloud-a surge of stigmatizing voices from the United States and some Western European countries.</p><p>The noises grow louder as the US' failure to effectively cope with the novel coronavirus pandemic is laid bare. China has managed to curb domestic cases, with Wuhan clearing its last hospitalized patient of COVID-19 on April 26.</p><p>Not long ago, US officials were still boasting about their control of the virus. But, soon after, the pandemic exposed the unpreparedness of the US-that the world's most powerful nation just did not have enough medical supplies, comparable to the so-called third world.</p><p>Their arrogance that "the virus is Asian" and that their own health systems are stronger has been their pitfall.</p><p>Among those leading the crusade against China has been US Secretary of State Mike Pompeo, attacking China with regard to the name of the virus and its origin, over donations, and over the sharing of information.</p><p>All the blatant accusations without evidence point to political paranoia in the current US administration. Their mishandling of the crisis may well jeopardize the chances of US President Donald Trump being reelected later this year.</p><p>A 57-page strategy document issued by the National Republican Senatorial Committee and revealed by US media employs a multipronged assault against China and teaches the world how US politicians are spreading fake news and pushing to scapegoat China. The sheer ill will reminds us of the brutality and arrogance of white colonialists.</p><p>If US politicians feel no shame in ignoring truth, the echoing attitude of some Western media against China suggests widespread hubris that the West can always find justification for its actions, while doubting or even denouncing the progress of others.</p><p>Fox News in the US seems to be following Republican guidelines, circulating untrue accusations against China and promoting a rather ludicrous and extortionate legal suit against China for COVID-19 damages.</p><p>The media outlets that prop up a blame game by the world's single hegemonic power are forgetting it was the US that dared to use bacteriological warfare against Korean and Chinese soldiers during the Korean War in the 1950s and against the Vietnamese in the late 1960s, and that it was the US and some other Western powers that framed people in Iraq and Syria time and again for alleged possession of chemical weapons and faked attacks on civilians.</p><p>History will not allow that the country first to confront the novel coronavirus and first to successfully combat the new challenge through its own initiative to be condemned as the cause of the pandemic.</p><p>China's success in containing the pandemic, and its assistance to other sufferers, has made the imperialist politicians even more upbeat in attacking China. Yet this just exposes the West's view of leadership as some form of superiority and dominance.</p><p>From these attacks we see the harbingers of extreme bigotry, blind superiority, discrimination and contempt for others, by selfish politicians and white supremacists who claim that a certain tribe is the chosen people of their God.</p><p>Those strongmen and so-called intelligentsia in the West cannot accept China, or any other Asian or African country, leading in charting the course of human destiny. They cannot conceive that the awaited emergence of China as an economic power should be welcomed as an epochal change in the history of mankind.</p><p>Their ingrained prejudice and hubris are reinforced by hegemony and chauvinism because of the lucrative income from minerals, oil and agricultural products, for which foreign corporations induce cartels and protectionism and even sell arms to generate conflict.</p><p>To the developing world, the most visible traces of Western empires are their subjugation and exploitation of other peoples. China happens to be the top target for its rise, and more so for its success in beating COVID-19, which so embarrasses the world's sole superpower.</p><p>To long for the continuing exploitation of others has to be taken as a residue of the slavery, colonialism and imperialism championed by Western powers for centuries. Such practices brought untold riches to the capitalists, and exacerbated underdevelopment, poverty, hunger, misery, disease, ignorance and strife.</p><p>Like the virus that came and will be yoked, such political toxins must be buried by us-modern humankind. We have withstood many viruses, and will be more interconnected and more resilient in access to healthcare and equality among peoples.</p><p>The author, a Manila-based political analyst and columnist with The Manila Standard, is author of Labor-Only Contracting in a "Cabo" Economy.</p></bodyText></nitf:body.content></nitf:body><metadata><dc:metadata xmlns:dc="http://purl.org/dc/elements/1.1/"><dc:identifier identifierScheme="DOC-ID">CHIDUS-173570244</dc:identifier><dc:source sourceScheme="royaltyReportingKey">CHIDUS2020</dc:source><dc:identifier identifierScheme="PGUID">urn:contentItem:5YT4-9VR1-JDJN-6384-00000-00</dc:identifier><dc:source sourceScheme="productContentSetIdentifier">411374</dc:source><dc:date dateType="last-updated">2020-05-01</dc:date></dc:metadata><wordCount number="829"/><publicationInfo><copyright>Copyright 2020 China Daily Information. Provided by Syndigate Media Inc. All Rights Reserved</copyright><publicationName>China Daily - US Edition</publicationName><publicationLogo><logo><inlineObject><locator><locatorKey><keyName name="object-key"/><keyValue value="26125"/></locatorKey><locatorParameters><parameter name="object-type" value="201"/><parameter name="object-smi" value="LOGOS"/><parameter name="componentseq" value="1"/></locatorParameters></locator></inlineObject></logo></publicationLogo><publicationDate day="01" month="05" year="2020"><dateText>May 1, 2020 Friday</dateText></publicationDate><classification classificationScheme="publicationtype"><classificationItem><className>Newspaper</className></classificationItem></classification><classification classificationScheme="publicationtype"><classificationItem><className>Newspapers</className></classificationItem></classification></publicationInfo><classification classificationScheme="language"><classificationItem classificationScheme="lang.english"><className>ENGLISH</className></classificationItem></classification><classificationGroup classificationScheme="indexing-terms"><classification classificationScheme="company"><classificationItem score="63"><classCode>CC0002R8Q</classCode><className>FOX ENTERTAINMENT GROUP INC</className></classificationItem></classification><classification classificationScheme="industry"><classificationItem score="63"><className>NAICS515120 TELEVISION BROADCASTING</className></classificationItem><classificationItem score="63"><className>SIC4833 TELEVISION BROADCASTING STATIONS</className></classificationItem></classification></classificationGroup><classificationGroup classificationScheme="indexing-terms"><classification classificationScheme="subject"><classificationItem score="90"><classCode>ST000DOTH</classCode><className>COVID-19 CORONAVIRUS</className></classificationItem><classificationItem score="90"><classCode>STX000912</classCode><className>INFECTIOUS DISEASE</className></classificationItem><classificationItem score="90"><classCode>ST00097CO</classCode><className>NAVIES</className></classificationItem><classificationItem score="90"><classCode>ST000DOXW</classCode><className>PANDEMICS</className></classificationItem><classificationItem score="90"><classCode>STX001880</classCode><className>PUBLIC HEALTH</className></classificationItem><classificationItem score="89"><classCode>ST000DOTY</classCode><className>CORONAVIRUSES</className></classificationItem><classificationItem score="89"><classCode>STX002064</classCode><className>EPIDEMICS</className></classificationItem><classificationItem score="89"><classCode>ST000DJUB</classCode><className>US NAVY</className></classificationItem><classificationItem score="89"><classCode>STX002145</classCode><className>VIRUSES</className></classificationItem><classificationItem score="87"><classCode>ST0009FJK</classCode><className>NEGATIVE PERSONAL NEWS</className></classificationItem><classificationItem score="86"><classCode>STX001346</classCode><className>POLITICS</className></classificationItem><classificationItem score="78"><classCode>ST000A5MY</classCode><className>KOREAN WAR</className></classificationItem><classificationItem score="74"><classCode>N921110MM</classCode><className>US PRESIDENTS</className></classificationItem><classificationItem score="73"><classCode>N928110MM</classCode><className>ARMED FORCES</className></classificationItem><classificationItem score="73"><classCode>STX001141</classCode><className>MILITARY WEAPONS</className></classificationItem><classificationItem score="70"><classCode>N928120MM</classCode><className>STATE DEPARTMENTS &amp; FOREIGN SERVICES</className></classificationItem><classificationItem score="69"><classCode>ST000DLCU</classCode><className>FAKE NEWS</className></classificationItem><classificationItem score="66"><classCode>ST000DLOJ</classCode><className>GOVERNMENT ADVISORS &amp; MINISTERS</className></classificationItem><classificationItem score="65"><classCode>STX001814</classCode><className>WAR &amp; CONFLICT</className></classificationItem><classificationItem score="64"><classCode>ST000D0UY</classCode><className>US PRESIDENTIAL CANDIDATES 2012</className></classificationItem><classificationItem score="64"><classCode>ST000DF5U</classCode><className>US PRESIDENTIAL CANDIDATES 2016</className></classificationItem><classificationItem score="64"><classCode>ST000DNV7</classCode><className>US PRESIDENTIAL CANDIDATES 2020</className></classificationItem><classificationItem score="64"><classCode>ST0009TAC</classCode><className>US SENATE ELECTIONS</className></classificationItem><classificationItem score="63"><classCode>STX000281</classCode><className>CHEMICAL &amp; BIOLOGICAL WEAPONS</className></classificationItem><classificationItem score="52"><classCode>STX000950</classCode><className>INTERNATIONAL RELATIONS</className></classificationItem></classification><classification classificationScheme="industry"><classificationItem score="90"><classCode>N515000CC</classCode><className>BROADCASTING INDUSTRY</className></classificationItem><classificationItem score="90"><classCode>N622310MM</classCode><className>MILITARY HOSPITALS</className></classificationItem><classificationItem score="90"><classCode>ST00097CO</classCode><className>NAVIES</className></classificationItem><classificationItem score="90"><classCode>N515120CC</classCode><className>TELEVISION INDUSTRY</className></classificationItem><classificationItem score="89"><classCode>STX002273</classCode><className>NAVAL VESSELS</className></classificationItem><classificationItem score="89"><classCode>ST000DJUB</classCode><className>US NAVY</className></classificationItem><classificationItem score="78"><classCode>N622000CC</classCode><className>HOSPITALS</className></classificationItem><classificationItem score="73"><classCode>N928110MM</classCode><className>ARMED FORCES</className></classificationItem><classificationItem score="73"><classCode>STX001141</classCode><className>MILITARY WEAPONS</className></classificationItem><classificationItem score="63"><classCode>STX000281</classCode><className>CHEMICAL &amp; BIOLOGICAL WEAPONS</className></classificationItem></classification><classification classificationScheme="person"><classificationItem score="67"><classCode>PE0009THX</classCode><className>DONALD TRUMP</className></classificationItem><classificationItem score="50"><classCode>PE000CTJ0</classCode><className>MIKE POMPEO</className></classificationItem></classification><classification classificationScheme="city"><classificationItem score="90"><classCode>GX601</classCode><className>NEW YORK, NY, USA</className></classificationItem></classification><classification classificationScheme="state"><classificationItem score="92"><classCode>GS148</classCode><className>NEW YORK, USA</className></classificationItem></classification><classification classificationScheme="country"><classificationItem score="98"><classCode>GC302</classCode><className>CHINA</className></classificationItem><classificationItem score="98"><classCode>GC343</classCode><className>UNITED STATES</className></classificationItem><classificationItem score="79"><classCode>GC358</classCode><className>IRAQ</className></classificationItem><classificationItem score="79"><classCode>GC363</classCode><className>SYRIA</className></classificationItem><classificationItem score="79"><classCode>GR152</classCode><className>WESTERN EUROPE</className></classificationItem></classification></classificationGroup></metadata></articleDoc></content></entry>