<entry xmlns="http://www.w3.org/2005/Atom"><id>urn:contentItem:600N-JMR1-F11P-X1YG-00000-00</id><title>Nobel laureates seek probe of canceled grant</title><published>2021-04-15T18:04:57Z</published><updated>2021-04-15T18:04:57Z</updated><author><name>LexisNexis</name></author><content type="application/xml"><!--Transformation version 1.25--><articleDoc xmlns="" xmlns:xsi="http://www.w3.org/2001/XMLSchema-instance" xsi:noNamespaceSchemaLocation="http://www.lexisnexis.com/xmlschemas/content/public/articledoc/1/" schemaVersion="1.8" xml:lang="en"><articleDocHead><itemInfo/></articleDocHead><nitf:body xmlns:nitf="http://iptc.org/std/NITF/2006-10-18/"><nitf:body.head><nitf:hedline><nitf:hl1>Nobel laureates seek probe of canceled grant</nitf:hl1></nitf:hedline></nitf:body.head><nitf:body.content><bodyText><p nitf:lede="true">In an open letter, 77 American Nobel laureates urged the US government to launch an investigation into the decision by the National Institutes of Health (NIH) to cancel a grant for a study of how the novel coronavirus moves from animals to humans.</p><p nitf:lede="true">"We believe that this action sets a dangerous precedent by interfering in the conduct of science and jeopardizes public trust in the process of awarding federal funds for research," says the letter, which was released May 21 and composed by pre-eminent scientists in medicine, chemistry and physics.</p><p>The grant in question was awarded to disease ecologist Peter Daszak, who leads EcoHealth Alliance, a New York-based international nonprofit devoted to the study of emerging infectious diseases.</p><p>For many years, the group has been a key collaborator with the Wuhan Institute of Virology, which became the focal point of a conspiracy theory pushed by some in the Trump administration that claims the coronavirus was accidentally released by the lab, causing the current COVID-19 pandemic.</p><p>According to the Nobel recipients' letter, the grant was revoked April 24 after President Donald Trump responded to a question from a reporter who erroneously claimed that the grant awarded millions of dollars to investigators in Wuhan.</p><p>Despite the misrepresentation of Daszak's grant and the high relevance of his study to the current pandemic, the NIH informed Daszak and his colleagues that the grant was being terminated because the "NIH does not believe that the current project outcomes align with the program goals and agency priorities."</p><p>Such explanations are "preposterous" under the circumstances, the letter said.</p><p>The open letter, which was addressed to Alex Azar II, secretary of the Department of Health and Human Services, and NIH head Francis Collins, also highlighted the importance of international collaboration in scientific research, including Daszak's work.</p><p>"Their work depends on productive collaborations with scientists in other countries, including scientists in Wuhan, China, where the current pandemic caused by a novel coronavirus arose. Now is precisely the time we need to support this kind of research if we aim to control the pandemic and prevent subsequent ones," the letter continued.</p><p>In a statement posted on its website, EcoHealth Alliance said the research terminated by the NIH helped in designing vaccines and drugs to protect people from COVID-19 and other coronavirus threats.</p><p>The genetic sequences of two bat coronaviruses that researchers discovered with this grant have been used to test the Daszak breakthrough antiviral drug remdesivir, the statement said.</p><p>In an interview with CBS News, Daszak said that the $3.7 million grant was not given to the Wuhan institute but to EcoHealth Alliance.</p><p>Gerald Keusch, a former director of NIH's Fogarty International Center, told the journal Science that the NIH's move is counterproductive to the understanding of the current pandemic and avoiding future viral outbreaks.</p><p>"This is cutting off your nose to spite your face. This is the worst kind of thing that political interference can cause in a democracy," Keusch said.</p><p>The Nobelists' letter came just a day after the American Society for Biochemistry and Molecular Biology (ASBMB), one of the largest molecular life science societies in the world, published a similar letter of protest directed to the NIH.</p><p>In the letter, the ASBMB, which represents "tens of thousands of members of the American biomedical research enterprise", said the decision by the NIH politicizes science and seems to be a reaction to a theory about the origins of the COVID-19 virus, which the US intelligence community has publicly repudiated.</p><p>"EcoHealth Alliance at one point collaborated with a lab in Wuhan, China, which has recently been at the center of rumors about the origin of the pandemic. The overall goal of EcoHealth Alliance's research project is to study coronavirus transmission from species to species. But the purpose of the research project has been conflated with these rumors. This is worrisome," the letter said.</p><p>"International collaboration has propelled the American research enterprise to achieve vital innovations and discoveries; it is the gold standard for the scientific community. The United States is a beacon for the best and brightest minds, consistently attracting top scientists from around the world. However, with this incident, international collaboration is being portrayed as a threat," it added.</p><p>"Our aim with this effort is to stand up for a scientific enterprise that should be free of political influence on sound scientific research. This grant was peer reviewed, led to research that has numerous publications in scholarly journals, and was competitively renewed just last year," said Benjamin Corb, public affairs director for the ASBMB, in a statement.</p><p>"The continued politicization of science during this pandemic crisis is an alarming trend that is risking not only the integrity of science, but also the lives of citizens. Scientific research must remain clear of the partisanship that divides the nation and must be the foundation for sound policymaking during and beyond the COVID-19 pandemic," Corb added.</p></bodyText></nitf:body.content></nitf:body><metadata><dc:metadata xmlns:dc="http://purl.org/dc/elements/1.1/"><dc:identifier identifierScheme="DOC-ID">CHIDUS-175490539</dc:identifier><dc:source sourceScheme="royaltyReportingKey">CHIDUS2020</dc:source><dc:identifier identifierScheme="PGUID">urn:contentItem:600N-JMR1-F11P-X1YG-00000-00</dc:identifier><dc:source sourceScheme="productContentSetIdentifier">411374</dc:source><dc:date dateType="last-updated">2020-05-27</dc:date></dc:metadata><wordCount number="864"/><publicationInfo><copyright>Copyright 2020 China Daily Information. Provided by Syndigate Media Inc. All Rights Reserved</copyright><publicationName>China Daily - US Edition</publicationName><publicationLogo><logo><inlineObject><locator><locatorKey><keyName name="object-key"/><keyValue value="26125"/></locatorKey><locatorParameters><parameter name="object-type" value="201"/><parameter name="object-smi" value="LOGOS"/><parameter name="componentseq" value="1"/></locatorParameters></locator></inlineObject></logo></publicationLogo><publicationDate day="27" month="05" year="2020"><dateText>May 27, 2020 Wednesday</dateText></publicationDate><classification classificationScheme="publicationtype"><classificationItem><className>Newspaper</className></classificationItem></classification><classification classificationScheme="publicationtype"><classificationItem><className>Newspapers</className></classificationItem></classification></publicationInfo><classification classificationScheme="language"><classificationItem classificationScheme="lang.english"><className>ENGLISH</className></classificationItem></classification><classificationGroup classificationScheme="indexing-terms"><classification classificationScheme="subject"><classificationItem score="91"><classCode>ST0009RCL</classCode><className>NOBEL PRIZES</className></classificationItem><classificationItem score="91"><classCode>N921100MM</classCode><className>US FEDERAL GOVERNMENT</className></classificationItem><classificationItem score="90"><classCode>STX000150</classCode><className>AWARDS &amp; PRIZES</className></classificationItem><classificationItem score="90"><classCode>STX000912</classCode><className>INFECTIOUS DISEASE</className></classificationItem><classificationItem score="90"><classCode>STX000969</classCode><className>INVESTIGATIONS</className></classificationItem><classificationItem score="90"><classCode>ST0009FJK</classCode><className>NEGATIVE PERSONAL NEWS</className></classificationItem><classificationItem score="90"><classCode>STX001880</classCode><className>PUBLIC HEALTH</className></classificationItem><classificationItem score="90"><classCode>ST0009RLP</classCode><className>RESEARCH INSTITUTES</className></classificationItem><classificationItem score="90"><classCode>STX001964</classCode><className>SCIENCE &amp; TECHNOLOGY</className></classificationItem><classificationItem score="90"><classCode>STX002145</classCode><className>VIRUSES</className></classificationItem><classificationItem score="89"><classCode>ST000DOTY</classCode><className>CORONAVIRUSES</className></classificationItem><classificationItem score="89"><classCode>ST000DOTH</classCode><className>COVID-19 CORONAVIRUS</className></classificationItem><classificationItem score="89"><classCode>STX002064</classCode><className>EPIDEMICS</className></classificationItem><classificationItem score="89"><classCode>STX000813</classCode><className>GRANTS &amp; GIFTS</className></classificationItem><classificationItem score="89"><classCode>ST00097CI</classCode><className>HEALTH DEPARTMENTS</className></classificationItem><classificationItem score="89"><classCode>ST000DOXW</classCode><className>PANDEMICS</className></classificationItem><classificationItem score="89"><classCode>ST0009FYD</classCode><className>SCIENCE FUNDING</className></classificationItem><classificationItem score="78"><classCode>STX000511</classCode><className>DISEASES &amp; DISORDERS</className></classificationItem><classificationItem score="78"><classCode>STX000802</classCode><className>GOVERNMENT RESEARCH FUNDING</className></classificationItem><classificationItem score="78"><classCode>N928000CC</classCode><className>INTERNATIONAL RELATIONS &amp; NATIONAL SECURITY</className></classificationItem><classificationItem score="78"><classCode>ST0008ZF6</classCode><className>INTERVIEWS</className></classificationItem><classificationItem score="78"><classCode>STX001220</classCode><className>NONPROFIT ORGANIZATIONS</className></classificationItem><classificationItem score="78"><classCode>N923130JC</classCode><className>SOCIAL SERVICES DEPARTMENTS</className></classificationItem><classificationItem score="78"><classCode>ST000CFFM</classCode><className>VIROLOGY</className></classificationItem><classificationItem score="77"><classCode>N923120GC</classCode><className>COMMUNICABLE DISEASE CONTROL</className></classificationItem><classificationItem score="77"><classCode>ST0009FY2</classCode><className>ECOLOGY &amp; ENVIRONMENTAL SCIENCE</className></classificationItem><classificationItem score="77"><classCode>ST0009FY9</classCode><className>EXPERIMENTATION &amp; RESEARCH</className></classificationItem><classificationItem score="77"><classCode>STX001785</classCode><className>VACCINES</className></classificationItem><classificationItem score="76"><classCode>N923120CC</classCode><className>PUBLIC HEALTH ADMINISTRATION</className></classificationItem><classificationItem score="75"><classCode>ST000DDEW</classCode><className>MICROBIOLOGY</className></classificationItem><classificationItem score="73"><classCode>ST000D0UY</classCode><className>US PRESIDENTIAL CANDIDATES 2012</className></classificationItem><classificationItem score="73"><classCode>ST000DF5U</classCode><className>US PRESIDENTIAL CANDIDATES 2016</className></classificationItem><classificationItem score="73"><classCode>ST000DNV7</classCode><className>US PRESIDENTIAL CANDIDATES 2020</className></classificationItem><classificationItem score="71"><classCode>ST0008YZS</classCode><className>PHYSICS</className></classificationItem><classificationItem score="68"><classCode>ST000DPS6</classCode><className>CONSPIRACY THEORY</className></classificationItem></classification><classification classificationScheme="industry"><classificationItem score="89"><classCode>ST00097CI</classCode><className>HEALTH DEPARTMENTS</className></classificationItem><classificationItem score="78"><classCode>ST000CFFM</classCode><className>VIROLOGY</className></classificationItem><classificationItem score="77"><classCode>STX001785</classCode><className>VACCINES</className></classificationItem><classificationItem score="75"><classCode>STX000101</classCode><className>ANTIVIRALS</className></classificationItem></classification><classification classificationScheme="person"><classificationItem score="71"><classCode>PE000DM5R</classCode><className>ALEX AZAR</className></classificationItem><classificationItem score="66"><classCode>PE0009THX</classCode><className>DONALD TRUMP</className></classificationItem></classification><classification classificationScheme="city"><classificationItem score="94"><classCode>GX075</classCode><className>WUHAN, HUBEI, CHINA</className></classificationItem></classification><classification classificationScheme="state"><classificationItem score="79"><classCode>GS148</classCode><className>NEW YORK, USA</className></classificationItem><classificationItem score="74"><classCode>GR201</classCode><className>CENTRAL CHINA</className></classificationItem></classification><classification classificationScheme="country"><classificationItem score="92"><classCode>GC343</classCode><className>UNITED STATES</className></classificationItem><classificationItem score="91"><classCode>GC302</classCode><className>CHINA</className></classificationItem></classification></classificationGroup></metadata></articleDoc></content></entry>