Filename,Publication,Section,Date,Title,Author,LNID
china-daily---us-edition-governor-orders-all-f81b7916-a18c-11eb-bb75-0242ac160002.txt,China Daily - US Edition,,2020-06-19,Governor orders all Californians to wear face coverings in public,,605J-WTC1-JDJN-63RM-00000-00
china-daily---us-edition-african-americans-nearly-f81cf1ce-a18c-11eb-bb75-0242ac160002.txt,China Daily - US Edition,,2020-06-23,African Americans nearly 4 times more likely to be hospitalized with COVID-19: data,,606D-SMX1-F11P-X123-00000-00
china-daily---us-edition-new-york-parents-f81eaf8c-a18c-11eb-bb75-0242ac160002.txt,China Daily - US Edition,,2020-09-21,New York parents anxious as schools make third bid to open,China Daily,60WJ-V6T1-JDJN-60DJ-00000-00
china-daily---us-edition-un-security-council-f81fcb4c-a18c-11eb-bb75-0242ac160002.txt,China Daily - US Edition,,2020-07-02,UN Security Council adopts resolution on COVID-19,,608B-H7J1-F11P-X4RS-00000-00
china-daily---us-edition-us-jobless-claims-f821c096-a18c-11eb-bb75-0242ac160002.txt,China Daily - US Edition,,2020-09-04,US jobless claims decrease,China Daily Global,60S0-MX11-JDJN-63FB-00000-00
china-daily---us-edition-mental-health-spurs-f8231a9a-a18c-11eb-bb75-0242ac160002.txt,China Daily - US Edition,,2020-12-04,Mental health spurs push to reopen schools,chinadaily.com.cn,61FB-VH81-JDJN-649Y-00000-00
china-daily---us-edition-covid-19-reversing-decades-f824cdb8-a18c-11eb-bb75-0242ac160002.txt,China Daily - US Edition,,2020-07-08,"COVID-19 reversing decades of progress on poverty, healthcare, education: UN report",,609K-P071-JDJN-623B-00000-00
china-daily---us-edition-us-debates-covid-19-f8269fe4-a18c-11eb-bb75-0242ac160002.txt,China Daily - US Edition,,2021-01-13,US debates COVID-19 vaccine mandate in workplace,chinadaily.com.cn,61RX-B8K1-F11P-X2R7-00000-00
china-daily---us-edition-many-americans-struggling-f8279be2-a18c-11eb-bb75-0242ac160002.txt,China Daily - US Edition,,2021-03-19,Many Americans struggling with mental health as pandemic enters second year: Pew Research Center,chinadaily.com.cn,627S-F3S1-F11P-X19M-00000-00
