Filename,Publication,Section,Date,Title,Author,LNID
the-times-of-india-(toi)-follow-icmr-norms-f6f5cdf2-a18c-11eb-bb75-0242ac160002.txt,The Times of India (TOI),HYDERABAD,2020-08-08,Follow ICMR norms for persons with disabilities: HC,Sagar Kumar Mutha,60J2-6SC1-DXJR-H369-00000-00
the-times-of-india-(toi)-curchorem-family-prints-f6f6af9c-a18c-11eb-bb75-0242ac160002.txt,The Times of India (TOI),GOA,2020-04-24,"Curchorem family prints face shields at home, donates",Gauree Malkarnekar,5YRF-9631-JB3N-T448-00000-00
the-times-of-india-(toi)-45_-with-comorbidities-f6f7a744-a18c-11eb-bb75-0242ac160002.txt,The Times of India (TOI),INDIA,2021-02-27,45+ with comorbidities will need doc certificate for jab: Govt,Sushmi Dey,623B-9091-JB3N-T50W-00000-00
the-times-of-india-(toi)-bad-air-killed-f6f8c57a-a18c-11eb-bb75-0242ac160002.txt,The Times of India (TOI),POLLUTION,2021-02-19,"Bad air killed 1.2 lakh across 6 Indian cities, cost the $17.7bn: Study",Chethan Kumar,621M-HGM1-DXJR-H0TN-00000-00
the-times-of-india-(toi)-cancel-nios-exams-f6f9803c-a18c-11eb-bb75-0242ac160002.txt,The Times of India (TOI),MUMBAI,2021-01-23,Cancel NIOS exams or hold them online: Parents to rights body,Vinamrata Borwankar,61TW-9G71-DXJR-H4W4-00000-00
the-times-of-india-(toi)-plan-to-allow-f6fa5002-a18c-11eb-bb75-0242ac160002.txt,The Times of India (TOI),TOP STORIES,2020-06-10,Plan to allow compassionate use of unapproved drugs,Sushmi Dey,603F-XT21-DXJR-H1D9-00000-00
the-times-of-india-(toi)-neet-2020-results_-f6fafd04-a18c-11eb-bb75-0242ac160002.txt,The Times of India (TOI),KOCHI,2020-10-18,NEET 2020 results: Girls secure top 2 ranks in Kerala,,6136-4N91-DXJR-H317-00000-00
the-times-of-india-(toi)-disabled-people-yet-f6fb9b2e-a18c-11eb-bb75-0242ac160002.txt,The Times of India (TOI),TRICHY,2020-07-02,Disabled people yet to get promised aid,,6089-G7N1-DXJR-H1KC-00000-00
the-times-of-india-(toi)-there-is-no-f6fcbcac-a18c-11eb-bb75-0242ac160002.txt,The Times of India (TOI),INDIA,2020-08-14,There is no vaccine for climate change: UNEP Head Inger Andersen,Neel Kamal,60KH-1D71-JB3N-T0K0-00000-00
the-times-of-india-(toi)-ec-follows-counting-f6fd784a-a18c-11eb-bb75-0242ac160002.txt,The Times of India (TOI),INDIA,2020-11-12,EC follows counting procedures with due adherence to Covid norms,Bharti Jain,618H-DBP1-DXJR-H1D5-00000-00
the-times-of-india-(toi)-set-up-medical-f6fe23d0-a18c-11eb-bb75-0242ac160002.txt,The Times of India (TOI),CHANDIGARH,2020-09-05,"Set up medical panel for viable prosthetics for boy, HC to Haryana",Ajay Sura,60S1-CRJ1-DXJR-H1D7-00000-00
the-times-of-india-(toi)-up_-seeing-his-f6fec1d2-a18c-11eb-bb75-0242ac160002.txt,The Times of India (TOI),MEERUT,2020-05-19,"UP: Seeing his disabled friend struggle with tricycle, man pushes it for 5 days, 350km",Mohd Dilshad,5YXS-JT91-DXJR-H183-00000-00
the-times-of-india-(toi)-vax-drive-hit-f6ffd04a-a18c-11eb-bb75-0242ac160002.txt,The Times of India (TOI),MUMBAI,2021-03-07,"Vax drive hit by Covid, 23% drop in BCG jabs",,6252-2G81-DXJR-H3MM-00000-00
the-times-of-india-(toi)-coronavirus_-unicef-and-f700d35a-a18c-11eb-bb75-0242ac160002.txt,The Times of India (TOI),GADGETS NEWS,2020-04-22,Coronavirus: Unicef and Microsoft come together to create global learning platform,,5YR1-BRH1-JB3N-T08S-00000-00
the-times-of-india-(toi)-people-with-physical-f7019290-a18c-11eb-bb75-0242ac160002.txt,The Times of India (TOI),NASHIK,2020-10-27,People with physical disabilities demand issuance of certificates,?????? ?????? ???????,6153-W9K1-JB3N-T0SR-00000-00
the-times-of-india-(toi)-odisha_-43-lakh-f7027d7c-a18c-11eb-bb75-0242ac160002.txt,The Times of India (TOI),EDUCATION,2020-07-27,"Odisha: 43 lakh disabled students may drop out, unable to cope with e-education",,60FG-JDR1-DXJR-H4DT-00000-00
the-times-of-india-(toi)-disabled-girl-students-f70334ec-a18c-11eb-bb75-0242ac160002.txt,The Times of India (TOI),COIMBATORE,2020-10-29,Disabled girl students to get pending stipend,?????? ?????? ???????,615H-TS91-JB3N-T3BF-00000-00
the-times-of-india-(toi)-meity-working-on-f7040d2c-a18c-11eb-bb75-0242ac160002.txt,The Times of India (TOI),INDIA BUSINESS,2020-06-23,MeitY working on making Aarogya Setu App accessible to persons with disabilities,Jaideep Shenoy,6067-J601-DXJR-H4C2-00000-00
the-times-of-india-(toi)-centre-asks-states-f704b704-a18c-11eb-bb75-0242ac160002.txt,The Times of India (TOI),INDIA,2020-04-30,Centre asks states to make Covid-19 medical facilities 'accessible' for the disabled,Ambika Pandit,5YSR-47S1-DXJR-H0PH-00000-00
the-times-of-india-(toi)-officials-gear-up-f70595f2-a18c-11eb-bb75-0242ac160002.txt,The Times of India (TOI),HYDERABAD,2021-03-09,Officials gear up for postal ballots,Nabinder Bommala,625G-0SX1-DXJR-H4JH-00000-00
the-times-of-india-(toi)-turnout-worry-as-f7067058-a18c-11eb-bb75-0242ac160002.txt,The Times of India (TOI),BENGALURU,2020-10-23,Turnout worry as RR Nagar voters with Covid-19 lose postal option,B V Shiva Shankar,6148-0MB1-DXJR-H2DN-00000-00
the-times-of-india-(toi)-ec-to-provide-f707bac6-a18c-11eb-bb75-0242ac160002.txt,The Times of India (TOI),CHENNAI,2021-03-06,EC to provide PPE kits for Covid infected in poll booths,,624V-38X1-DXJR-H4TX-00000-00
the-times-of-india-(toi)-95_-decline-in-f7089568-a18c-11eb-bb75-0242ac160002.txt,The Times of India (TOI),VARANASI,2020-12-20,"95% decline in encephalitis deaths, eradication in sight",Arjumand Bano,61JM-96W1-DXJR-H020-00000-00
the-times-of-india-(toi)-in-covid-times_-f709cd52-a18c-11eb-bb75-0242ac160002.txt,The Times of India (TOI),NAGPUR,2020-10-04,"In Covid times, kids with cerebral palsy getting at-home rehabilitation",Chaitanya Deshpande,6106-J3F1-JB3N-T01V-00000-00
the-times-of-india-(toi)-blind-cricket-association-f70a943a-a18c-11eb-bb75-0242ac160002.txt,The Times of India (TOI),CRICKET_NEWS,2020-07-28,Blind Cricket Association extends help to disabled and needy during Covid-19 pandemic,,60FP-HMR1-JB3N-T138-00000-00
the-times-of-india-(toi)-can_t-ignore-disabled-f70b975e-a18c-11eb-bb75-0242ac160002.txt,The Times of India (TOI),MUMBAI,2020-09-12,Can't ignore disabled pupils with e-learning difficulty: Bombay HC,,60TH-61V1-JB3N-T0CK-00000-00
the-times-of-india-(toi)-furniture-worth-rs-f70c7f16-a18c-11eb-bb75-0242ac160002.txt,The Times of India (TOI),AHMEDABAD,2020-10-24,Furniture worth Rs 15L purchased from BPA,,614F-YT21-DXJR-H1KW-00000-00
the-times-of-india-(toi)-14th-edition-of-f70d801e-a18c-11eb-bb75-0242ac160002.txt,The Times of India (TOI),VADODARA,2020-11-29,14th edition of Prerna to be held online,,61D4-XDF1-JB3N-T1V1-00000-00
the-times-of-india-(toi)-ec_-voters-above-f70e43f0-a18c-11eb-bb75-0242ac160002.txt,The Times of India (TOI),GUWAHATI,2021-02-06,"EC: Voters above 80, Covid patients can opt for postal ballots",Prabin Kalita,61XV-X3H1-JB3N-T3JR-00000-00
the-times-of-india-(toi)-covid-19_-odisha-govt-f70f054c-a18c-11eb-bb75-0242ac160002.txt,The Times of India (TOI),BHUBANESWAR,2020-03-22,Covid-19: Odisha govt brings 5 lakh more distressed people under its own food security scheme,Sujit kumar bisoyi,5YGD-88W1-JB3N-T488-00000-00
the-times-of-india-(toi)-covid-19_-parties-fear-f70fe368-a18c-11eb-bb75-0242ac160002.txt,The Times of India (TOI),BENGALURU,2021-03-29,Covid-19: Parties fear Covid curbs will hit voter turnout,B V Shiva Shankar,62CD-G1N1-JB3N-T50X-00000-00
the-times-of-india-(toi)-when-social-distancing-f7117976-a18c-11eb-bb75-0242ac160002.txt,The Times of India (TOI),DELHI,2020-03-14,"When social distancing isn't a bad word, but a vital health ploy",,5YDP-GN11-DXJR-H17N-00000-00
the-times-of-india-(toi)-84.7_-of-disabled-f7126764-a18c-11eb-bb75-0242ac160002.txt,The Times of India (TOI),INDIA,2020-12-02,84.7% of disabled had to borrow money for food during pandemic: Study,Shobita Dhar,61DS-V2N1-DXJR-H20X-00000-00
the-times-of-india-(toi)-nmc-sets-up-f7138f0e-a18c-11eb-bb75-0242ac160002.txt,The Times of India (TOI),NASHIK,2020-04-05,"NMC sets up 24x7 helpdesk for providing essentails to sr citizens, people with disabilites",Tushar Pawar,5YKC-VR91-DXJR-H10B-00000-00
the-times-of-india-(toi)-jangleshwar_s-corona-warriors-f71444d0-a18c-11eb-bb75-0242ac160002.txt,The Times of India (TOI),RAJKOT,2020-04-24,Jangleshwar's corona warriors battle virus and suspicion,,5YRF-9631-JB3N-T4XH-00000-00
the-times-of-india-(toi)-para-athletes-vs-covid-19_-f71536ce-a18c-11eb-bb75-0242ac160002.txt,The Times of India (TOI),OTHERS SPORTS,2020-07-31,Para-athletes vs COVID-19: Ekta Bhyan determined to defeat the virus,Jaspreet Sahni,60GB-F7T1-JB3N-T1DV-00000-00
the-times-of-india-(toi)-u_khand-students-overcome-f715ed1c-a18c-11eb-bb75-0242ac160002.txt,The Times of India (TOI),DEHRADUN,2020-07-15,"U'khand students overcome obstacles, fare well in Boards",Mohammad Anab,60BX-X7R1-DXJR-H24W-00000-00
the-times-of-india-(toi)-isolation-takes-a-f716b63e-a18c-11eb-bb75-0242ac160002.txt,The Times of India (TOI),MANGALURU,2020-10-26,Isolation takes a toll on mental wellbeing of elderly,Deepthi Sanjiv,614W-X381-DXJR-H3G0-00000-00
the-times-of-india-(toi)-850-panchkula-vendors-f71788de-a18c-11eb-bb75-0242ac160002.txt,The Times of India (TOI),CHANDIGARH,2020-12-31,850 Panchkula vendors to get business zone,Arvind Bishnoi,61N0-08M1-JB3N-T541-00000-00
the-times-of-india-(toi)-girls-rescued-in-f7183752-a18c-11eb-bb75-0242ac160002.txt,The Times of India (TOI),TRICHY,2020-11-01,"Girls rescued in Trichy to be sent back to kin in MP, Karnataka",Gokul Rajendran,6165-R841-JB3N-T1S1-00000-00
the-times-of-india-(toi)-disabled-man-_pays-f71903f8-a18c-11eb-bb75-0242ac160002.txt,The Times of India (TOI),TRICHY,2020-08-23,Disabled man 'pays back' cobblers with provisions,Gokul Rajendran,60N7-SD21-JB3N-T1SK-00000-00
the-times-of-india-(toi)-odisha-govt-designs-f71a0492-a18c-11eb-bb75-0242ac160002.txt,The Times of India (TOI),BHUBANESWAR,2020-08-25,Odisha govt designs package to bailout virus-hit rural economy,Sujit kumar bisoyi,60NN-PR11-JB3N-T0G7-00000-00
the-times-of-india-(toi)-transgenders-should-not-f71acfda-a18c-11eb-bb75-0242ac160002.txt,The Times of India (TOI),JAIPUR,2020-04-17,Transgenders should not be deprived of govt benefits: HC,,5YNY-GXD1-JB3N-T0YY-00000-00
the-times-of-india-(toi)-pending-dole-deposited-f71ba6ee-a18c-11eb-bb75-0242ac160002.txt,The Times of India (TOI),GOA,2021-02-25,Pending dole deposited in accounts of welfare beneficiaries: Govt to HC,?????? ?????? ???????,622X-BJT1-DXJR-H12H-00000-00
the-times-of-india-(toi)-govt-to-groom-f71c939c-a18c-11eb-bb75-0242ac160002.txt,The Times of India (TOI),INDIA,2020-06-09,Govt to groom rehab professionals working with persons with disabilities as Covid warriors,Ambika Pandit,6037-YMG1-JB3N-T0XY-00000-00
the-times-of-india-(toi)-patients_-nmc-turning-f71d79ba-a18c-11eb-bb75-0242ac160002.txt,The Times of India (TOI),NAGPUR,2020-09-04,"Patients, NMC turning lax about norms proving deadly",Anjaya Anparthi,60RT-DMM1-JB3N-T0TG-00000-00
the-times-of-india-(toi)-central-agency-protector-f71ecee6-a18c-11eb-bb75-0242ac160002.txt,The Times of India (TOI),CHENNAI,2020-05-15,Central agency Protector of Emigrants missing in action,Ram Sundaram,5YWX-P4K1-DXJR-H13X-00000-00
the-times-of-india-(toi)-read-my-lips_-f71f81c4-a18c-11eb-bb75-0242ac160002.txt,The Times of India (TOI),INDIA,2020-05-12,Read my lips: Loud call for transparent masks,Shivani Azad,5YW8-SJ51-DXJR-H3RX-00000-00
the-times-of-india-(toi)-stroke_-paralysis-cases-f7204c26-a18c-11eb-bb75-0242ac160002.txt,The Times of India (TOI),HYDERABAD,2020-05-18,"Stroke, paralysis cases go up as patients put off hosp visit",,5YXJ-KK61-JB3N-T0DY-00000-00
the-times-of-india-(toi)-13-green-polling-f721558a-a18c-11eb-bb75-0242ac160002.txt,The Times of India (TOI),PATNA,2020-11-03,"13 green polling stations, 131 pink booths in Patna",Faryal Rumi,616K-NP81-DXJR-H157-00000-00
the-times-of-india-(toi)-blended-learning_-the-f7230808-a18c-11eb-bb75-0242ac160002.txt,The Times of India (TOI),HYDERABAD,2021-04-08,Blended learning: The new normal for higher education,,62CW-4C71-DXJR-H551-00000-00
the-times-of-india-(toi)-haryana-cm-launches-f72486d8-a18c-11eb-bb75-0242ac160002.txt,The Times of India (TOI),CHANDIGARH,2020-09-08,Haryana CM launches online platform for admission to undergraduate courses,Manvir Saini,60SN-99W1-JB3N-T0GB-00000-00
the-times-of-india-(toi)-citizens-anxious-over-f725f798-a18c-11eb-bb75-0242ac160002.txt,The Times of India (TOI),GOA,2020-04-09,Citizens anxious over exposure to 'virus carriers',Nida Sayed,5YM7-RC41-JB3N-T130-00000-00
the-times-of-india-(toi)-private-labs-cite-f72780cc-a18c-11eb-bb75-0242ac160002.txt,The Times of India (TOI),GURGAON,2020-11-01,"Private labs cite logistics, want to carry out RT-PCR test at old rate",Ipsita Pati,6165-R841-JB3N-T139-00000-00
the-times-of-india-(toi)-haryana_-wfh-for-f728deae-a18c-11eb-bb75-0242ac160002.txt,The Times of India (TOI),CHANDIGARH,2020-07-18,Haryana: WFH for govt employees with disabilities,,60CJ-TXP1-DXJR-H3JC-00000-00
the-times-of-india-(toi)-submit-data-on-f729b950-a18c-11eb-bb75-0242ac160002.txt,The Times of India (TOI),DELHI,2020-07-24,Submit data on mock tests for third-yr DU students: HC,,60DV-N0Y1-DXJR-H0MY-00000-00
the-times-of-india-(toi)-39_-indians-take-f72a9618-a18c-11eb-bb75-0242ac160002.txt,The Times of India (TOI),INDIA BUSINESS,2021-03-10,39% Indians take to caregiving roles for 1st time during Covid,Sindhu Hariharan,625N-YYM1-JB3N-T350-00000-00
the-times-of-india-(toi)-_election-commission-is-f72b61b0-a18c-11eb-bb75-0242ac160002.txt,The Times of India (TOI),INDIA,2021-03-09,'Election Commission is for greater inclusion so that no voter is left out',Bharti Jain,625G-0SX1-DXJR-H4JX-00000-00
the-times-of-india-(toi)-assam_-audio-jingles-f72c2a78-a18c-11eb-bb75-0242ac160002.txt,The Times of India (TOI),GUWAHATI,2020-05-02,Assam: Audio jingles in mother tongue to spread caution,Kangkan Kalita,5YT5-2NB1-JB3N-T3S6-00000-00
the-times-of-india-(toi)-social-welfare-dept-f72decd2-a18c-11eb-bb75-0242ac160002.txt,The Times of India (TOI),CHENNAI,2020-03-22,Social welfare dept to send aid to the elderly,Aditi R,5YGD-88W1-JB3N-T4CT-00000-00
the-times-of-india-(toi)-odisha_-students-allowed-f72f0f72-a18c-11eb-bb75-0242ac160002.txt,The Times of India (TOI),EDUCATION,2020-09-29,Odisha: Students allowed for admission with downloaded marksheets,Hemanta Pradhan,60YG-C0P1-DXJR-H42V-00000-00
the-times-of-india-(toi)-divyang-rights-body-f72fd1d2-a18c-11eb-bb75-0242ac160002.txt,The Times of India (TOI),JAIPUR,2020-05-09,Divyang rights body wants hike in NREGA work days,,5YVM-W021-DXJR-H115-00000-00
the-times-of-india-(toi)-13-green-polling-f730a9d6-a18c-11eb-bb75-0242ac160002.txt,The Times of India (TOI),PATNA,2020-11-03,"13 green polling stations, 131 pink booths in Patna",Faryal Rumi,616K-NP81-DXJR-H14W-00000-00
the-times-of-india-(toi)-commissionerate-plea-to-f7317ae6-a18c-11eb-bb75-0242ac160002.txt,The Times of India (TOI),PUNE,2020-05-14,Commissionerate plea to prevent animal starvation,Neha Madaan,5YWP-PVW1-DXJR-H4T8-00000-00
the-times-of-india-(toi)-lock-down-locked-f7328292-a18c-11eb-bb75-0242ac160002.txt,The Times of India (TOI),DE-STRESS,2020-10-07,Lock down Locked within: A close look at the shadow pandemic and women's mental health,,610V-FM21-DXJR-H17T-00000-00
the-times-of-india-(toi)-at-least-45-f7338d5e-a18c-11eb-bb75-0242ac160002.txt,The Times of India (TOI),INDIA,2020-04-11,"At least 45 vaccines, including 3 in India under evaluation",Chethan Kumar,5YMN-NPB1-DXJR-H0KV-00000-00
the-times-of-india-(toi)-association-gives-post-covid-19-f7345874-a18c-11eb-bb75-0242ac160002.txt,The Times of India (TOI),EDUCATION,2020-05-19,Association gives post-covid-19 guidelines for school,Vinamrata Borwankar,5YXS-JT91-DXJR-H0MY-00000-00
the-times-of-india-(toi)-made-with-love_-f7352fa6-a18c-11eb-bb75-0242ac160002.txt,The Times of India (TOI),LUCKNOW,2020-07-31,"Made with love, these rakhis empower spl children",,60GB-F7T1-JB3N-T17R-00000-00
the-times-of-india-(toi)-admission-for-medical-f736046c-a18c-11eb-bb75-0242ac160002.txt,The Times of India (TOI),HYDERABAD,2020-11-03,Admission for medical and dental seats begin,,616K-NP81-DXJR-H0S8-00000-00
the-times-of-india-(toi)-karnataka_-why-invalid-f736d28e-a18c-11eb-bb75-0242ac160002.txt,The Times of India (TOI),BENGALURU,2020-11-03,"Karnataka: Why invalid postal votes are a concern for parties, candidates",B V Shiva Shankar,616K-NP81-DXJR-H0BC-00000-00
the-times-of-india-(toi)-in-times-of-f737a1be-a18c-11eb-bb75-0242ac160002.txt,The Times of India (TOI),KOLKATA,2021-04-12,"In times of poll disorder, Kasba pink stations turn oases of peace",Zeeshan Javed,62DR-1091-JB3N-T3SP-00000-00
the-times-of-india-(toi)-android-users_-this-f738940c-a18c-11eb-bb75-0242ac160002.txt,The Times of India (TOI),GADGETS NEWS,2020-03-17,"Android users, this Coronavirus tracking app is a scam",,5YFB-D6M1-DXJR-H4N3-00000-00
the-times-of-india-(toi)-depd-issues-letter-f739be7c-a18c-11eb-bb75-0242ac160002.txt,The Times of India (TOI),DEHRADUN,2020-05-06,DEPD issues letter to AIIMS Rishikesh on order relating to divyang employees,Ishita Mishra,5YV0-YBC1-JB3N-T50V-00000-00
the-times-of-india-(toi)-kin-fret-as-f73a8ee2-a18c-11eb-bb75-0242ac160002.txt,The Times of India (TOI),KOLKATA,2020-03-25,Kin fret as ailing parents' caregivers get stuck due to lockdown in West Bengal,Ajanta Chakraborty,5YH2-5PT1-JB3N-T4W4-00000-00
the-times-of-india-(toi)-hardikar-appointed-pune-f73b4a62-a18c-11eb-bb75-0242ac160002.txt,The Times of India (TOI),PUNE,2021-02-14,"Hardikar appointed Pune IGR, Rajesh Patil new PCMC chief",Piyush Bhusari,620J-NGV1-DXJR-H050-00000-00
the-times-of-india-(toi)-karnataka_-retired-teachers_-f73c5588-a18c-11eb-bb75-0242ac160002.txt,The Times of India (TOI),BENGALURU,2020-07-17,"Karnataka: Retired teachers, pregnant women asked to join Covid duty",,60CB-VN01-DXJR-H475-00000-00
the-times-of-india-(toi)-13.75l-voters-in-f73d1a54-a18c-11eb-bb75-0242ac160002.txt,The Times of India (TOI),CHENNAI,2020-11-18,"13.75L voters in TN above 80 years, largest electorate in Sholinganallur",,619T-7FG1-JB3N-T4N4-00000-00
the-times-of-india-(toi)-second-phase-of-f73e62c4-a18c-11eb-bb75-0242ac160002.txt,The Times of India (TOI),INDIA,2021-03-01,Second phase of Covid vaccination drive: Who can get inoculated and how,,623S-7911-DXJR-H54M-00000-00
the-times-of-india-(toi)-many-districts-start-f73f0a1c-a18c-11eb-bb75-0242ac160002.txt,The Times of India (TOI),PATNA,2020-07-20,Many districts start rapid antigen tests for Covid-19,Sheezan Nezami,60D0-S301-JB3N-T0WP-00000-00
the-times-of-india-(toi)-govt-seeks-feedback-f73fd05a-a18c-11eb-bb75-0242ac160002.txt,The Times of India (TOI),INDIA,2020-07-04,Govt seeks feedback on proposal to 'decriminalise minor offences' in RPwD Act,Ambika Pandit,608K-7731-DXJR-H4BN-00000-00
the-times-of-india-(toi)-edu-min-launches-f7409ff8-a18c-11eb-bb75-0242ac160002.txt,The Times of India (TOI),NAGPUR,2020-10-06,Edu min launches SOP for school reopening across country,Abhishek Choudhari,610M-GGB1-DXJR-H2T1-00000-00
the-times-of-india-(toi)-indore_-last-day-f741563c-a18c-11eb-bb75-0242ac160002.txt,The Times of India (TOI),INDORE,2020-10-30,Indore: Last day for vote from home today,,615R-SVJ1-DXJR-H1H0-00000-00
the-times-of-india-(toi)-survey-to-identify-f742198c-a18c-11eb-bb75-0242ac160002.txt,The Times of India (TOI),MADURAI,2020-12-01,Survey to identify school dropouts,,61DJ-VRJ1-DXJR-H2X2-00000-00
the-times-of-india-(toi)-coronavirus-roundup_-developments-f7432264-a18c-11eb-bb75-0242ac160002.txt,The Times of India (TOI),INDIA,2020-06-16,Coronavirus roundup: Developments in India and rest of world,,604R-TDN1-DXJR-H0R6-00000-00
the-times-of-india-(toi)-protect-kids-of-f7445bca-a18c-11eb-bb75-0242ac160002.txt,The Times of India (TOI),VISAKHAPATNAM,2020-04-28,"Protect kids of migrant labourers & tribals, rights activists urge govt",,5YS9-5YB1-JB3N-T19K-00000-00
the-times-of-india-(toi)-kids-with-speech_-f74504da-a18c-11eb-bb75-0242ac160002.txt,The Times of India (TOI),VIJAYAWADA,2020-07-12,"Kids with speech, hearing disabilities miss out on therapy sessions amid Covid curbs",Samdani MN,60B9-0KC1-JB3N-T4WS-00000-00
the-times-of-india-(toi)-up_-priyanka-vadra-f745af7a-a18c-11eb-bb75-0242ac160002.txt,The Times of India (TOI),ALLAHABAD,2020-04-13,UP: Priyanka Vadra all praises for woman helping out poor during lockdown,Kapil Dixit,5YN3-M4X1-DXJR-H49V-00000-00
the-times-of-india-(toi)-15_-salary-hike-f746c84c-a18c-11eb-bb75-0242ac160002.txt,The Times of India (TOI),PATNA,2020-08-19,"15% salary hike for contract teachers, librarians",,60MC-WNW1-JB3N-T19J-00000-00
the-times-of-india-(toi)-rural-karnataka-braves-f747a06e-a18c-11eb-bb75-0242ac160002.txt,The Times of India (TOI),BENGALURU,2020-12-24,Rural Karnataka braves cold and Covid-19 to vote in gram panchayat polls,,61KG-6081-DXJR-H4TJ-00000-00
the-times-of-india-(toi)-covid-vax-price-f7487e4e-a18c-11eb-bb75-0242ac160002.txt,The Times of India (TOI),INDIA,2021-02-28,Covid vax price to be capped at R250/dose at private hospitals,Nisha Nambiar and Sushmi Dey,623J-83X1-JB3N-T2GF-00000-00
the-times-of-india-(toi)-madras-hc-upholds-f7494356-a18c-11eb-bb75-0242ac160002.txt,The Times of India (TOI),INDIA,2021-03-19,Madras HC upholds EC order on voting through postal ballot facility,Bharti Jain,627K-PJ01-DXJR-H11T-00000-00
the-times-of-india-(toi)-day-7-of-f74a4cce-a18c-11eb-bb75-0242ac160002.txt,The Times of India (TOI),INDIA,2020-06-08,Day 7 of coronavirus unlock 1.0: Ground report from Indian cities,,6032-0CK1-JB3N-T0GT-00000-00
the-times-of-india-(toi)-ceo-calls-for-f74b0556-a18c-11eb-bb75-0242ac160002.txt,The Times of India (TOI),KOCHI,2021-03-01,CEO calls for strict action from polling officials,,623S-7921-DXJR-H01J-00000-00
the-times-of-india-(toi)-zero-salary-for-f74bc928-a18c-11eb-bb75-0242ac160002.txt,The Times of India (TOI),MUMBAI,2020-08-30,"Zero salary for visually impaired staff in lockdown, BMC told to reply to PIL",Rosy Sequeira,60PR-JPP1-JB3N-T1HG-00000-00
the-times-of-india-(toi)-up-first-to-f74c8476-a18c-11eb-bb75-0242ac160002.txt,The Times of India (TOI),INDIA,2020-03-22,UP first to roll out aid scheme for Covid-hit daily wagers,Neha Lalchandani,5YGD-88W1-JB3N-T4MW-00000-00
the-times-of-india-(toi)-pil-before-bombay-f74d39e8-a18c-11eb-bb75-0242ac160002.txt,The Times of India (TOI),MUMBAI,2021-04-03,"PIL before Bombay HC seeks helpline, door-to-door Covid vaccine for elderly",Swati Deshpande,62BT-8BD1-JB3N-T09J-00000-00
the-times-of-india-(toi)-rules-tweaked-to-f74e4388-a18c-11eb-bb75-0242ac160002.txt,The Times of India (TOI),PATNA,2020-06-25,Rules tweaked to allow Covid-hit people to vote,Ramashankar,606N-GTR1-DXJR-H2KK-00000-00
the-times-of-india-(toi)-state-introduces-work-from-home-f74f0bec-a18c-11eb-bb75-0242ac160002.txt,The Times of India (TOI),RANCHI,2021-04-18,State introduces work-from-home plan for 50% staff,Dhritiman Ray,62G0-V3W1-DXJR-H0CB-00000-00
the-times-of-india-(toi)-kidnap-accused-flees-f74fe56c-a18c-11eb-bb75-0242ac160002.txt,The Times of India (TOI),VADODARA,2020-08-04,Kidnap accused flees quarantine centre,,60H6-9X81-JB3N-T4D3-00000-00
the-times-of-india-(toi)-u-turn-on-intake-f7509d7c-a18c-11eb-bb75-0242ac160002.txt,The Times of India (TOI),AHMEDABAD,2020-06-11,U-turn on intake in special schools after protests,Parth Shastri,603N-X021-JB3N-T0TB-00000-00
the-times-of-india-(toi)-1_800-armed-forces-f7515b9a-a18c-11eb-bb75-0242ac160002.txt,The Times of India (TOI),CHANDIGARH,2020-10-30,"1,800 armed forces personnel to cast vote electronically",Ajay Sura,615R-SVJ1-DXJR-H11X-00000-00
the-times-of-india-(toi)-student-friendly-measures-for-f751f3a2-a18c-11eb-bb75-0242ac160002.txt,The Times of India (TOI),NAGPUR,2021-03-22,"Student-friendly measures for SSC, HSC: Home centres & extra time",Abhishek Choudhari,6287-M551-JB3N-T0N3-00000-00
the-times-of-india-(toi)-436-use-postal-f752abd0-a18c-11eb-bb75-0242ac160002.txt,The Times of India (TOI),PATNA,2020-10-23,436 use postal ballot to exercise franchise,Faryal Rumi,6148-0MB1-DXJR-H393-00000-00
the-times-of-india-(toi)-divyang-mahasangh-seeks-f7535918-a18c-11eb-bb75-0242ac160002.txt,The Times of India (TOI),JAIPUR,2020-04-20,Divyang Mahasangh seeks aid from Centre for those with 40% disability,,5YPK-DDN1-JB3N-T0KB-00000-00
the-times-of-india-(toi)-cm-speaks-to-f75427da-a18c-11eb-bb75-0242ac160002.txt,The Times of India (TOI),LUCKNOW,2020-10-25,"CM speaks to teachers, calls them harbingers of change",Isha Jain,614N-Y271-DXJR-H0GW-00000-00
the-times-of-india-(toi)-priyanka-all-praises-f754cc80-a18c-11eb-bb75-0242ac160002.txt,The Times of India (TOI),ALLAHABAD,2020-04-14,Priyanka all praises for woman helping poor during lockdown,,5YN9-KJH1-JB3N-T28M-00000-00
the-times-of-india-(toi)-a_bad-district-records-f75583d2-a18c-11eb-bb75-0242ac160002.txt,The Times of India (TOI),AHMEDABAD,2020-05-24,"A'bad district records 2.5k cases, 166 deaths in 7 days",,5YYV-G731-DXJR-H3PD-00000-00
the-times-of-india-(toi)-mundhe_s-war-room-f75632d2-a18c-11eb-bb75-0242ac160002.txt,The Times of India (TOI),NAGPUR,2020-04-28,Mundhe's War Room is the nerve centre driving city's corona response,Anjaya Anparthi,5YS9-5YB1-JB3N-T120-00000-00
the-times-of-india-(toi)-bjp-mp-seeks-f756e0ce-a18c-11eb-bb75-0242ac160002.txt,The Times of India (TOI),JAIPUR,2020-04-25,BJP MP seeks central aid for disabled persons,,5YRN-8CD1-DXJR-H1T4-00000-00
the-times-of-india-(toi)-kafeel-khan-writes-f757bfee-a18c-11eb-bb75-0242ac160002.txt,The Times of India (TOI),INDIA,2020-09-21,Kafeel Khan writes to UNHRC about widespread violations and misuse of NSA/UAPA in India,Anuja Jaiswal,60WD-XS31-DXJR-H05R-00000-00
the-times-of-india-(toi)-centre-to-states_-f758bf34-a18c-11eb-bb75-0242ac160002.txt,The Times of India (TOI),INDIA,2020-03-27,Centre to states: Ensure access to caregivers and provide medical aid at doorstep of disabled persons,Ambika Pandit,5YHG-4031-DXJR-H4MN-00000-00
the-times-of-india-(toi)-phase-2-covid-f759ccd0-a18c-11eb-bb75-0242ac160002.txt,The Times of India (TOI),INDIA,2021-02-28,Phase 2 Covid vaccination drive: List of 20 co-morbidities for people above 45 years old,,623J-83X1-JB3N-T2GW-00000-00
the-times-of-india-(toi)-bhubaneswar-mp-releases-f75a7a7c-a18c-11eb-bb75-0242ac160002.txt,The Times of India (TOI),BHUBANESWAR,2020-07-03,Bhubaneswar MP releases her annual report card,Hemanta Pradhan,608C-8271-DXJR-H4N3-00000-00
the-times-of-india-(toi)-mental-health-experts-f75b56d6-a18c-11eb-bb75-0242ac160002.txt,The Times of India (TOI),INDIA,2020-09-11,Mental health experts highlight role of 'Gatekeepers' in suicide prevention,Ambika Pandit,60T9-6YT1-DXJR-H03Y-00000-00
the-times-of-india-(toi)-adri_-bihar_s-economy-f75c1832-a18c-11eb-bb75-0242ac160002.txt,The Times of India (TOI),PATNA,2020-09-13,ADRI: Bihar's economy likely to shrink by 15-18% in 2020-21,Arunima Lal,60TR-56Y1-DXJR-H3SW-00000-00
the-times-of-india-(toi)-lockdown-a-double-f75cb5bc-a18c-11eb-bb75-0242ac160002.txt,The Times of India (TOI),MADURAI,2020-04-02,Lockdown a double challenge for disabled,Sukshma Ramakrishnan,5YJS-4071-DXJR-H1XN-00000-00
the-times-of-india-(toi)-niepvd-develops-unique-f75d6188-a18c-11eb-bb75-0242ac160002.txt,The Times of India (TOI),DEHRADUN,2020-05-04,NIEPVD develops unique Covid awareness video,Mohammad Anab,5YTK-1081-JB3N-T1B8-00000-00
the-times-of-india-(toi)-crushed-by-lockdown_-f75e01e2-a18c-11eb-bb75-0242ac160002.txt,The Times of India (TOI),TOP STORIES,2020-04-19,"Crushed by lockdown, the daily wager's story",,5YPC-F5N1-DXJR-H1R3-00000-00
the-times-of-india-(toi)-_sheroesofchennai_-when-you-f75eb038-a18c-11eb-bb75-0242ac160002.txt,The Times of India (TOI),PEOPLE,2021-03-08,"#SheroesOfChennai: When you hit rock bottom, the only way to go is up: Preethi Srinivasan",Sruthi Raman,6258-1H11-DXJR-H25P-00000-00
the-times-of-india-(toi)-cu_s-booklet-on-f75f9854-a18c-11eb-bb75-0242ac160002.txt,The Times of India (TOI),KOZHIKODE,2020-09-17,CU's booklet on parenting goes global,,60VK-25V1-DXJR-H1CM-00000-00
the-times-of-india-(toi)-para-athlete-devika-f76070a8-a18c-11eb-bb75-0242ac160002.txt,The Times of India (TOI),OFF THE FIELD,2020-04-06,Para athlete Devika Malik makes it to Forbes 30 Under-30 Asia list,Tridib Baparnash,5YKK-TV31-DXJR-H308-00000-00
the-times-of-india-(toi)-sunday-curfew-in-f7612d22-a18c-11eb-bb75-0242ac160002.txt,The Times of India (TOI),LUCKNOW,2021-04-18,Sunday curfew in UP; Rs 1k fine for not wearing mask,,62G0-V3W1-DXJR-H04N-00000-00
the-times-of-india-(toi)-rwas-want-local-f761dff6-a18c-11eb-bb75-0242ac160002.txt,The Times of India (TOI),DELHI,2020-06-21,RWAs want local centres for non-critical patients,Vibha Sharma,605T-KSV1-DXJR-H4MW-00000-00
the-times-of-india-(toi)-shadow-of-covid-associated-f762e072-a18c-11eb-bb75-0242ac160002.txt,The Times of India (TOI),VIJAYAWADA,2020-10-30,Shadow of Covid-associated stroke lingers over recovered patients,Sulogna Mehta and Samdani MN,615R-SVJ1-DXJR-H22S-00000-00
the-times-of-india-(toi)-central-team-takes-f763cff0-a18c-11eb-bb75-0242ac160002.txt,The Times of India (TOI),CHENNAI,2020-04-28,Central team takes stock of Covid-19 readiness,,5YS9-5YB1-JB3N-T087-00000-00
the-times-of-india-(toi)-my-covid-story_-f7649fca-a18c-11eb-bb75-0242ac160002.txt,The Times of India (TOI),HEALTH,2020-12-07,"My COVID story: ""Fatigue and weakness were my mother's first COVID symptoms""",,61FV-NW11-JB3N-T0C2-00000-00
the-times-of-india-(toi)-taking-disability-in-f7653f52-a18c-11eb-bb75-0242ac160002.txt,The Times of India (TOI),PUNE,2020-04-19,Taking disability in stride to deposit samples daily,Swati Shinde Gole,5YPC-F5N1-DXJR-H1JS-00000-00
the-times-of-india-(toi)-varsities-turn-blind-f765ffbe-a18c-11eb-bb75-0242ac160002.txt,The Times of India (TOI),AHMEDABAD,2020-06-15,Varsities turn blind eye to disabled candidates,,604H-SR01-JB3N-T0BF-00000-00
the-times-of-india-(toi)-ncpcr-identifies-4_725-f766cc5a-a18c-11eb-bb75-0242ac160002.txt,The Times of India (TOI),RANCHI,2021-02-06,"NCPCR identifies 4,725 vulnerable children in Khunti",Sanjay Sahay,61XV-X3H1-JB3N-T452-00000-00
the-times-of-india-(toi)-over-200-students-f767527e-a18c-11eb-bb75-0242ac160002.txt,The Times of India (TOI),NASHIK,2020-10-07,Over 200 students clear JEE Advanced,Ranjan Dasgupta,610V-FM21-DXJR-H1YC-00000-00
the-times-of-india-(toi)-why-invalid-postal-f7680a16-a18c-11eb-bb75-0242ac160002.txt,The Times of India (TOI),BENGALURU,2020-11-03,Why invalid postal votes are a concern for parties,B V Shiva Shankar,616K-NP81-DXJR-H0BX-00000-00
the-times-of-india-(toi)-lockdown-poses-challenges-f768c8d4-a18c-11eb-bb75-0242ac160002.txt,The Times of India (TOI),INDIA,2020-04-05,Lockdown poses challenges for persons with disabilities despite 'curfew passes' protocol,Ambika Pandit,5YKC-VR91-DXJR-H0M5-00000-00
the-times-of-india-(toi)-golf-tees-off-f7699d2c-a18c-11eb-bb75-0242ac160002.txt,The Times of India (TOI),GOLF TOP STORIES,2021-01-11,Golf tees off again in Mumbai with annual charity tournament,Gaurav Gupta,61R9-NGH1-DXJR-H4TG-00000-00
the-times-of-india-(toi)-15-years-on_-f76a7d78-a18c-11eb-bb75-0242ac160002.txt,The Times of India (TOI),CHENNAI,2020-09-08,"15 years on, accident victim to get Rs 21.5 lakh compensation",,60SN-99W1-JB3N-T0HP-00000-00
the-times-of-india-(toi)-covid-&-poll-f76b368c-a18c-11eb-bb75-0242ac160002.txt,The Times of India (TOI),CHENNAI,2021-03-21,Covid & poll duty leave corporation staff overburdened,,6281-MYM1-JB3N-T3TF-00000-00
the-times-of-india-(toi)-disability-fails-to-f76bc4da-a18c-11eb-bb75-0242ac160002.txt,The Times of India (TOI),JODHPUR,2020-05-05,Disability fails to deter him from working at Jodhpur Covid-19 hotspot,Ajay Parmar,5YV4-MBM1-JB3N-T2PC-00000-00
the-times-of-india-(toi)-hc-notice-to-f76cbb42-a18c-11eb-bb75-0242ac160002.txt,The Times of India (TOI),HYDERABAD,2020-07-31,"HC notice to T, Centre on pvt hosps' charges",,60GB-F7T1-JB3N-T0YH-00000-00
the-times-of-india-(toi)-we-need-to-f76df9f8-a18c-11eb-bb75-0242ac160002.txt,The Times of India (TOI),THIRUVANANTHAPURAM,2020-05-17,We need to welcome NRKs but check virus spread: Min,,5YXB-MF31-DXJR-H0V2-00000-00
the-times-of-india-(toi)-samarthanam-trust-provides-f76ec504-a18c-11eb-bb75-0242ac160002.txt,The Times of India (TOI),CRICKET_NEWS,2020-09-24,Samarthanam Trust provides cash relief to nearly 600 blind cricketers of the country,Solomon S Kumar,60X2-VCJ1-JB3N-T39T-00000-00
the-times-of-india-(toi)-in-covid-times_-f76f920e-a18c-11eb-bb75-0242ac160002.txt,The Times of India (TOI),LUDHIANA,2020-05-05,"In Covid times, don't overlook stroke symptoms",,5YV4-MBM1-JB3N-T2TX-00000-00
the-times-of-india-(toi)-chandigarh_-dialysis-patients-f7703542-a18c-11eb-bb75-0242ac160002.txt,The Times of India (TOI),CHANDIGARH,2020-09-15,Chandigarh: Dialysis patients battling Covid are struggling for treatment,Shimona Kanwar,60V5-3NG1-DXJR-H0FH-00000-00
the-times-of-india-(toi)-rr-nagar_-sira-f770e71c-a18c-11eb-bb75-0242ac160002.txt,The Times of India (TOI),BENGALURU,2020-11-04,"RR Nagar, Sira bypolls today",,616T-MX41-DXJR-H45C-00000-00
the-times-of-india-(toi)-downgrading-degree-earned-f771a54e-a18c-11eb-bb75-0242ac160002.txt,The Times of India (TOI),AURANGABAD,2020-09-21,Downgrading degree earned during pandemic will draw action,,60WD-XS21-DXJR-H4YW-00000-00
the-times-of-india-(toi)-in-the-midst-f7729a08-a18c-11eb-bb75-0242ac160002.txt,The Times of India (TOI),PUNE,2020-04-18,"In the midst of anxiety, a charitable community spirit wakes up across cities",,5YP5-G131-DXJR-H20M-00000-00
the-times-of-india-(toi)-will-not-rest-f7736a96-a18c-11eb-bb75-0242ac160002.txt,The Times of India (TOI),CHANDIGARH,2020-08-18,Will not rest till Punjab's economy back on track: Capt Amarinder,Barinderjit Saluja,60M5-XGV1-JB3N-T0HK-00000-00
the-times-of-india-(toi)-_health-department-workers-f7744902-a18c-11eb-bb75-0242ac160002.txt,The Times of India (TOI),JAMSHEDPUR,2021-01-11,'Health department workers equipped to tackle all vaccination problems',Jaideep Deogharia,61R9-NGH1-DXJR-H51D-00000-00
the-times-of-india-(toi)-on-world-disability-f7755234-a18c-11eb-bb75-0242ac160002.txt,The Times of India (TOI),MUMBAI,2020-12-04,"On World Disability Day, actors talk about #BuildBackBetter",,61F6-SJW1-JB3N-T13N-00000-00
the-times-of-india-(toi)-over-5l-aspirants-f77636a4-a18c-11eb-bb75-0242ac160002.txt,The Times of India (TOI),VIJAYAWADA,2020-09-22,Over 5L aspirants appear for secretary exams on Day One,Venu Lanka,60WM-WY21-DXJR-H3F7-00000-00
the-times-of-india-(toi)-female-turnout-more-f7770a66-a18c-11eb-bb75-0242ac160002.txt,The Times of India (TOI),PATNA,2020-11-10,Female turnout more than men for third Bihar poll in a row,Bharti Jain,6183-FXM1-DXJR-H15D-00000-00
the-times-of-india-(toi)-man-who-pushed-f77828e2-a18c-11eb-bb75-0242ac160002.txt,The Times of India (TOI),MEERUT,2020-05-21,Man who pushed UP disabled's tricycle 350km gets return vehicle,Mohd Dilshad,5YY6-H621-JB3N-T4WT-00000-00
the-times-of-india-(toi)-how-the-blind-f779d412-a18c-11eb-bb75-0242ac160002.txt,The Times of India (TOI),TOP STORIES,2020-08-08,How the blind are navigating Covid pandemic,Saranya Chakrapani,60J2-6SC1-DXJR-H3VV-00000-00
the-times-of-india-(toi)-_imported-cases_-from-f77ac84a-a18c-11eb-bb75-0242ac160002.txt,The Times of India (TOI),INDIA BUSINESS,2020-09-10,'Imported cases' from India: Singapore mandates pre-departure Covid test for some travellers,Saurabh Sinha,60T3-7PX1-DXJR-H0XK-00000-00
the-times-of-india-(toi)-railways-withdraw-several-f77bbb74-a18c-11eb-bb75-0242ac160002.txt,The Times of India (TOI),NAGPUR,2020-03-21,Railways withdraw several sops to discourage travel,Vijay Pinjarkar,5YG6-9821-DXJR-H261-00000-00
the-times-of-india-(toi)-divyang-mahasangh-registers-f77cc5dc-a18c-11eb-bb75-0242ac160002.txt,The Times of India (TOI),JAIPUR,2020-05-03,Divyang Mahasangh registers complaint with Centre over ex gratia,,5YTC-1R81-DXJR-H0JX-00000-00
the-times-of-india-(toi)-post-covid-rehabilitation-f77d7572-a18c-11eb-bb75-0242ac160002.txt,The Times of India (TOI),NAGPUR,2020-12-08,Post Covid rehabilitation should start from Day 1 of recovery,Chaitanya Deshpande,61G2-N231-DXJR-H2C1-00000-00
the-times-of-india-(toi)-delhi_-jnu-yet-f77e6a72-a18c-11eb-bb75-0242ac160002.txt,The Times of India (TOI),DELHI,2020-12-21,Delhi: JNU yet to allow in students of social sciences,,61JV-8CM1-DXJR-H085-00000-00
the-times-of-india-(toi)-polling-staff-gear-f77f41fe-a18c-11eb-bb75-0242ac160002.txt,The Times of India (TOI),HYDERABAD,2021-03-02,Polling staff gear up for Hyd graduate seat poll,Nabinder Bommala,6240-6HS1-JB3N-T51X-00000-00
the-times-of-india-(toi)-nhrc_-expand-ration-f780b494-a18c-11eb-bb75-0242ac160002.txt,The Times of India (TOI),INDIA,2020-10-07,NHRC: Expand ration system and declare anganwadis as essential service during pandemic,Ambika Pandit,610V-FM21-DXJR-H1MV-00000-00
the-times-of-india-(toi)-covid-19-control-room-f781750a-a18c-11eb-bb75-0242ac160002.txt,The Times of India (TOI),MADURAI,2020-04-09,"Covid-19 control room attends over 1,000 calls",,5YM7-RC41-JB3N-T1K3-00000-00
the-times-of-india-(toi)-promote-equity-in-f7829eda-a18c-11eb-bb75-0242ac160002.txt,The Times of India (TOI),KOCHI,2020-06-04,Promote equity in digital-age learning,,6026-3NP1-JB3N-T132-00000-00
the-times-of-india-(toi)-hc_-what-steps-f783deee-a18c-11eb-bb75-0242ac160002.txt,The Times of India (TOI),DELHI,2020-08-28,HC: What steps to help disabled take DU exams?,,60P9-MJ01-DXJR-H09P-00000-00
the-times-of-india-(toi)-ec-to-not-f78521fa-a18c-11eb-bb75-0242ac160002.txt,The Times of India (TOI),INDIA,2020-07-17,"EC to not extend facility of postal ballot to voters above 65 in Bihar polls, bypolls",Bharti Jain,60CB-VN01-DXJR-H4T6-00000-00
the-times-of-india-(toi)-under-50-with-co-morbidities_-f78651ba-a18c-11eb-bb75-0242ac160002.txt,The Times of India (TOI),INDIA,2021-01-06,Under-50 with co-morbidities? Get doctor's certificate for priority vaccine,Sushmi Dey,61P7-TF11-JB3N-T03M-00000-00
the-times-of-india-(toi)-madras-hc-refuses-f787c19e-a18c-11eb-bb75-0242ac160002.txt,The Times of India (TOI),CHENNAI,2020-09-21,Madras HC refuses to restrain state from conducting SSLC exam for private disabled students,Suresh Kumar,60WD-XS21-DXJR-H52X-00000-00
the-times-of-india-(toi)-soon-in-up_-f788e0f6-a18c-11eb-bb75-0242ac160002.txt,The Times of India (TOI),LUCKNOW,2020-05-11,"Soon in UP: MSME can start first, take NOC within 3 years",Neha Lalchandani,5YW2-TBB1-DXJR-H1BN-00000-00
the-times-of-india-(toi)-tamil-nadu_-districts-f7898506-a18c-11eb-bb75-0242ac160002.txt,The Times of India (TOI),CHENNAI,2020-06-04,Tamil Nadu: Districts asked to open special centres for disabled people,Aditi R,6026-3NP1-JB3N-T0HY-00000-00
the-times-of-india-(toi)-special-schools-too-f78a52e2-a18c-11eb-bb75-0242ac160002.txt,The Times of India (TOI),MADURAI,2021-02-09,Special schools too want to reopen soon,Sukshma Ramakrishnan,61YG-TKY1-DXJR-H4D1-00000-00
the-times-of-india-(toi)-coronavirus-in-kerala_-f78b42a6-a18c-11eb-bb75-0242ac160002.txt,The Times of India (TOI),KOCHI,2020-03-22,Coronavirus in Kerala: Govt offices asked to switch to e-files; close gyms and creches,Binu Karunakaran,5YGD-88W1-JB3N-T4T3-00000-00
the-times-of-india-(toi)-ncert-and-state-f78c0e98-a18c-11eb-bb75-0242ac160002.txt,The Times of India (TOI),EDUCATION,2020-08-15,NCERT and state govts requested for specific books on citizens' duties : DoJ secretary,Jaideep Shenoy,60KJ-10D1-JB3N-T0JK-00000-00
the-times-of-india-(toi)-up-post-office-f78ccfd6-a18c-11eb-bb75-0242ac160002.txt,The Times of India (TOI),EDUCATION,2020-04-24,UP Post Office Vacancy 2020: Last date to apply for 3951 Uttar Pradesh GDS extended,Sanjay Sharma,5YRF-9631-JB3N-T42G-00000-00
the-times-of-india-(toi)-dhanbad-to-replace-f78d9736-a18c-11eb-bb75-0242ac160002.txt,The Times of India (TOI),RANCHI,2020-08-06,Dhanbad to replace 'janata darbar' with 'e-Mulakat',,60HM-89H1-DXJR-H23J-00000-00
the-times-of-india-(toi)-contempt-plea-filed-f78e75ac-a18c-11eb-bb75-0242ac160002.txt,The Times of India (TOI),CHANDIGARH,2020-09-19,Contempt plea filed against bank chairman over pension payment,Ajay Sura,60W1-0FC1-DXJR-H31T-00000-00
the-times-of-india-(toi)-comorbidity-only-in-f78f5e2c-a18c-11eb-bb75-0242ac160002.txt,The Times of India (TOI),BHOPAL,2020-12-19,"Comorbidity only in 5% Covid-19 cases of Bhopal, says data",Jamal Ayub,61JD-B1K1-DXJR-H0SP-00000-00
the-times-of-india-(toi)-goa_-expert-committee-f79022d0-a18c-11eb-bb75-0242ac160002.txt,The Times of India (TOI),GOA,2020-04-20,Goa: Expert committee to examine house to house data this week,Newton Sequeira,5YPK-DDN1-JB3N-T0BR-00000-00
the-times-of-india-(toi)-polluted-air-cost-f7910c2c-a18c-11eb-bb75-0242ac160002.txt,The Times of India (TOI),AHMEDABAD,2020-12-25,"Polluted air cost state Rs 3,050 per head",Parth Shastri,61KP-57H1-JB3N-T0F8-00000-00
the-times-of-india-(toi)-dubai-suspends-ai-f791caea-a18c-11eb-bb75-0242ac160002.txt,The Times of India (TOI),INDIA BUSINESS,2020-09-19,Dubai suspends AI Express flights for 15 days after it flew Covid positive passenger,Saurabh Sinha,60W1-0FC1-DXJR-H3H8-00000-00
the-times-of-india-(toi)-shorter-window_-travelling-f792de1c-a18c-11eb-bb75-0242ac160002.txt,The Times of India (TOI),INDIA BUSINESS,2021-01-30,"Shorter window: Travelling to Dubai, get RT-PCR test 72 hours before departure from January 31",Saurabh Sinha,61WC-3TK1-JB3N-T02S-00000-00
the-times-of-india-(toi)-postal-ballot-for-f7938f38-a18c-11eb-bb75-0242ac160002.txt,The Times of India (TOI),KOLHAPUR,2021-03-22,Postal ballot for Covid patients & elderly,Satyajit Joshi,6287-M551-JB3N-T0H3-00000-00
the-times-of-india-(toi)-delhi-lockdown-news_-f7949e50-a18c-11eb-bb75-0242ac160002.txt,The Times of India (TOI),DELHI,2020-06-08,Delhi lockdown news: Today's updates,,6032-0CK1-JB3N-T08C-00000-00
the-times-of-india-(toi)-despite-award_-ex-naval-f795acdc-a18c-11eb-bb75-0242ac160002.txt,The Times of India (TOI),GOA,2020-08-10,"Despite award, ex-Naval doc denied of disability benefits",,60JG-5071-DXJR-H3R5-00000-00
the-times-of-india-(toi)-be-careful_-but-f7968102-a18c-11eb-bb75-0242ac160002.txt,The Times of India (TOI),HYDERABAD,2020-04-13,"Be careful, but don't stop urgent treatment fearing Covid-19 spread",,5YN3-M4X1-DXJR-H4PM-00000-00
the-times-of-india-(toi)-commonwealth-moves-campaign-f797c210-a18c-11eb-bb75-0242ac160002.txt,The Times of India (TOI),NAGPUR,2020-04-07,Commonwealth Moves campaign aims to rebuild a healthy world through sports,,5YKT-T6J1-JB3N-T2D7-00000-00
the-times-of-india-(toi)-double-whammy_-corona-f798d52e-a18c-11eb-bb75-0242ac160002.txt,The Times of India (TOI),DELHI,2020-04-10,"Double whammy: Corona threat, fear of job loss",,5YMF-PP01-DXJR-H0KY-00000-00
the-times-of-india-(toi)-centre-seeks-reply-f799b228-a18c-11eb-bb75-0242ac160002.txt,The Times of India (TOI),JAIPUR,2020-05-11,Centre seeks reply on ex gratia plaint,,5YW2-TBB1-DXJR-H166-00000-00
the-times-of-india-(toi)-cancel-nios-exams-f79a75a0-a18c-11eb-bb75-0242ac160002.txt,The Times of India (TOI),MUMBAI,2021-01-23,Cancel NIOS exams of hold them online: Parents to rights body,Vinamrata Borwankar,61TW-9G71-DXJR-H4W3-00000-00
the-times-of-india-(toi)-south-tn-reports-f79b21d0-a18c-11eb-bb75-0242ac160002.txt,The Times of India (TOI),MADURAI,2020-06-19,"South TN reports 2 deaths, 189 new cases",,605C-NRP1-JB3N-T51W-00000-00
the-times-of-india-(toi)-para-athlete_-shuttler-f79bfae2-a18c-11eb-bb75-0242ac160002.txt,The Times of India (TOI),OTHERS SPORTS,2020-07-17,"Para athlete, shuttler Ramesh Tikaram succumbs to Covid",Biju Babu Cyriac,60CB-VN11-DXJR-H014-00000-00
the-times-of-india-(toi)-pandemic-turns-clock-f79cbe00-a18c-11eb-bb75-0242ac160002.txt,The Times of India (TOI),TRICHY,2020-12-04,Pandemic turns clock back for spl children,Sampath Kumar,61F6-SJW1-JB3N-T1BW-00000-00
the-times-of-india-(toi)-jee-advanced-2020-f79d4d48-a18c-11eb-bb75-0242ac160002.txt,The Times of India (TOI),EDUCATION,2020-11-02,JEE Advanced 2020 cut-off lowered to have more qualifiers,Sheetal Banchariya,616C-PFT1-JB3N-T07K-00000-00
the-times-of-india-(toi)-rural-development-ministry-f79e4cf2-a18c-11eb-bb75-0242ac160002.txt,The Times of India (TOI),JAIPUR,2020-05-10,Rural development ministry asked to reply on plaint related to alleged violation of RPwD Act in 30 days,Sidhartha Dutta,5YVV-V2X1-JB3N-T4GB-00000-00
the-times-of-india-(toi)-my-dream-is-f79f07f0-a18c-11eb-bb75-0242ac160002.txt,The Times of India (TOI),BADMINTON,2020-06-24,"My dream is to stand on the podium at Tokyo Paralympics, says shuttler Palak Kohli",Mukesh Thapliyal,606F-HFB1-DXJR-H29W-00000-00
the-times-of-india-(toi)-grappling-with-a-f79fc56e-a18c-11eb-bb75-0242ac160002.txt,The Times of India (TOI),CHENNAI,2020-08-07,Grappling with a world where touch is out of bounds,Saranya Chakrapani,60JM-8MK1-DXJR-H018-00000-00
the-times-of-india-(toi)-southern-railway-sounds-f7a073b0-a18c-11eb-bb75-0242ac160002.txt,The Times of India (TOI),CHENNAI,2020-10-14,Southern Railway sounds alarm again as staff test positive,Siddharth Prabhakar,612B-8281-JB3N-T0GY-00000-00
the-times-of-india-(toi)-south-tn-reports-f7a11860-a18c-11eb-bb75-0242ac160002.txt,The Times of India (TOI),TRICHY,2020-06-19,"South TN reports 2 deaths, 189 new cases",,605C-NRR1-JB3N-T04Y-00000-00
the-times-of-india-(toi)-wanted_-see-through-masks-f7a1c7ba-a18c-11eb-bb75-0242ac160002.txt,The Times of India (TOI),MUMBAI,2020-07-16,Wanted: See-through masks for the hearing impaired,Ismat Tahseen,60C4-WB21-JB3N-T4RJ-00000-00
the-times-of-india-(toi)-para-athletes-serve-covid-19-f7a288a8-a18c-11eb-bb75-0242ac160002.txt,The Times of India (TOI),OFF THE FIELD,2020-05-07,Para-athletes serve COVID-19 patients at Mumbai Port Trust Hospital,Mufeed Mahdi Rizvi,5YV6-XG31-DXJR-H1Y4-00000-00
the-times-of-india-(toi)-50-year-old-covid-patient-f7a34324-a18c-11eb-bb75-0242ac160002.txt,The Times of India (TOI),AHMEDABAD,2020-05-12,50-year-old Covid patient jumps to death in Civil,,5YW8-SJ51-DXJR-H34N-00000-00
the-times-of-india-(toi)-ncl-creates-oxygen-f7a3f15c-a18c-11eb-bb75-0242ac160002.txt,The Times of India (TOI),PUNE,2020-04-11,NCL creates oxygen enrichment unit to help early stage Covid-19 patients,Swati Shinde Gole,5YMN-NPB1-DXJR-H13W-00000-00
the-times-of-india-(toi)-18-year-old-is-british-f7a49ada-a18c-11eb-bb75-0242ac160002.txt,The Times of India (TOI),TOP STORIES,2020-10-12,18-year-old is British high commissioner for a day,Himanshi Dhawan,611X-9N21-JB3N-T4YX-00000-00
the-times-of-india-(toi)-physical-rallies-ok-f7a545fc-a18c-11eb-bb75-0242ac160002.txt,The Times of India (TOI),PATNA,2020-10-03,"Physical rallies OK with Covid norms, says CEC",Ramashankar,610T-JJH1-DXJR-H2FW-00000-00
the-times-of-india-(toi)-delhi-hc-expands-f7a6251c-a18c-11eb-bb75-0242ac160002.txt,The Times of India (TOI),DELHI,2020-04-28,Delhi HC expands ambit of cases to be heard,Abhinav Garg,5YS9-5YB1-JB3N-T09C-00000-00
the-times-of-india-(toi)-hope-unveiled_-bpa-f7a6d62e-a18c-11eb-bb75-0242ac160002.txt,The Times of India (TOI),AHMEDABAD,2020-03-21,Hope unveiled: BPA to make 5 lakh masks from donated cloth,,5YG6-9821-DXJR-H187-00000-00
the-times-of-india-(toi)-covid-19-is-causing-f7a79af0-a18c-11eb-bb75-0242ac160002.txt,The Times of India (TOI),AMARAVATI,2020-10-29,Covid-19 is causing more neurological troubles: Dr Sampath Kumar,Samdani MN,615H-TS91-JB3N-T35B-00000-00
the-times-of-india-(toi)-access-to-jobs_-f7a89860-a18c-11eb-bb75-0242ac160002.txt,The Times of India (TOI),AHMEDABAD,2020-12-04,"Access to jobs, edu needs to be enabled",Parth Shastri,61F6-SJW1-JB3N-T09F-00000-00
the-times-of-india-(toi)-counting-in-seven-f7a95476-a18c-11eb-bb75-0242ac160002.txt,The Times of India (TOI),INDORE,2020-11-11,Counting in seven Malwa-Nimar seats likely to be a thriller,,6189-F4V1-JB3N-T34Y-00000-00
the-times-of-india-(toi)-time-to-restructure_-f7aa54de-a18c-11eb-bb75-0242ac160002.txt,The Times of India (TOI),BENGALURU,2020-06-21,Time to restructure: Innovative solutions are the only way forward,Santrupti Rajankar,605T-KSV1-DXJR-H4D8-00000-00
the-times-of-india-(toi)-no-qualms_-they-f7aaffa6-a18c-11eb-bb75-0242ac160002.txt,The Times of India (TOI),THIRUVANANTHAPURAM,2020-03-19,"No qualms, they rise to the challenge",Jisha Surya,5YFS-BJF1-JB3N-T2JB-00000-00
the-times-of-india-(toi)-extension-of-postal-f7abbfc2-a18c-11eb-bb75-0242ac160002.txt,The Times of India (TOI),CHENNAI,2021-03-18,Extension of postal ballots: HC reserves orders on DMK petition,?????? ?????? ???????,627C-RF51-DXJR-H49C-00000-00
the-times-of-india-(toi)-govt-taps-92_000-f7ac69cc-a18c-11eb-bb75-0242ac160002.txt,The Times of India (TOI),INDIA,2020-04-02,"Govt taps 92,000 NGOs to help feed and shelter lockdown-hit migrants",Surojit Gupta,5YJS-4071-DXJR-H1N3-00000-00
the-times-of-india-(toi)-anxiety_-anger_-depression-f7ad3d8e-a18c-11eb-bb75-0242ac160002.txt,The Times of India (TOI),PUNE,2020-04-12,"Anxiety, anger, depression grip many in the time of coronavirus",Rujuta Parekh,5YMW-MXY1-JB3N-T3D0-00000-00
the-times-of-india-(toi)-lockdown-in-tamil-f7ae0bce-a18c-11eb-bb75-0242ac160002.txt,The Times of India (TOI),CHENNAI,2020-05-14,Lockdown in Tamil Nadu: Young activist struggles to maintain animal sanctuary,,5YWP-PVW1-DXJR-H3VF-00000-00
the-times-of-india-(toi)-bihar-assembly-polls_-f7aebb82-a18c-11eb-bb75-0242ac160002.txt,The Times of India (TOI),PATNA,2020-10-03,"Bihar assembly polls: Physical rallies OK with Covid norms, says CEC",Ramashankar,610T-JJH1-DXJR-H2FX-00000-00
the-times-of-india-(toi)-_health-dept-workers-f7af84d6-a18c-11eb-bb75-0242ac160002.txt,The Times of India (TOI),RANCHI,2021-01-11,'Health dept workers equipped to tackle all vaccination problems',Jaideep Deogharia,61R9-NGJ1-DXJR-H04K-00000-00
the-times-of-india-(toi)-careers-at-stake_-f7b04984-a18c-11eb-bb75-0242ac160002.txt,The Times of India (TOI),DELHI,2020-07-30,Careers at stake: HC slams DU's tardiness,,60G4-FYR1-DXJR-H30V-00000-00
the-times-of-india-(toi)-specially-abled-activist-is-f7b127b4-a18c-11eb-bb75-0242ac160002.txt,The Times of India (TOI),BHOPAL,2020-06-04,Specially-abled activist is spreading positivism in corona times,,6026-3NP1-JB3N-T0DT-00000-00
the-times-of-india-(toi)-lockdown-blues_-persons-f7b24cca-a18c-11eb-bb75-0242ac160002.txt,The Times of India (TOI),INDIA,2020-05-25,"Lockdown blues: Persons with disabilities face abuse, neglect & uncertainty",Ambika Pandit,6002-CWT1-DXJR-H15W-00000-00
the-times-of-india-(toi)-kudumbashree-offers-support-f7b98f9e-a18c-11eb-bb75-0242ac160002.txt,The Times of India (TOI),THIRUVANANTHAPURAM,2020-04-25,Kudumbashree offers support to spl children of Buds schools,,5YRN-8CD1-DXJR-H2B8-00000-00
the-times-of-india-(toi)-have-a-nodal-f7ba7a12-a18c-11eb-bb75-0242ac160002.txt,The Times of India (TOI),MUMBAI,2020-08-27,Have a nodal agency for special online classes for specially-abled students: Maharashtra govt to HC,Swati Deshpande,60P3-N4F1-DXJR-H2D0-00000-00
the-times-of-india-(toi)-app-on-_accessibility_-f7bb5a54-a18c-11eb-bb75-0242ac160002.txt,The Times of India (TOI),INDIA,2021-03-03,App on 'accessibility' to address concerns of disabled on Covid-19 too,Ambika Pandit,624J-V1X1-JB3N-T2S1-00000-00
the-times-of-india-(toi)-para-swimmer-suyash-jadhav-f7bc3316-a18c-11eb-bb75-0242ac160002.txt,The Times of India (TOI),OTHERS SPORTS,2020-09-07,Para-swimmer Suyash Jadhav scripts his own destiny after losing his palms,Tushar Dutt,60SF-B521-JB3N-T0SP-00000-00
the-times-of-india-(toi)-in-covid-times_-f7bd1254-a18c-11eb-bb75-0242ac160002.txt,The Times of India (TOI),LUDHIANA,2020-05-05,"In Covid times, don't overlook stroke symptoms",,5YTT-06M1-JB3N-T15N-00000-00
the-times-of-india-(toi)-how-a-doon-f7bdd856-a18c-11eb-bb75-0242ac160002.txt,The Times of India (TOI),DEHRADUN,2020-04-01,How a Doon institute is readying visually & hearing-impaired people for a fight against Covid-19,Mohammad Anab,5YJH-YXP1-DXJR-H53J-00000-00
the-times-of-india-(toi)-odisha_-_doctor-of-f7be9c96-a18c-11eb-bb75-0242ac160002.txt,The Times of India (TOI),BHUBANESWAR,2021-02-15,Odisha: 'Doctor of masses' launches one clinic to treat the poor,Subrat Mohanty,620S-MN61-DXJR-H1VT-00000-00
the-times-of-india-(toi)-madhya-pradesh_-rs-f7bf8dae-a18c-11eb-bb75-0242ac160002.txt,The Times of India (TOI),BHOPAL,2021-02-06,Madhya Pradesh: Rs 2 lakh cashless insurance for medical students,,61XV-X3H1-JB3N-T3BW-00000-00
the-times-of-india-(toi)-docs-now-tackling-f7c046cc-a18c-11eb-bb75-0242ac160002.txt,The Times of India (TOI),VIJAYAWADA,2020-10-01,Docs now tackling cases of post-Covid complications,Venu Lanka,60YJ-MKY1-JB3N-T1GG-00000-00
the-times-of-india-(toi)-parents-bank-on-f7c14234-a18c-11eb-bb75-0242ac160002.txt,The Times of India (TOI),HYDERABAD,2020-10-04,Parents bank on EMIs to pay school fee,Sudipta Sengupta,6106-J3D1-JB3N-T506-00000-00
the-times-of-india-(toi)-_once-hotels-open-f7c223ac-a18c-11eb-bb75-0242ac160002.txt,The Times of India (TOI),LUDHIANA,2020-06-09,"'Once hotels open up, air travel will bounce back",Shariq Majeed,6037-YMG1-JB3N-T15C-00000-00
the-times-of-india-(toi)-postal-ballots-for-f7c36032-a18c-11eb-bb75-0242ac160002.txt,The Times of India (TOI),KOLKATA,2020-07-08,"Postal ballots for 65+ voters arbitrary, TMC writes to EC",,609F-4471-DXJR-H23R-00000-00
the-times-of-india-(toi)-polluted-air-cost-f7c49632-a18c-11eb-bb75-0242ac160002.txt,The Times of India (TOI),AHMEDABAD,2020-12-25,"Polluted air cost state Rs 3,050 per head",Parth Shastri,61PT-9F41-DXJR-H4RC-00000-00
the-times-of-india-(toi)-q-centres-struggling-to-f7c53ec0-a18c-11eb-bb75-0242ac160002.txt,The Times of India (TOI),NAGPUR,2020-07-10,Q-centres struggling to manage persons with mental ailments and disabilities,Sarfaraz Ahmed,609W-28M1-JB3N-T0MN-00000-00
the-times-of-india-(toi)-jammu-and-kashmir-f7c64b9e-a18c-11eb-bb75-0242ac160002.txt,The Times of India (TOI),INDIA,2021-04-19,"Jammu and Kashmir ahead of Delhi, Goa, Haryana and Raj in employment rate: CMIE survey",M Saleem Pandit,62G6-TCX1-DXJR-H4B2-00000-00
the-times-of-india-(toi)-hc-seeks-reply-f7c704ee-a18c-11eb-bb75-0242ac160002.txt,The Times of India (TOI),DELHI,2021-03-17,HC seeks reply from Centre on vax priority to mentally ill patients,?????? ?????? ???????,6275-SB01-DXJR-H28P-00000-00
the-times-of-india-(toi)-coronavirus_-uttar-pradesh-f7c7d374-a18c-11eb-bb75-0242ac160002.txt,The Times of India (TOI),LUCKNOW,2020-03-23,Coronavirus: Uttar Pradesh rolls out aid scheme for virus-hit daily wagers,Neha Lalchandani,5YGM-7771-DXJR-H3W8-00000-00
the-times-of-india-(toi)-coronanxiety_-focus-on-f7c8c702-a18c-11eb-bb75-0242ac160002.txt,The Times of India (TOI),GURGAON,2020-03-27,Coronanxiety: Focus on mental healthcare,"Durgesh Nandan Jha, Ipsita Pati, Sharmila Bhowmick, Sakshi Virmani?",5YHG-4031-DXJR-H4FP-00000-00
the-times-of-india-(toi)-most-preparations-over-f7c97d46-a18c-11eb-bb75-0242ac160002.txt,The Times of India (TOI),IMPHAL,2020-10-09,Most preparations over for bypolls: Manipur officer,K Sarojkumar Sharma,6118-D0P1-DXJR-H038-00000-00
the-times-of-india-(toi)-27_-marks-to-f7ca2e9e-a18c-11eb-bb75-0242ac160002.txt,The Times of India (TOI),CHANDIGARH,2020-05-20,"27% marks to online teaching, 73% of PU unable to study in lockdown",Aarti Kapur,5YY0-J1J1-DXJR-H02H-00000-00
the-times-of-india-(toi)-pb-wheel-chair-f7cae230-a18c-11eb-bb75-0242ac160002.txt,The Times of India (TOI),LUDHIANA,2020-11-30,Pb wheel chair cricket players struggling for basic resources,,61DB-WM41-JB3N-T51P-00000-00
the-times-of-india-(toi)-du-to-take-f7cb9ee6-a18c-11eb-bb75-0242ac160002.txt,The Times of India (TOI),DELHI,2020-07-08,DU to take final call on conduct of exams today,,609F-4471-DXJR-H1M4-00000-00
the-times-of-india-(toi)-mgnrega-as-social-f7cc9116-a18c-11eb-bb75-0242ac160002.txt,The Times of India (TOI),INDIA,2020-05-15,"MGNREGA as social protection coverage can mitigate Covid crisis, says ILO",Swati Mathur,5YWX-P4K1-DXJR-H1HB-00000-00
the-times-of-india-(toi)-announce-incentive-based-phased-f7cd71ee-a18c-11eb-bb75-0242ac160002.txt,The Times of India (TOI),INDIA BUSINESS,2020-07-22,"Announce incentive-based phased mfg programmes for refrigerators, washing machines: Panasonic India CEO at TOI Dialogues",Pankaj Doval,60DD-PFD1-DXJR-H0WM-00000-00
the-times-of-india-(toi)-vehicle-theft-accused-f7ce6018-a18c-11eb-bb75-0242ac160002.txt,The Times of India (TOI),VADODARA,2020-08-02,Vehicle theft accused flees quarantine centre in Godhra,,60GS-CHG1-DXJR-H2DC-00000-00
the-times-of-india-(toi)-covid-19_-chennai-corporation-f7cef5d2-a18c-11eb-bb75-0242ac160002.txt,The Times of India (TOI),CHENNAI,2020-07-19,Covid-19: Chennai corporation to use automated calls to find symptomatic people,Komal Gautham,60CS-SVB1-DXJR-H08H-00000-00
the-times-of-india-(toi)-engg-counselling-for-f7cfa360-a18c-11eb-bb75-0242ac160002.txt,The Times of India (TOI),CHENNAI,2020-10-03,Engg counselling for spl category students begins,,610T-JJH1-DXJR-H1V9-00000-00
the-times-of-india-(toi)-hc-to-du_-f7d058b4-a18c-11eb-bb75-0242ac160002.txt,The Times of India (TOI),DELHI,2020-08-18,HC to DU: Start physical exams from September 14,,60M5-XGV1-JB3N-T0M8-00000-00
the-times-of-india-(toi)-esic-to-pay-f7d1008e-a18c-11eb-bb75-0242ac160002.txt,The Times of India (TOI),NAGPUR,2020-04-23,ESIC to pay 70% salary of 4.2 cr beneficiaries,Shishir Arya,5YR7-B0H1-DXJR-H481-00000-00
the-times-of-india-(toi)-online-education-for-f7d1c866-a18c-11eb-bb75-0242ac160002.txt,The Times of India (TOI),MUMBAI,2020-08-28,"Online education for specially-abled by NGO, Bombay HC told",,60P9-MJ01-DXJR-H0XW-00000-00
the-times-of-india-(toi)-cu-issues-guidelines-f7d28120-a18c-11eb-bb75-0242ac160002.txt,The Times of India (TOI),KOZHIKODE,2020-11-05,CU issues guidelines for conduct of exams,,6171-M4N1-JB3N-T037-00000-00
the-times-of-india-(toi)-rural-police-come-f7d31f40-a18c-11eb-bb75-0242ac160002.txt,The Times of India (TOI),TRICHY,2020-04-05,Rural police come forward to help the needy,,5YKC-VR91-DXJR-H150-00000-00
the-times-of-india-(toi)-only-15_-of-f7d3c350-a18c-11eb-bb75-0242ac160002.txt,The Times of India (TOI),CHENNAI,2020-11-14,Only 15% of disabled get Rs 1K Covid-19 assistance,?????? ?????? ???????,618Y-BN71-JB3N-T4WX-00000-00
the-times-of-india-(toi)-no-hc-bar-f7d48268-a18c-11eb-bb75-0242ac160002.txt,The Times of India (TOI),CHENNAI,2020-09-22,No HC bar on SSLC exams for disabled,,60WM-WY21-DXJR-H2KH-00000-00
the-times-of-india-(toi)-kas-aspirants-must-f7d53e4c-a18c-11eb-bb75-0242ac160002.txt,The Times of India (TOI),BENGALURU,2020-08-13,KAS aspirants must get Covid-19 test before exam,Shreyas HS,60K4-2HM1-JB3N-T3FF-00000-00
the-times-of-india-(toi)-deaf_-speech-impaired-people-f7d5d8ac-a18c-11eb-bb75-0242ac160002.txt,The Times of India (TOI),TRICHY,2020-08-08,"Deaf, speech-impaired people deployed to disinfect houses",Deepak Karthik,60J2-6SC1-DXJR-H3W9-00000-00
the-times-of-india-(toi)-du-conducts-session-f7d690c6-a18c-11eb-bb75-0242ac160002.txt,The Times of India (TOI),EDUCATION,2020-04-29,DU conducts session for visually challenged students and teachers,Mohammad Ibrar,5YSH-52R1-JB3N-T423-00000-00
the-times-of-india-(toi)-nhrc_s-covid-impact-f7d736c0-a18c-11eb-bb75-0242ac160002.txt,The Times of India (TOI),INDIA,2020-10-08,NHRC's Covid impact panel issues advisory to states on right of informal workers,Swati Mathur,6112-F2B1-DXJR-H1J2-00000-00
the-times-of-india-(toi)-ganguly-has-disappointed-f7d7d210-a18c-11eb-bb75-0242ac160002.txt,The Times of India (TOI),CRICKET_NEWS,2020-07-28,Ganguly has disappointed disabled cricketers: PCCAI,Gaurav Gupta,60FP-HMR1-JB3N-T13B-00000-00
the-times-of-india-(toi)-people-connect-on-f7d875a8-a18c-11eb-bb75-0242ac160002.txt,The Times of India (TOI),VISAKHAPATNAM,2020-04-27,"People connect on WhatsApp for med needs, essential goods",,5YS3-6S91-JB3N-T2CW-00000-00
the-times-of-india-(toi)-bill-in-the-f7d9c8f4-a18c-11eb-bb75-0242ac160002.txt,The Times of India (TOI),US,2020-05-04,Bill in the offing: US Green cards for immigrant medical staff,Lubna Kably,5YTK-1081-JB3N-T23T-00000-00
the-times-of-india-(toi)-gmat-goes-online-f7da7844-a18c-11eb-bb75-0242ac160002.txt,The Times of India (TOI),EDUCATION,2020-04-16,GMAT goes online as an interim measure due to COVID-19 outbreak,Manash Pratim Gohain,5YNR-HN01-JB3N-T0N7-00000-00
the-times-of-india-(toi)-kerala_-positive-change-f7db6c04-a18c-11eb-bb75-0242ac160002.txt,The Times of India (TOI),THIRUVANANTHAPURAM,2021-01-16,"Kerala: Positive change in education, health sectors",,61SC-H711-JB3N-T4GG-00000-00
the-times-of-india-(toi)-lending-a-hand_-f7dc36c0-a18c-11eb-bb75-0242ac160002.txt,The Times of India (TOI),KOZHIKODE,2020-10-15,Lending a hand: Therapy times for special kids,,612J-74S1-DXJR-H12G-00000-00
the-times-of-india-(toi)-pandemic-an-ordeal-f7dcf84e-a18c-11eb-bb75-0242ac160002.txt,The Times of India (TOI),MADURAI,2020-07-22,"Pandemic an ordeal for kids with special needs, their families",Sukshma Ramakrishnan,60DD-PFD1-DXJR-H13J-00000-00
the-times-of-india-(toi)-parents-form-clubs_-f7ddae88-a18c-11eb-bb75-0242ac160002.txt,The Times of India (TOI),CHENNAI,2021-04-08,"Parents form clubs, conduct workshops to keep children with autism on path of learning",Kamini Mathai,62CW-4C71-DXJR-H4W4-00000-00
the-times-of-india-(toi)-disability-fails-to-f7de38d0-a18c-11eb-bb75-0242ac160002.txt,The Times of India (TOI),JODHPUR,2020-05-05,Disability fails to deter him from working at Jodhpur Covid-19 hotspot,Ajay Parmar,5YTT-06M1-JB3N-T124-00000-00
the-times-of-india-(toi)-inclusive-helpline-for-f7df281c-a18c-11eb-bb75-0242ac160002.txt,The Times of India (TOI),INDIA,2020-09-08,Inclusive helpline for persons with disabilities and others to focus on rehab,Ambika Pandit,60SN-99W1-JB3N-T0X8-00000-00
the-times-of-india-(toi)-won_t-stop-new-f7e01056-a18c-11eb-bb75-0242ac160002.txt,The Times of India (TOI),CHENNAI,2021-01-09,Won't stop new postal ballot move without hearing ECI out: HC,,61PW-PXG1-JB3N-T173-00000-00
the-times-of-india-(toi)-mumbai_-six-mentally-f7e0bfba-a18c-11eb-bb75-0242ac160002.txt,The Times of India (TOI),MUMBAI,2020-07-30,"Mumbai: Six mentally ill kids, 24 adults Covid-19 positive; government orders probe",Sujit Mahamulkar,60G4-FYR1-DXJR-H3PT-00000-00
the-times-of-india-(toi)-coronanxiety_-focus-on-f7e1b082-a18c-11eb-bb75-0242ac160002.txt,The Times of India (TOI),NOIDA,2020-03-27,Coronanxiety: Focus on mental healthcare,"Durgesh Nandan Jha, Ipsita Pati, Sharmila Bhowmick, Sakshi Virmani?",5YHG-4031-DXJR-H52R-00000-00
the-times-of-india-(toi)-helpline-numbers-there_-f7e2aaf0-a18c-11eb-bb75-0242ac160002.txt,The Times of India (TOI),LUDHIANA,2020-03-21,"Helpline numbers there, but no one to pick up calls",,5YG6-9821-DXJR-H22W-00000-00
the-times-of-india-(toi)-iit-madras-online-f7e357b6-a18c-11eb-bb75-0242ac160002.txt,The Times of India (TOI),EDUCATION,2020-07-02,IIT Madras online course in BSc Data Science: All you need to know,Heeba Hameed,6089-G7N1-DXJR-H0P5-00000-00
the-times-of-india-(toi)-govt-to-build-f7e43e6a-a18c-11eb-bb75-0242ac160002.txt,The Times of India (TOI),INDIA,2020-08-18,"Govt to build database on Sickle Cell Disease, IJMR warns children with SCD at risk of Covid -19 related complications",Ambika Pandit,60M5-XGV1-JB3N-T106-00000-00
the-times-of-india-(toi)-_allow-autos-and-f7e4e266-a18c-11eb-bb75-0242ac160002.txt,The Times of India (TOI),MUMBAI,2020-05-25,'Allow autos and taxis to ply for essential service duties',Somit Sen,6002-CWT1-DXJR-H1F9-00000-00
the-times-of-india-(toi)-teen-sniffs-opportunity-f7e59634-a18c-11eb-bb75-0242ac160002.txt,The Times of India (TOI),RAJKOT,2021-02-14,Teen sniffs opportunity in disability; starts own venture,,620J-NGV1-DXJR-H05F-00000-00
the-times-of-india-(toi)-concessional-fares-cost-f7e659e8-a18c-11eb-bb75-0242ac160002.txt,The Times of India (TOI),CHENNAI,2020-09-19,"Concessional fares cost railways Rs 5,475cr, HC told",,60W1-0FC1-DXJR-H32J-00000-00
the-times-of-india-(toi)-by-feb_-viralimalai-f7e787fa-a18c-11eb-bb75-0242ac160002.txt,The Times of India (TOI),TRICHY,2020-12-22,"By Feb, Viralimalai temple will become accessible for elderly, disabled people",,61K2-7N51-JB3N-T553-00000-00
the-times-of-india-(toi)-positivity-rate-down-f7e8582e-a18c-11eb-bb75-0242ac160002.txt,The Times of India (TOI),CHENNAI,2020-07-21,"Positivity rate down in N Chennai, high at 20% in central zones",,60D6-R7C1-JB3N-T30K-00000-00
the-times-of-india-(toi)-duo-to-run-f7e92998-a18c-11eb-bb75-0242ac160002.txt,The Times of India (TOI),KOCHI,2020-12-23,"Duo to run 4,431 km for a 'healthy India'",Sudha Nambudiri,61K8-6TB1-DXJR-H0Y2-00000-00
the-times-of-india-(toi)-on-international-day-f7e9f7ec-a18c-11eb-bb75-0242ac160002.txt,The Times of India (TOI),MUMBAI,2020-12-04,"On International Day of Persons with Disabilities, Mumbai's amputee riders share their journey",Ismat Tahseen,61F6-SJW1-JB3N-T13G-00000-00
the-times-of-india-(toi)-online-workouts-keep-f7eb081c-a18c-11eb-bb75-0242ac160002.txt,The Times of India (TOI),TRICHY,2020-04-26,Online workouts keep the spirits high for wheelchair hoopsters,Deepak Karthik,5YRW-7GH1-DXJR-H0GW-00000-00
the-times-of-india-(toi)-odisha-government-enables-f7ebd788-a18c-11eb-bb75-0242ac160002.txt,The Times of India (TOI),BHUBANESWAR,2020-07-16,Odisha government enables online admission for kids with special needs,Minati Singha,60C4-WB21-JB3N-T3XH-00000-00
the-times-of-india-(toi)-bjp-team-meets-f7ec925e-a18c-11eb-bb75-0242ac160002.txt,The Times of India (TOI),KOLKATA,2021-02-07,"BJP team meets EC, seeks central force in all booths",Rohit Khanna,61Y2-W7X1-DXJR-H0F1-00000-00
the-times-of-india-(toi)-collective-efforts-can-f7ed6cf6-a18c-11eb-bb75-0242ac160002.txt,The Times of India (TOI),LUCKNOW,2021-04-15,"Collective efforts can control second wave, says health min",,62FB-XHP1-DXJR-H14N-00000-00
the-times-of-india-(toi)-bad-air-killed-f7ee9fe0-a18c-11eb-bb75-0242ac160002.txt,The Times of India (TOI),INDIA,2021-02-19,"Bad air killed 1.2 lakh across 6 Indian cities, cost the $17.7bn: Study",Chethan Kumar,621M-HGM1-DXJR-H0CM-00000-00
the-times-of-india-(toi)-mercedes-benz-r&d-india-f7ef7492-a18c-11eb-bb75-0242ac160002.txt,The Times of India (TOI),GADGETS NEWS,2020-04-29,"Mercedes-Benz R&D India centre to send 25,000 real-time PCR testing kits to NIMHANS, Bengaluru",,5YSH-52R1-JB3N-T42V-00000-00
the-times-of-india-(toi)-40_-of-poorest-f7f05c86-a18c-11eb-bb75-0242ac160002.txt,The Times of India (TOI),EDUCATION,2020-06-24,40% of poorest countries failed to support learners at risk during COVID-19 crisis: GEM report,Manash Pratim Gohain,606F-HFB1-DXJR-H2MK-00000-00
the-times-of-india-(toi)-acute-stroke-admissions-f7f162fc-a18c-11eb-bb75-0242ac160002.txt,The Times of India (TOI),KOCHI,2020-05-20,Acute stroke admissions drop by 61%,,5YY0-J1J1-DXJR-H0NR-00000-00
the-times-of-india-(toi)-corona-prompts-mixed-f7f23a9c-a18c-11eb-bb75-0242ac160002.txt,The Times of India (TOI),DELHI,2021-03-01,"Corona prompts mixed show at DU, 1.7L get digital degrees",,623S-7911-DXJR-H4Y0-00000-00
the-times-of-india-(toi)-covid-positive-patients-eye-f7f2e85c-a18c-11eb-bb75-0242ac160002.txt,The Times of India (TOI),KOLKATA,2021-04-18,Covid-positive patients eye last hour to cast votes,Suman Chakraborti and Dwaipayan Ghosh,62G0-V3W1-DXJR-H041-00000-00
the-times-of-india-(toi)-bengaluru-lost-12k-f7f44e5e-a18c-11eb-bb75-0242ac160002.txt,The Times of India (TOI),BENGALURU,2021-02-20,"Bengaluru lost 12k lives, $1.7 billion to polluted air in 2020: Study",,621V-J4M1-JB3N-T0M1-00000-00
the-times-of-india-(toi)-indians-with-visas-f7f5a5e2-a18c-11eb-bb75-0242ac160002.txt,The Times of India (TOI),INDIA BUSINESS,2020-08-10,Indians with visas to UAE may soon be able to go there,Saurabh Sinha,60JG-5071-DXJR-H3X7-00000-00
the-times-of-india-(toi)-children-with-disabilities-f7f73d30-a18c-11eb-bb75-0242ac160002.txt,The Times of India (TOI),AHMEDABAD,2020-07-06,Children with disabilities get e-classes,Parth Shastri,6091-5JR1-JB3N-T26J-00000-00
the-times-of-india-(toi)-city-schools-follow-f7f912ea-a18c-11eb-bb75-0242ac160002.txt,The Times of India (TOI),MUMBAI,2020-03-13,"City schools follow Unicef norms, practise social distancing, explore e-learning option",Vinamrata Borwankar,5YDG-HFG1-JB3N-T2M7-00000-00
the-times-of-india-(toi)-neet-2020-results_-f7fa5420-a18c-11eb-bb75-0242ac160002.txt,The Times of India (TOI),THIRUVANANTHAPURAM,2020-10-18,NEET 2020 results: Girls secure top 2 ranks in Kerala,,6136-4N91-DXJR-H3FT-00000-00
the-times-of-india-(toi)-colleges-gear-up-f7fbff28-a18c-11eb-bb75-0242ac160002.txt,The Times of India (TOI),BENGALURU,2020-11-17,"Colleges gear up for reopening, unsure of attendance on Day 1",,619K-8C71-JB3N-T3YS-00000-00
the-times-of-india-(toi)-up-board-to-f7fccff2-a18c-11eb-bb75-0242ac160002.txt,The Times of India (TOI),LUCKNOW,2020-11-28,UP Board to allot exam centres to girls in 5-km radius of school,Isha Jain,61CX-Y5V1-JB3N-T391-00000-00
the-times-of-india-(toi)-postal-ballots-collected-f7fdaa44-a18c-11eb-bb75-0242ac160002.txt,The Times of India (TOI),INDORE,2020-10-31,Postal ballots collected from Sanwer voters,,615Y-S251-JB3N-T2N2-00000-00
the-times-of-india-(toi)-disabled-people-at-f7fe7730-a18c-11eb-bb75-0242ac160002.txt,The Times of India (TOI),VISAKHAPATNAM,2020-04-20,Disabled people at high risk of infection,Reshma Jain,5YPK-DDN1-JB3N-T13M-00000-00
the-times-of-india-(toi)-hc-to-t_-f7ff66cc-a18c-11eb-bb75-0242ac160002.txt,The Times of India (TOI),HYDERABAD,2020-04-20,HC to T: Explain steps taken to help the disabled amid lockdown,,5YPK-DDN1-JB3N-T0GJ-00000-00
the-times-of-india-(toi)-bihar-as-model_-f8003e1c-a18c-11eb-bb75-0242ac160002.txt,The Times of India (TOI),KOLKATA,2021-02-17,"Bihar as model, EC orders 7.5cr gloves for Bengal polls",Saibal Gupta,6216-K4T1-DXJR-H0C3-00000-00
the-times-of-india-(toi)-amid-growing-criticism-f8010270-a18c-11eb-bb75-0242ac160002.txt,The Times of India (TOI),INDIA,2020-07-09,"Amid growing criticism and adverse feedback, govt drops proposal to 'decriminalise minor offences' in disability law",Ambika Pandit,609N-39F1-JB3N-T0YW-00000-00
