Filename,Publication,Section,Date,Title,Author,LNID
china-daily---us-edition-former-envoy-warns-52ece0e6-9e68-11eb-abe9-0242ac160002.txt,China Daily - US Edition,,2020-03-14,Former envoy warns of US-China 'decoupling',,5YDT-8741-JDJN-60RF-00000-00
china-daily---us-edition-at-forum_-concern-52edfe9a-9e68-11eb-abe9-0242ac160002.txt,China Daily - US Edition,,2020-04-22,"At forum, concern over state of US-China ties",,5YR5-8D21-F11P-X48D-00000-00
china-daily---us-edition-sanctions-imposed-on-52ef81e8-9e68-11eb-abe9-0242ac160002.txt,China Daily - US Edition,,2020-07-14,"Sanctions imposed on US entity, officials over Xinjiang-related issues",,60BX-5C61-F11P-X2M1-00000-00
china-daily---us-edition-amazon-area-gets-52f0e02e-9e68-11eb-abe9-0242ac160002.txt,China Daily - US Edition,,2021-02-25,Amazon area gets relief with Sinovac doses,China Daily Global,6232-DSB1-JDJN-6352-00000-00
china-daily---us-edition-cdc-journal_-covid-19-52f21ae8-9e68-11eb-abe9-0242ac160002.txt,China Daily - US Edition,,2020-12-10,CDC journal: COVID-19 circulating in Italy in late November,chinadaily.com.cn,61GP-0DB1-F11P-X1RX-00000-00
china-daily---us-edition-ministry_-_enemy-is-52f38b62-9e68-11eb-abe9-0242ac160002.txt,China Daily - US Edition,,2020-04-21,Ministry: 'Enemy is the virus not China',,5YR1-8991-F11P-X4RH-00000-00
china-daily---us-edition-top-us-general-52f4cb30-9e68-11eb-abe9-0242ac160002.txt,China Daily - US Edition,,2020-05-06,"Top US general says ""we don't know"" where coronavirus originated",,5YV5-HBC1-JDJN-62KV-00000-00
china-daily---us-edition-rebound-sought-for-52f62ba6-9e68-11eb-abe9-0242ac160002.txt,China Daily - US Edition,,2020-07-22,Rebound sought for Ecuador shrimps,,60DK-XV51-F11P-X38G-00000-00
china-daily---us-edition-ex-us-envoy-decries-52f76c64-9e68-11eb-abe9-0242ac160002.txt,China Daily - US Edition,,2020-03-25,Ex-US envoy decries political focus on coronavirus' origin,,5YHD-WGD1-JDJN-63P0-00000-00
china-daily---us-edition-us-right-wing-media-52f8c0aa-9e68-11eb-abe9-0242ac160002.txt,China Daily - US Edition,,2020-05-02,US right-wing media fan virus origin rumor,,5YT9-MH51-F11P-X2WY-00000-00
china-daily---us-edition-california-optimistic-despite-52fa68f6-9e68-11eb-abe9-0242ac160002.txt,China Daily - US Edition,,2020-02-28,California optimistic despite unique virus case,,5Y9N-ND71-JDJN-63RS-00000-00
china-daily---us-edition-groups-laud-biden_s-5301ead6-9e68-11eb-abe9-0242ac160002.txt,China Daily - US Edition,,2021-01-27,Groups laud Biden's order against racism,China Daily Global,61VW-Y2S1-F11P-X14S-00000-00
china-daily---us-edition-ambassador-cui-appeals-5303a204-9e68-11eb-abe9-0242ac160002.txt,China Daily - US Edition,,2020-05-07,Ambassador Cui appeals for end to virus 'blame game' by the US,,5YVC-GDC1-F11P-X1N4-00000-00
china-daily---us-edition-beijing-says-pompeo-53050310-9e68-11eb-abe9-0242ac160002.txt,China Daily - US Edition,,2020-05-08,Beijing says Pompeo lied about virus' origin,,5YVK-FMX1-F11P-X0BB-00000-00
china-daily---us-edition-trump-receives-blowback-5306860e-9e68-11eb-abe9-0242ac160002.txt,China Daily - US Edition,,2020-05-13,"Trump receives blowback over tweet, criticized as racist, blame-shifting",,5YWN-9M71-F11P-X228-00000-00
china-daily---us-edition-nobel-laureates-seek-53080d94-9e68-11eb-abe9-0242ac160002.txt,China Daily - US Edition,,2020-05-27,Nobel laureates seek probe of canceled grant,,600N-JMR1-F11P-X1YG-00000-00
china-daily---us-edition-us-condemned-for-53098098-9e68-11eb-abe9-0242ac160002.txt,China Daily - US Edition,,2020-05-27,US condemned for misleading world,,600N-JMR1-F11P-X1YK-00000-00
china-daily---us-edition-mit-peer-reviews-530ad9c0-9e68-11eb-abe9-0242ac160002.txt,China Daily - US Edition,,2020-10-09,MIT peer reviews refute lab origin of coronavirus,CHINA DAILY,611F-0161-JDJN-60HW-00000-00
china-daily---us-edition-us-judge-blocks-530c4f58-9e68-11eb-abe9-0242ac160002.txt,China Daily - US Edition,,2020-12-03,US judge blocks Trump on visas,chinadaily.com.cn,61F5-HRR1-JDJN-60WG-00000-00
china-daily---us-edition-us-shown-up-530dda30-9e68-11eb-abe9-0242ac160002.txt,China Daily - US Edition,,2020-05-01,US shown up for its unabashed arrogance,,5YT4-9VR1-JDJN-6384-00000-00
china-daily---us-edition-trump-criticized-for-530f30ec-9e68-11eb-abe9-0242ac160002.txt,China Daily - US Edition,,2020-03-20,Trump criticized for 'Chinese virus' use,,5YG5-29K1-JDJN-60F9-00000-00
china-daily---us-edition-china-us-ties-amid-53105c38-9e68-11eb-abe9-0242ac160002.txt,China Daily - US Edition,,2020-04-23,China-US ties amid contagion focus of forum,,5YRF-6K41-JDJN-6365-00000-00
china-daily---us-edition-new-york-times-5311b4de-9e68-11eb-abe9-0242ac160002.txt,China Daily - US Edition,,2020-06-23,New York Times slams US policy of mass deportations as 'public health hazard',,606M-3BD1-F11P-X13M-00000-00
china-daily---us-edition-secret-fort-in-53129cd2-9e68-11eb-abe9-0242ac160002.txt,China Daily - US Edition,,2020-05-29,Secret fort in US must come clean on its work,,6013-GY61-F11P-X2KC-00000-00
china-daily---us-edition-us-experts-refute-5314252a-9e68-11eb-abe9-0242ac160002.txt,China Daily - US Edition,,2020-05-05,US experts refute Trump's Wuhan theory,,5YTY-JB61-F11P-X019-00000-00
china-daily---us-edition-petition-urges-us-53157a06-9e68-11eb-abe9-0242ac160002.txt,China Daily - US Edition,,2020-05-21,Petition urges US to clarify army lab's 8-month closure,,5YYC-33D1-F11P-X36F-00000-00
china-daily---us-edition-who-team-members-5316bb6e-9e68-11eb-abe9-0242ac160002.txt,China Daily - US Edition,,2021-02-16,WHO team members call report misleading,China Daily,6214-P381-F11P-X1K2-00000-00
china-daily---us-edition-vice-fm_-don_t-use-53182cc4-9e68-11eb-abe9-0242ac160002.txt,China Daily - US Edition,,2020-05-01,Vice-FM: Don't use probe to stigmatize China,,5YT4-9VR1-JDJN-6383-00000-00
china-daily---us-edition-online-attacks-against-53199d0c-9e68-11eb-abe9-0242ac160002.txt,China Daily - US Edition,,2021-03-25,Online attacks against Asians in US rising this year,China Daily Global,6292-XKM1-JDJN-61P6-00000-00
china-daily---us-edition-us-urged-to-531b2c80-9e68-11eb-abe9-0242ac160002.txt,China Daily - US Edition,,2020-03-21,US urged to target tasks that save lives,,5YGC-1CG1-F11P-X004-00000-00
china-daily---us-edition-public-health-scholars-531c67f8-9e68-11eb-abe9-0242ac160002.txt,China Daily - US Edition,,2020-05-04,Public health scholars urge nonpartisan approach to coronavirus,,5YTY-JB61-F11P-X013-00000-00
china-daily---us-edition-secret-fort-in-531d7d78-9e68-11eb-abe9-0242ac160002.txt,China Daily - US Edition,,2020-05-29,Secret fort in US must come clean on its work,,6013-GY61-F11P-X2KB-00000-00
