Filename,Publication,Section,Date,Title,Author,LNID
the-daily-telegraph-(australia)-infected-punters-on-5122a0ca-9e68-11eb-abe9-0242ac160002.txt,The Daily Telegraph (Australia),NEWS,2020-08-07,Infected punters on pub crawls,ANGIRA BHARADWAJ & JAMES O'DOHERTY,60HY-14M1-F0JP-W01W-00000-00
the-daily-telegraph-(australia)-no-fifita-feud-5123667c-9e68-11eb-abe9-0242ac160002.txt,The Daily Telegraph (Australia),SPORT,2020-07-29,No Fifita feud at Broncos,PETER BADEL,60G1-BF91-F0JP-W0BY-00000-00
the-daily-telegraph-(australia)-china_s-war-on-512469d2-9e68-11eb-abe9-0242ac160002.txt,The Daily Telegraph (Australia),NEWS,2021-03-08,China's war on the BBC,"James Morrow, EXCLUSIVE",625B-MJD1-F0JP-W483-00000-00
the-daily-telegraph-(australia)-chinese-might-at-512574e4-9e68-11eb-abe9-0242ac160002.txt,The Daily Telegraph (Australia),NEWS,2020-12-04,Chinese might at museum,ANGIE RAPHAEL & CAMPBELL GELLIE,61F9-C6T1-F0JP-W038-00000-00
the-daily-telegraph-(australia)-and-the-winner-512661b0-9e68-11eb-abe9-0242ac160002.txt,The Daily Telegraph (Australia),SPORT,2020-04-08,AND THE WINNER IS ... SYDNEY,PAUL KENT,5YM2-33T1-JD3N-53SY-00000-00
the-daily-telegraph-(australia)-back-in-love-51270ffc-9e68-11eb-abe9-0242ac160002.txt,The Daily Telegraph (Australia),SPORT,2021-03-02,Back in love with game I almost ditched,MARTIN GABOR,6242-TJ11-F0JP-W3XJ-00000-00
the-daily-telegraph-(australia)-charlotte_s-league-pass-5127b862-9e68-11eb-abe9-0242ac160002.txt,The Daily Telegraph (Australia),SPORT,2020-07-05,CHARLOTTE'S LEAGUE PASS,WHAT'S THE BUZZ WITH BUZZ ROTHFIELD/PHIL ROTHFIELD,6093-Y571-F0JP-W392-00000-00
the-daily-telegraph-(australia)-ugly-sign-of-5128c3c4-9e68-11eb-abe9-0242ac160002.txt,The Daily Telegraph (Australia),13OPINION,2020-07-01,Ugly sign of the times,MIRANDA DEVINE,6082-3481-F0JP-W2KD-00000-00
the-daily-telegraph-(australia)-holy-cow-5129a1a4-9e68-11eb-abe9-0242ac160002.txt,The Daily Telegraph (Australia),BACKPAGE,2020-07-21,HOLY COW,PAUL CRAWLEY,60D9-JWW1-JD3N-5264-00000-00
the-daily-telegraph-(australia)-still-a-test-512a9d98-9e68-11eb-abe9-0242ac160002.txt,The Daily Telegraph (Australia),13OPINION,2020-06-06,Still a test tube maybe,Sharri Markson,602P-TMP1-F0JP-W166-00000-00
the-daily-telegraph-(australia)-apollo-creed-512b59b8-9e68-11eb-abe9-0242ac160002.txt,The Daily Telegraph (Australia),RACINGPREVIEWS,2020-04-04,APOLLO CREED,NICK WALSHAW,5YK5-7D61-F0JP-W2DB-00000-00
the-daily-telegraph-(australia)-trump-claim-splits-512c548a-9e68-11eb-abe9-0242ac160002.txt,The Daily Telegraph (Australia),NEWS,2020-05-06,TRUMP CLAIM SPLITS SPIES,"SHARRI MARKSON, EXCLUSIVE",5YV0-C7F1-F0JP-W3YG-00000-00
the-daily-telegraph-(australia)-what_s-the-buzz-512d2126-9e68-11eb-abe9-0242ac160002.txt,The Daily Telegraph (Australia),SPORTSPREAD,2020-05-03,WHAT'S THE BUZZ,WHAT'S THE BUZZ WITH PHIL ROTHFIELD,5YTN-P5S1-F0JP-W06V-00000-00
the-daily-telegraph-(australia)-avoid-politics-of-512dfa92-9e68-11eb-abe9-0242ac160002.txt,The Daily Telegraph (Australia),LETTERS,2021-01-23,Avoid politics of revenge,,61TY-X8D1-JD3N-544S-00000-00
the-daily-telegraph-(australia)-meat-&-sour-512f568a-9e68-11eb-abe9-0242ac160002.txt,The Daily Telegraph (Australia),NEWS,2020-05-13,Meat & sour in China's Oz beef,"CLARE ARMSTRONG & JOHN ROLFE, EXCLUSIVE",5YWG-5JM1-JD3N-5178-00000-00
the-daily-telegraph-(australia)-origin-to-host-5136e47c-9e68-11eb-abe9-0242ac160002.txt,The Daily Telegraph (Australia),NEWS,2020-11-16,Origin to host new record crowd,RIKKI-LEE ARNOLD,619F-WYC1-F0JP-W4WF-00000-00
the-daily-telegraph-(australia)-masters_-mates-&-5137a272-9e68-11eb-abe9-0242ac160002.txt,The Daily Telegraph (Australia),SPORT,2020-11-20,"MASTERS, MATES & MAROONS",Russell Gould,61B9-SNR1-JD3N-5295-00000-00
the-daily-telegraph-(australia)-it_s-great-to-5138bb76-9e68-11eb-abe9-0242ac160002.txt,The Daily Telegraph (Australia),WRAP,2020-05-24,IT'S GREAT TO HAVE FOOTY BACK - NRL 2020 2.0,NICK WALSHAW,6005-D1G1-JD3N-54NX-00000-00
the-daily-telegraph-(australia)-control-players-or-51398ede-9e68-11eb-abe9-0242ac160002.txt,The Daily Telegraph (Australia),SPORT,2020-05-01,Control players or season terminated,Nick Walshaw,5YSX-KH71-JD3N-51J4-00000-00
the-daily-telegraph-(australia)-chinese-might-at-513a655c-9e68-11eb-abe9-0242ac160002.txt,The Daily Telegraph (Australia),NEWS,2020-12-04,Chinese might at museum,Angie Raphael & Campbell Gellie,61F9-C6T1-F0JP-W087-00000-00
the-daily-telegraph-(australia)-labor-tightens-belt-513b412a-9e68-11eb-abe9-0242ac160002.txt,The Daily Telegraph (Australia),NEWS,2020-05-26,Labor tightens belt on China division in ranks,Clare Armstrong,600C-4K51-F0JP-W21K-00000-00
the-daily-telegraph-(australia)-wighton-buys-on-513bf020-9e68-11eb-abe9-0242ac160002.txt,The Daily Telegraph (Australia),CHANCELLOR,2020-11-22,Wighton buys on the Tablelands,THE SELL WITH JONATHAN CHANCELLOR,61BY-P771-JD3N-52FX-00000-00
the-daily-telegraph-(australia)-golden-opportunity-513cbe24-9e68-11eb-abe9-0242ac160002.txt,The Daily Telegraph (Australia),SPORT,2020-07-10,Golden opportunity,MATTY JOHNS,609Y-TYB1-JD3N-51PP-00000-00
the-daily-telegraph-(australia)-letters-to-the-513e0a2c-9e68-11eb-abe9-0242ac160002.txt,The Daily Telegraph (Australia),LETTERS,2020-06-02,LETTERS TO THE EDITOR,,601V-XXF1-F0JP-W1K3-00000-00
the-daily-telegraph-(australia)-letters-to-the-513f6214-9e68-11eb-abe9-0242ac160002.txt,The Daily Telegraph (Australia),LETTERS,2020-07-24,Letters to the Editor,,60DY-GDX1-F0JP-W1GS-00000-00
the-daily-telegraph-(australia)-letters-to-the-5140c168-9e68-11eb-abe9-0242ac160002.txt,The Daily Telegraph (Australia),LETTERS,2020-04-30,LETTERS TO THE EDITOR,,5YSP-M6T1-JD3N-5551-00000-00
the-daily-telegraph-(australia)-letters-51422f12-9e68-11eb-abe9-0242ac160002.txt,The Daily Telegraph (Australia),LETTERS,2020-10-27,LETTERS,,6156-G6J1-F0JP-W30P-00000-00
the-daily-telegraph-(australia)-twig-links-put-51435bc6-9e68-11eb-abe9-0242ac160002.txt,The Daily Telegraph (Australia),NEWS,2020-05-01,TWIG LINKS PUT TO TEST,"MIRANDA DEVINE, EXCLUSIVE",5YSX-KH71-JD3N-51N6-00000-00
the-daily-telegraph-(australia)-unprecedented-injury-toll-514452c4-9e68-11eb-abe9-0242ac160002.txt,The Daily Telegraph (Australia),SPORT,2020-08-15,UNPRECEDENTED INJURY TOLL IS ROBBING GAME OF ITS STARS,PHIL ROTHFIELD,60KM-VHF1-F0JP-W1FY-00000-00
the-daily-telegraph-(australia)-letters-51459242-9e68-11eb-abe9-0242ac160002.txt,The Daily Telegraph (Australia),LETTERS,2020-05-19,Letters,,5YXS-JDJ1-JD3N-5104-00000-00
the-daily-telegraph-(australia)-market-mayhem-5146ccfc-9e68-11eb-abe9-0242ac160002.txt,The Daily Telegraph (Australia),BUSINESS,2020-03-10,MARKET MAYHEM,Peter Taylor MARKETS,5YCT-Y801-F0JP-W1VV-00000-00
the-daily-telegraph-(australia)-talk-is-not-51478cb4-9e68-11eb-abe9-0242ac160002.txt,The Daily Telegraph (Australia),NEWS,2021-01-26,Talk is not that cheap,CLARE ARMSTRONG,61VK-TWJ1-F0JP-W21K-00000-00
the-daily-telegraph-(australia)-letters-to-the-5148e442-9e68-11eb-abe9-0242ac160002.txt,The Daily Telegraph (Australia),LETTERS,2020-04-02,LETTERS TO THE EDITOR,,5YJR-BRC1-F0JP-W1GG-00000-00
the-daily-telegraph-(australia)-china-warns-inquiry-5149ad8c-9e68-11eb-abe9-0242ac160002.txt,The Daily Telegraph (Australia),NEWS,2020-04-28,China warns inquiry may set off boycott,Clare Armstrong,5YS8-KP51-JD3N-53WY-00000-00
the-daily-telegraph-(australia)-letters-to-the-514b49bc-9e68-11eb-abe9-0242ac160002.txt,The Daily Telegraph (Australia),LETTERS,2020-11-30,LETTERS TO THE EDITOR,,61DF-GFH1-JD3N-51NK-00000-00
the-daily-telegraph-(australia)-hotel-covid-cluster-514beea8-9e68-11eb-abe9-0242ac160002.txt,The Daily Telegraph (Australia),NEWS,2020-08-19,Hotel COVID cluster a family affair,LANE SAINTY,60MG-RBJ1-F0JP-W1BG-00000-00
the-daily-telegraph-(australia)-trump-claim-splits-514cff64-9e68-11eb-abe9-0242ac160002.txt,The Daily Telegraph (Australia),NEWS,2020-05-06,TRUMP CLAIM SPLITS SPIES,SHARRI MARKSON,5YV3-J3X1-F0JP-W325-00000-00
the-daily-telegraph-(australia)-hack-a-giant-514e1174-9e68-11eb-abe9-0242ac160002.txt,The Daily Telegraph (Australia),NEWS,2020-06-21,Hack a giant power play,Annika Smethurst,6064-DX11-F0JP-W0GR-00000-00
the-daily-telegraph-(australia)-secret-hidden-under-514ef94a-9e68-11eb-abe9-0242ac160002.txt,The Daily Telegraph (Australia),NEWS,2020-11-22,SECRET HIDDEN UNDER CLASSIC,PATRICK CARLYON,61BY-P771-JD3N-528X-00000-00
the-daily-telegraph-(australia)-league_s-fastest-caught-514fccee-9e68-11eb-abe9-0242ac160002.txt,The Daily Telegraph (Australia),SPORTSPREAD,2020-05-03,League's fastest caught speeding,WITH PHIL ROTHFIELD TWITTER @BuzzRothfield EMAIL  PHILIP.Rothfield@news.com.au,5YTJ-GVX1-JD3N-51NG-00000-00
the-daily-telegraph-(australia)-letters-to-the-515113a6-9e68-11eb-abe9-0242ac160002.txt,The Daily Telegraph (Australia),LETTERS,2020-07-04,Letters to the Editor,,608P-0S41-F0JP-W1XG-00000-00
the-daily-telegraph-(australia)-soft-power-prices-515253ec-9e68-11eb-abe9-0242ac160002.txt,The Daily Telegraph (Australia),BUSINESS,2021-02-05,"Soft power prices hit Origin, AGL","Lachlan Moffet Gray, Perry Williams",61XR-KX91-JD3N-54YK-00000-00
the-daily-telegraph-(australia)-letters-to-the-51538096-9e68-11eb-abe9-0242ac160002.txt,The Daily Telegraph (Australia),LETTERS,2021-01-08,LETTERS TO THE EDITOR,,61PS-DVT1-JD3N-550C-00000-00
the-daily-telegraph-(australia)-buy-together-or-5154cbd6-9e68-11eb-abe9-0242ac160002.txt,The Daily Telegraph (Australia),OPED,2020-05-16,Buy together or die together,James Morrow,5YX7-GTN1-F0JP-W533-00000-00
the-daily-telegraph-(australia)-one-day-trip-for-515567c6-9e68-11eb-abe9-0242ac160002.txt,The Daily Telegraph (Australia),SPORT,2020-08-22,One-day trip for Origin in Adelaide,BRENT READ,60NJ-K421-F0JP-W3JC-00000-00
the-daily-telegraph-(australia)-when-we-kept-51569146-9e68-11eb-abe9-0242ac160002.txt,The Daily Telegraph (Australia),SATURDAYEXTRA,2020-03-21,WHEN WE KEPT CALM AND QUARANTINED ON,David Mills,5YG5-K871-JD3N-50XS-00000-00
the-daily-telegraph-(australia)-lab-leaks-happen_-51574276-9e68-11eb-abe9-0242ac160002.txt,The Daily Telegraph (Australia),NEWS,2020-06-01,Lab leaks happen: former spy chief,SHARRI MARKSON,601M-YK51-JD3N-51Y7-00000-00
the-daily-telegraph-(australia)-snyder-cut-in-5157edac-9e68-11eb-abe9-0242ac160002.txt,The Daily Telegraph (Australia),SPOTLIGHT,2021-03-21,Snyder cut in a league of its own,DUNCAN LAY,6286-2SP1-F0JP-W04B-00000-00
the-daily-telegraph-(australia)-innovation-makes-sport-5158b0ac-9e68-11eb-abe9-0242ac160002.txt,The Daily Telegraph (Australia),LETTERS,2020-11-01,Innovation makes sport a pandemic success story,,616G-CD91-F0JP-W2GB-00000-00
the-daily-telegraph-(australia)-uk-health-expert-51597564-9e68-11eb-abe9-0242ac160002.txt,The Daily Telegraph (Australia),NEWS,2020-05-08,UK health expert tipped for virus inquiry,Clare Armstrong,5YVD-CR21-F0JP-W1NR-00000-00
the-daily-telegraph-(australia)-dangerous-dozen-in-515a2fae-9e68-11eb-abe9-0242ac160002.txt,The Daily Telegraph (Australia),NEWS,2020-08-06,DANGEROUS DOZEN IN NSW,,60HR-44H1-F0JP-W0Y1-00000-00
the-daily-telegraph-(australia)-origin-of-nsw-515adf1c-9e68-11eb-abe9-0242ac160002.txt,The Daily Telegraph (Australia),NEWS,2020-10-03,Origin of NSW cases revealed,Erin Lyons,6103-BC51-F0JP-W1TK-00000-00
the-daily-telegraph-(australia)-is-two-gfs-515ba46a-9e68-11eb-abe9-0242ac160002.txt,The Daily Telegraph (Australia),SPORT,2020-04-06,Is two GFs in Queensland just bananas,"GREAT DEBATE WITH CHRIS HONNERY AND DEAN RITCHIE, THE SCORE",5YKK-9S61-JD3N-52CD-00000-00
the-daily-telegraph-(australia)-pandemic-disrupts-flow-515c5ec8-9e68-11eb-abe9-0242ac160002.txt,The Daily Telegraph (Australia),NEWS,2020-08-17,Pandemic disrupts flow of dirty cash,EXCLUSIVE MARK MORRI,60M2-SY91-F0JP-W0BN-00000-00
the-daily-telegraph-(australia)-players_-time-to-515d3528-9e68-11eb-abe9-0242ac160002.txt,The Daily Telegraph (Australia),SPORTKENT,2020-04-25,Players' time to stand up,Paul Kent,5YRM-PF81-JD3N-555M-00000-00
the-daily-telegraph-(australia)-world-is-taking-515e1844-9e68-11eb-abe9-0242ac160002.txt,The Daily Telegraph (Australia),13OPINION,2020-05-30,World is taking notice,Sharri,6017-19W1-F0JP-W32Y-00000-00
the-daily-telegraph-(australia)-joey_s-message-loud-515f219e-9e68-11eb-abe9-0242ac160002.txt,The Daily Telegraph (Australia),SPORT,2020-06-11,JOEY'S MESSAGE LOUD & CLEAR,DEAN RITCHIE,603S-RNT1-F0JP-W30R-00000-00
the-daily-telegraph-(australia)-china-army-link-5160353e-9e68-11eb-abe9-0242ac160002.txt,The Daily Telegraph (Australia),NEWS,2020-05-07,CHINA ARMY LINK TO BATS,"SHARRI MARKSON & ASHLEIGH GLEESON, EXCLUSIVE",5YV6-DJD1-F0JP-W01V-00000-00
the-daily-telegraph-(australia)-fears-home-to-51610572-9e68-11eb-abe9-0242ac160002.txt,The Daily Telegraph (Australia),NEWS,2020-08-09,Fears home to roost at farmers market,Ben Pike,60JJ-XHJ1-JD3N-54S0-00000-00
the-daily-telegraph-(australia)-ban-bat-study-5161ba80-9e68-11eb-abe9-0242ac160002.txt,The Daily Telegraph (Australia),NEWS,2020-05-04,BAN BAT STUDY IN OZ,SHARRI MARKSON,5YTJ-GVX1-JD3N-51VF-00000-00
the-daily-telegraph-(australia)-big-blues-bonus-516252c4-9e68-11eb-abe9-0242ac160002.txt,The Daily Telegraph (Australia),SPORT,2020-06-25,Big Blues bonus for Freddy,Scott Bailey,606S-B901-JD3N-53FR-00000-00
the-daily-telegraph-(australia)-next-move-real-5162fc60-9e68-11eb-abe9-0242ac160002.txt,The Daily Telegraph (Australia),SPORT,2020-05-25,NEXT MOVE REAL CROWD-PLEASER,"PAUL CRAWLEY, EXCLUSIVE",6005-5BK1-JD3N-52MR-00000-00
the-daily-telegraph-(australia)-red-army-virus-5163b970-9e68-11eb-abe9-0242ac160002.txt,The Daily Telegraph (Australia),NEWS,2020-05-11,RED ARMY VIRUS PROBE,"SHARRI MARKSON, EXCLUSIVE",5YW2-9561-F0JP-W23C-00000-00
the-daily-telegraph-(australia)-adelaide-clash-set-51646582-9e68-11eb-abe9-0242ac160002.txt,The Daily Telegraph (Australia),SPORT,2020-04-04,Adelaide clash set to go south,PETER BADEL & TRAVIS MEYN,5YK5-7D61-F0JP-W2GR-00000-00
the-daily-telegraph-(australia)-letters-to-the-51658dc2-9e68-11eb-abe9-0242ac160002.txt,The Daily Telegraph (Australia),LETTERS,2020-07-28,Letters to the Editor,,60FT-9861-JD3N-51FF-00000-00
the-daily-telegraph-(australia)-tv-detective-51668eb6-9e68-11eb-abe9-0242ac160002.txt,The Daily Telegraph (Australia),LIFESTYLE,2021-03-21,TV DETECTIVE,"Siobhan Duck, Cameron Adams, Kathy McCabe, Lisa Woolford, Holly Byrnes",6286-2SP1-F0JP-W01J-00000-00
the-daily-telegraph-(australia)-letters-5167978e-9e68-11eb-abe9-0242ac160002.txt,The Daily Telegraph (Australia),LETTERS,2021-01-13,Letters,,61RV-8NJ1-JD3N-5539-00000-00
the-daily-telegraph-(australia)-maroons_-best-their-516848f0-9e68-11eb-abe9-0242ac160002.txt,The Daily Telegraph (Australia),BACKPAGE,2020-11-04,Maroons' best their only hope,DAVID RICCIO,616X-7RB1-F0JP-W1JG-00000-00
the-daily-telegraph-(australia)-the-new-fight-5169e642-9e68-11eb-abe9-0242ac160002.txt,The Daily Telegraph (Australia),SATURDAYEXTRASPREAD,2020-04-18,THE NEW FIGHT FOR THE PACIFIC,CHARLES MIRANDA,5YP4-YYM1-F0JP-W1KC-00000-00
the-daily-telegraph-(australia)-letters-to-the-516b19b8-9e68-11eb-abe9-0242ac160002.txt,The Daily Telegraph (Australia),LETTERS,2021-01-05,LETTERS TO THE EDITOR,,61P4-H4T1-F0JP-W0CT-00000-00
the-daily-telegraph-(australia)-tv-detective-516c162e-9e68-11eb-abe9-0242ac160002.txt,The Daily Telegraph (Australia),LIFESTYLE,2020-06-21,TV DETECTIVE,HOLLY BYRNES,6064-DX11-F0JP-W0S4-00000-00
the-daily-telegraph-(australia)-right-to-take-516d42b0-9e68-11eb-abe9-0242ac160002.txt,The Daily Telegraph (Australia),13OPINION,2020-07-11,Right to take on China,SHARRI MARKSON,60B5-SW41-JD3N-51D2-00000-00
the-daily-telegraph-(australia)-pm-backs-inquiry-516e4836-9e68-11eb-abe9-0242ac160002.txt,The Daily Telegraph (Australia),NEWS,2020-05-02,PM backs inquiry as Trump claims evidence supports theory virus escaped from Wuhan lab,,5YT4-GMK1-JD3N-520P-00000-00
the-daily-telegraph-(australia)-final-play-on-516f2d32-9e68-11eb-abe9-0242ac160002.txt,The Daily Telegraph (Australia),NEWS,2021-01-14,Final play on Wuhan lab's links,,61S2-5VR1-JD3N-541R-00000-00
the-daily-telegraph-(australia)-rich-pickings-in-517009d2-9e68-11eb-abe9-0242ac160002.txt,The Daily Telegraph (Australia),SPORT,2020-05-28,RICH PICKINGS IN A BARGAIN HUNT,Trent Copeland,600T-32C1-JD3N-52FH-00000-00
the-daily-telegraph-(australia)-nrl_s-origin-energy-5170ecbc-9e68-11eb-abe9-0242ac160002.txt,The Daily Telegraph (Australia),SPORT,2020-04-04,NRL'S ORIGIN ENERGY,"Peter Badel, EXCLUSIVE",5YK5-7D61-F0JP-W2D9-00000-00
the-daily-telegraph-(australia)-a-sleeper-threat-5171fddc-9e68-11eb-abe9-0242ac160002.txt,The Daily Telegraph (Australia),OPED,2020-06-16,A sleeper threat to society,JASON THOMAS,604V-KJF1-JD3N-51W4-00000-00
the-daily-telegraph-(australia)-take-action-and-51730ede-9e68-11eb-abe9-0242ac160002.txt,The Daily Telegraph (Australia),YOURMONEY,2020-03-30,Take action and reach out in these tough times,LAUREN AHWAN,5YJ3-8TR1-JD3N-5351-00000-00
the-daily-telegraph-(australia)-halt-joint-virus-5173f1c8-9e68-11eb-abe9-0242ac160002.txt,The Daily Telegraph (Australia),NEWS,2020-05-04,Halt joint virus lab projects: Senator,"EXCLUSIVE, SHARRI MARKSON",5YTJ-GVX1-JD3N-51V6-00000-00
the-daily-telegraph-(australia)-letters-5175248a-9e68-11eb-abe9-0242ac160002.txt,The Daily Telegraph (Australia),LETTERS,2020-11-16,Letters,,619F-WYC1-F0JP-W50K-00000-00
the-daily-telegraph-(australia)-the-chinese-checkers-51761822-9e68-11eb-abe9-0242ac160002.txt,The Daily Telegraph (Australia),INDEX,2020-04-20,The Chinese checkers,Clare Armstrong,5YPJ-X7H1-F0JP-W12M-00000-00
the-daily-telegraph-(australia)-we-can-build-517717a4-9e68-11eb-abe9-0242ac160002.txt,The Daily Telegraph (Australia),OPED,2020-09-02,We can build it,MARK MOREY,60RG-7RS1-JD3N-51Y3-00000-00
the-daily-telegraph-(australia)-morris-under-the-5177cd52-9e68-11eb-abe9-0242ac160002.txt,The Daily Telegraph (Australia),SPORTBUZZ,2020-06-07,Morris under the pump at Sharks,WHAT'S THE BUZZ WITH PHIL ROTHFIELD,602X-SM01-F0JP-W3RM-00000-00
the-daily-telegraph-(australia)-origin-toadblock-5178975a-9e68-11eb-abe9-0242ac160002.txt,The Daily Telegraph (Australia),BACKPAGE,2020-04-15,ORIGIN TOADBLOCK,Nick Walshaw,5YNM-56N1-F0JP-W3K5-00000-00
the-daily-telegraph-(australia)-perfect-panthers-top-51795776-9e68-11eb-abe9-0242ac160002.txt,The Daily Telegraph (Australia),LEAGUECENTRAL,2020-07-23,PERFECT PANTHERS TOP OF THE CLASS,THE CRAWLEY FILES WITH PAUL CRAWLEY,60DR-HB51-F0JP-W199-00000-00
the-daily-telegraph-(australia)-a-grudge-bonanza-517a39f2-9e68-11eb-abe9-0242ac160002.txt,The Daily Telegraph (Australia),SPORT,2020-11-26,A grudge bonanza with fixtures full of needle,Michael Carayannis,61CK-NVJ1-F0JP-W52D-00000-00
the-daily-telegraph-(australia)-daine_s-great-test-517af590-9e68-11eb-abe9-0242ac160002.txt,The Daily Telegraph (Australia),SPORT,2021-03-21,DAINE'S GREAT TEST,Nick Walshaw,6286-2SP1-F0JP-W07N-00000-00
the-daily-telegraph-(australia)-save-our-game-517c0160-9e68-11eb-abe9-0242ac160002.txt,The Daily Telegraph (Australia),SPORTBUZZ,2020-05-11,SAVE OUR GAME,BUZZ ROTHFIELD,5YW2-9561-F0JP-W238-00000-00
the-daily-telegraph-(australia)-nrl-star_-_i-517cea94-9e68-11eb-abe9-0242ac160002.txt,The Daily Telegraph (Australia),SPORT,2020-03-25,NRL STAR: 'I COULD BE BACK ON THE TOOLS THIS YEAR',Nick Walshaw,5YH1-H4J1-JD3N-51JY-00000-00
the-daily-telegraph-(australia)-banana-bending-the-517dad94-9e68-11eb-abe9-0242ac160002.txt,The Daily Telegraph (Australia),SPORT,2020-11-13,BANANA BENDING THE RULES,EXCLUSIVE TRAVIS MEYN,618V-2NX1-F0JP-W3Y4-00000-00
the-daily-telegraph-(australia)-why-brand-martin-517eeeca-9e68-11eb-abe9-0242ac160002.txt,The Daily Telegraph (Australia),SPORT,2020-12-06,WHY BRAND MARTIN IS IN HIGH DEMAND,Michael Warner,61FY-8PP1-JD3N-51SR-00000-00
the-daily-telegraph-(australia)-what_s-the-buzz-517fa982-9e68-11eb-abe9-0242ac160002.txt,The Daily Telegraph (Australia),SPORT,2021-04-11,WHAT'S THE BUZZ,"WHAT'S THE BUZZ, PHIL ROTHFIELD",62DT-VK71-F0JP-W2D9-00000-00
the-daily-telegraph-(australia)-wuhan-gets-free-51808f28-9e68-11eb-abe9-0242ac160002.txt,The Daily Telegraph (Australia),NEWS,2020-08-28,WUHAN GETS FREE PASS,CLARE ARMSTRONG,60PD-CSC1-JD3N-5062-00000-00
the-daily-telegraph-(australia)-fairfax-buy-back-51814738-9e68-11eb-abe9-0242ac160002.txt,The Daily Telegraph (Australia),CHANCELLOR,2020-11-08,Fairfax buy back,"JONATHAN CHANCELLOR, THE SELL",6180-5RB1-F0JP-W0ST-00000-00
the-daily-telegraph-(australia)-players_-nrl-hopeful-5181dfc2-9e68-11eb-abe9-0242ac160002.txt,The Daily Telegraph (Australia),SPORTCONFIDENTIAL,2020-07-31,"Players, NRL hopeful of cost-cutting consensus",SPORT CONFIDENTIAL with Michael Carayannis & Paul Kent,60GF-6TT1-JD3N-51SM-00000-00
the-daily-telegraph-(australia)-coronavirus-cover-up_-5182e4b2-9e68-11eb-abe9-0242ac160002.txt,The Daily Telegraph (Australia),NEWS,2021-02-11,CORONAVIRUS COVER-UP?,JAMES MORROW FEDERAL POLITICAL EDITOR,6201-F1F1-F0JP-W3K7-00000-00
the-daily-telegraph-(australia)-a-song-in-5184093c-9e68-11eb-abe9-0242ac160002.txt,The Daily Telegraph (Australia),SPORT,2020-11-19,A song in our hearts again,WILL SWANTON,61B3-TV11-F0JP-W20Y-00000-00
the-daily-telegraph-(australia)-the-gene-light-5184f554-9e68-11eb-abe9-0242ac160002.txt,The Daily Telegraph (Australia),NEWS,2020-04-18,The gene light to go after virus,GRANT MCARTHUR,5YPP-13H1-JD3N-52P6-00000-00
the-daily-telegraph-(australia)-where-are-they-5185daaa-9e68-11eb-abe9-0242ac160002.txt,The Daily Telegraph (Australia),SPORT,2020-08-22,WHERE ARE THEY NOW,,60N4-N0S1-JD3N-5249-00000-00
the-daily-telegraph-(australia)-walters-still-hopeful-5186e62a-9e68-11eb-abe9-0242ac160002.txt,The Daily Telegraph (Australia),SPORT,2020-04-20,Walters still hopeful for a Suncorp Origin to celebrate Beetson,PETER BADEL,5YPJ-X7H1-F0JP-W112-00000-00
the-daily-telegraph-(australia)-difference-of-opinion-5187e37c-9e68-11eb-abe9-0242ac160002.txt,The Daily Telegraph (Australia),13OPINION,2020-05-09,Difference of opinion,Sharri,5YVM-8W81-F0JP-W1T2-00000-00
the-daily-telegraph-(australia)-letters-to-the-518967ce-9e68-11eb-abe9-0242ac160002.txt,The Daily Telegraph (Australia),LETTERS,2020-08-26,Letters to the Editor,,60P0-HN91-JD3N-51PG-00000-00
the-daily-telegraph-(australia)-league_s-_20m-bill-518a2376-9e68-11eb-abe9-0242ac160002.txt,The Daily Telegraph (Australia),NEWS,2020-07-05,League's $20m bill includes nannies,"DAVID RICCIO, EXCLUSIVE",6093-Y571-F0JP-W36Y-00000-00
the-daily-telegraph-(australia)-21-players-set-518af0f8-9e68-11eb-abe9-0242ac160002.txt,The Daily Telegraph (Australia),SPORT,2020-12-21,21 players set to shine in 2021,Rob Sutherland and Wilson Smith,61JX-W9M1-F0JP-W1WR-00000-00
the-daily-telegraph-(australia)-letters-to-the-518c57c2-9e68-11eb-abe9-0242ac160002.txt,The Daily Telegraph (Australia),OPED,2020-08-29,LETTERS TO THE EDITOR,,60PM-F3W1-F0JP-W108-00000-00
the-daily-telegraph-(australia)-nrl-cuts-nines-518d03f2-9e68-11eb-abe9-0242ac160002.txt,The Daily Telegraph (Australia),SPORT,2020-08-08,NRL CUTS NINES BUT SAVES THE ALL-STARS,Michael Carayannis,60J5-02R1-JD3N-52YN-00000-00
the-daily-telegraph-(australia)-bordering-on-insanity-518df0b4-9e68-11eb-abe9-0242ac160002.txt,The Daily Telegraph (Australia),13OPINION,2020-05-22,Bordering on insanity,ANNA CALDWELL,5YYH-9WY1-JD3N-51KF-00000-00
the-daily-telegraph-(australia)-covid-chaos-strategy-518f24ac-9e68-11eb-abe9-0242ac160002.txt,The Daily Telegraph (Australia),NEWS,2020-05-16,COVID CHAOS STRATEGY,"SHARRI MARKSON, EXCLUSIVE",5YXN-C2V1-JD3N-51G9-00000-00
the-daily-telegraph-(australia)-it_s-familiar-faces-518fff44-9e68-11eb-abe9-0242ac160002.txt,The Daily Telegraph (Australia),SPORTCONFIDENTIAL,2020-12-11,IT'S FAMILIAR FACES IN UNFAMILIAR PLACES,Fatima Kdouh,61GT-7R01-F0JP-W2VN-00000-00
the-daily-telegraph-(australia)-lockdown-sparks-dip-5191a8ee-9e68-11eb-abe9-0242ac160002.txt,The Daily Telegraph (Australia),BUSINESS,2021-03-30,Lockdown sparks dip in market,REBECCA LE MAY,62B2-2K61-JD3N-526C-00000-00
the-daily-telegraph-(australia)-bubble-finally-bursts-519251d6-9e68-11eb-abe9-0242ac160002.txt,The Daily Telegraph (Australia),SPORT,2020-09-27,Bubble finally bursts as NRL players prepare to live 'normal' life again,Michael Carayannis,60Y1-JMM1-F0JP-W4BT-00000-00
the-daily-telegraph-(australia)-praise-for-chinese-51936968-9e68-11eb-abe9-0242ac160002.txt,The Daily Telegraph (Australia),BUSINESS,2020-05-22,Praise for Chinese checkers,"NICK EVANS AND GEOFF CHAMBERS, TRADE",5YYH-9WY1-JD3N-51KN-00000-00
the-daily-telegraph-(australia)-dangerous-dozen-in-5194463a-9e68-11eb-abe9-0242ac160002.txt,The Daily Telegraph (Australia),NEWS,2020-08-06,DANGEROUS DOZEN IN NSW,,60HR-44H1-F0JP-W11D-00000-00
the-daily-telegraph-(australia)-political-cover-up-will-51953c3e-9e68-11eb-abe9-0242ac160002.txt,The Daily Telegraph (Australia),CREDLIN,2020-10-11,Political cover-up will always get you,Peta Credlin,6120-XG71-F0JP-W32K-00000-00
wish-magazine-fashion-forward-5196d562-9e68-11eb-abe9-0242ac160002.txt,Wish Magazine,,2020-07-10,FASHION FORWARD,MILANDA ROUT,609Y-TYB1-JD3N-5275-00000-00
the-daily-telegraph-(australia)-adelaide-origin-to-51979cea-9e68-11eb-abe9-0242ac160002.txt,The Daily Telegraph (Australia),SPORT,2020-03-19,Adelaide Origin to be axed,Peter Badel,5YFR-NWX1-JD3N-5121-00000-00
the-daily-telegraph-(australia)-confusion-institute-519871e2-9e68-11eb-abe9-0242ac160002.txt,The Daily Telegraph (Australia),OPED,2020-12-15,Confusion institute,Leonie McKeon,61HN-4B41-JD3N-51SR-00000-00
the-daily-telegraph-(australia)-the-west-is-51994d9c-9e68-11eb-abe9-0242ac160002.txt,The Daily Telegraph (Australia),OPED,2020-05-02,The west is turning red,Jane Marwick,5YT4-GMK1-JD3N-51Y7-00000-00
the-daily-telegraph-(australia)-todd-knows-origin-5199fba2-9e68-11eb-abe9-0242ac160002.txt,The Daily Telegraph (Australia),CLASSIFIEDS,2020-08-17,Todd knows origin of compliment,Wayne Smith,60M2-SY91-F0JP-W098-00000-00
the-daily-telegraph-(australia)-don_t-be-a-519b2b8a-9e68-11eb-abe9-0242ac160002.txt,The Daily Telegraph (Australia),OPED,2020-06-17,Don't be a slave to China,Clive Hamilton,6052-GK91-F0JP-W1YF-00000-00
the-daily-telegraph-(australia)-we-sink-they-519c7b2a-9e68-11eb-abe9-0242ac160002.txt,The Daily Telegraph (Australia),NEWS,2020-08-19,WE SINK THEY SWIM,Clare Armstrong & Angira Bharadwaj,60MG-RBJ1-F0JP-W1BF-00000-00
the-daily-telegraph-(australia)-american-official-revives-519d98e8-9e68-11eb-abe9-0242ac160002.txt,The Daily Telegraph (Australia),NEWS,2021-01-04,American official revives lab theory,,61NX-FX21-F0JP-W1XY-00000-00
the-daily-telegraph-(australia)-cry-bully-in-a-519e8118-9e68-11eb-abe9-0242ac160002.txt,The Daily Telegraph (Australia),LETTERS,2020-08-27,Cry-bully in a China shop,,60P6-DMP1-F0JP-W08M-00000-00
the-daily-telegraph-(australia)-gal-v-hunt-519f5264-9e68-11eb-abe9-0242ac160002.txt,The Daily Telegraph (Australia),SPORT,2020-07-08,Gal v Hunt in Fright Night,Jamie Pandaram,609H-WDK1-F0JP-W1RK-00000-00
the-daily-telegraph-(australia)-five-trades-allowed-519ff3ea-9e68-11eb-abe9-0242ac160002.txt,The Daily Telegraph (Australia),WRAP,2020-05-24,FIVE TRADES ALLOWED AND OTHER CHANGES SINCE BREAK - NRL 2020 2.0,,6005-D1G1-JD3N-54PG-00000-00
the-daily-telegraph-(australia)-scomo_s-gang-of-51a0e444-9e68-11eb-abe9-0242ac160002.txt,The Daily Telegraph (Australia),NEWS,2020-05-18,SCOMO'S GANG OF 62,CLARE ARMSTRONG & SHARRI MARKSON,5YXN-F5N1-F0JP-W01S-00000-00
the-daily-telegraph-(australia)-what_s-the-buzz-51a1c062-9e68-11eb-abe9-0242ac160002.txt,The Daily Telegraph (Australia),SPORTBUZZ,2020-06-21,WHAT'S THE BUZZ,WHAT'S THE BUZZ WITH PHIL ROTHFIELD,6064-DX11-F0JP-W0G7-00000-00
the-daily-telegraph-(australia)-china-army-in-51a2f586-9e68-11eb-abe9-0242ac160002.txt,The Daily Telegraph (Australia),NEWS,2020-05-11,CHINA ARMY IN LAB LINKS,"SHARRI MARKSON, EXCLUSIVE",5YW5-G9W1-JD3N-52M9-00000-00
the-daily-telegraph-(australia)-sack-or-back-51a3baac-9e68-11eb-abe9-0242ac160002.txt,The Daily Telegraph (Australia),SPORTCOL,2020-06-21,SACK OR BACK,LOCKER ROOM with Chief Sports Writer DAVID RICCIO,6064-DX11-F0JP-W0GT-00000-00
the-daily-telegraph-(australia)-aussie-links-to-51a4ddf6-9e68-11eb-abe9-0242ac160002.txt,The Daily Telegraph (Australia),NEWS,2020-04-28,AUSSIE LINKS TO BAT LAB DUO,"EXCLUSIVE SHARRI MARKSON, Additional reporting: Gabrielle Stricker-Phelps",5YSC-M1R1-F0JP-W16J-00000-00
the-daily-telegraph-(australia)-good_-bad-and-51a62968-9e68-11eb-abe9-0242ac160002.txt,The Daily Telegraph (Australia),CONFIDENTIAL,2020-12-12,"Good, bad and the ugly",SATURDAY CONFIDENTIAL EDITED BY AMY HARRIS,61H1-4N91-F0JP-W1SF-00000-00
the-daily-telegraph-(australia)-beijing_s-barley-blow-51a70ba8-9e68-11eb-abe9-0242ac160002.txt,The Daily Telegraph (Australia),NEWS,2020-05-11,Beijing's barley blow to farmers,Tamsin Rose,5YW2-9561-F0JP-W241-00000-00
the-daily-telegraph-(australia)-the-left_s-_noble_-51a861b0-9e68-11eb-abe9-0242ac160002.txt,The Daily Telegraph (Australia),COLUMNIST,2021-01-07,The left's 'noble' lies,James Morrow,61PJ-FPJ1-F0JP-W3KM-00000-00
the-daily-telegraph-(australia)-watch-&-wait-51a949ea-9e68-11eb-abe9-0242ac160002.txt,The Daily Telegraph (Australia),SPOTLIGHT,2020-10-18,WATCH & WAIT,"DUNCAN LAY, ENTERTAINMENT WRITER",613G-PVG1-JD3N-53HF-00000-00
the-daily-telegraph-(australia)-twiggy_s-big-kowtow-51aa6118-9e68-11eb-abe9-0242ac160002.txt,The Daily Telegraph (Australia),13OPINION,2020-05-06,Twiggy's big kowtow,"MIRANDA DEVINE, LIVE FROM NYC",5YV0-C7F1-F0JP-W3YS-00000-00
the-daily-telegraph-(australia)-tv-detective-51ab4b32-9e68-11eb-abe9-0242ac160002.txt,The Daily Telegraph (Australia),LIFESTYLE,2021-03-14,TV DETECTIVE,Holly Byrnes,626V-GWN1-F0JP-W0WV-00000-00
the-daily-telegraph-(australia)-coming-to-the-51abf604-9e68-11eb-abe9-0242ac160002.txt,The Daily Telegraph (Australia),SPORT,2020-03-26,Coming to the aid of a mate could be the best thing you do,"HAYDEN KNOWLE, S PENRITH PANTHERS HEAD OF PERFORMANCE & NSW ORIGIN TEAM",5YH7-G8M1-JD3N-53XW-00000-00
the-daily-telegraph-(australia)-china_s-batty-record-51ad4504-9e68-11eb-abe9-0242ac160002.txt,The Daily Telegraph (Australia),NEWS,2020-05-02,CHINA'S BATTY RECORD,"SHARRI MARKSON, EXCLUSIVE",5YT4-GMK1-JD3N-51X9-00000-00
the-daily-telegraph-(australia)-major-events-every-51ae898c-9e68-11eb-abe9-0242ac160002.txt,The Daily Telegraph (Australia),NEWS,2020-06-28,MAJOR EVENTS EVERY MONTH,"PHIL ROTHFIELD, SPORTS EDITOR-AT-LARGE, EXCLUSIVE",607D-9YG1-F0JP-W0TN-00000-00
the-daily-telegraph-(australia)-origin-toad-block-51af4782-9e68-11eb-abe9-0242ac160002.txt,The Daily Telegraph (Australia),BACKPAGE,2020-04-15,ORIGIN TOAD BLOCK,Nick Walshaw,5YNH-2FT1-JD3N-53W1-00000-00
the-daily-telegraph-(australia)-aussie-among-team-51b04880-9e68-11eb-abe9-0242ac160002.txt,The Daily Telegraph (Australia),NEWS,2021-01-19,Aussie among team to probe virus origins in Wuhan,Anton Nilsson,61T4-1T21-F0JP-W3PY-00000-00
the-daily-telegraph-(australia)-time-to-abolish-51b11a1c-9e68-11eb-abe9-0242ac160002.txt,The Daily Telegraph (Australia),OPED,2020-08-09,Time to abolish them all,Peter Gleeson,60JJ-XHJ1-JD3N-54PX-00000-00
the-daily-telegraph-(australia)-infection-inspectors-push-51b212f0-9e68-11eb-abe9-0242ac160002.txt,The Daily Telegraph (Australia),NEWS,2020-05-19,Infection inspectors push,Clare Armstrong,5YXS-JDJ1-JD3N-5107-00000-00
the-daily-telegraph-(australia)-manly-prospect_s-now-51b2c6b4-9e68-11eb-abe9-0242ac160002.txt,The Daily Telegraph (Australia),SPORT,2020-08-16,MANLY PROSPECT'S NOW A WARRIOR,,60M2-SY81-F0JP-W55B-00000-00
the-daily-telegraph-(australia)-tszyu_-gallen-to-51b39bd4-9e68-11eb-abe9-0242ac160002.txt,The Daily Telegraph (Australia),SPORT,2020-12-15,"Tszyu, Gallen to create viewer record",Jamie Pandaram,61HN-4B41-JD3N-51K4-00000-00
the-daily-telegraph-(australia)-safety-beyond-the-51b46c12-9e68-11eb-abe9-0242ac160002.txt,The Daily Telegraph (Australia),LETTERS,2020-05-07,Safety beyond the lab walls,,5YV6-DJD1-F0JP-W01G-00000-00
the-daily-telegraph-(australia)-too-hot-for-51b51b1c-9e68-11eb-abe9-0242ac160002.txt,The Daily Telegraph (Australia),SPORT,2020-06-07,TOO HOT FOR VAL,Travis Meyn,6034-V1S1-JD3N-5233-00000-00
the-daily-telegraph-(australia)-tszyu_-gallen-to-51b5eccc-9e68-11eb-abe9-0242ac160002.txt,The Daily Telegraph (Australia),SPORT,2020-12-15,"Tszyu, Gallen to create viewer record",Jamie Pandaram,61HN-4B41-JD3N-51SC-00000-00
the-daily-telegraph-(australia)-friends-don_t-act-51b70288-9e68-11eb-abe9-0242ac160002.txt,The Daily Telegraph (Australia),OPED,2020-04-29,Friends don't act like this,JAMES MORROW,5YSG-NCC1-F0JP-W48B-00000-00
the-daily-telegraph-(australia)-the-sun-is-51b7d3ac-9e68-11eb-abe9-0242ac160002.txt,The Daily Telegraph (Australia),SPORT,2020-04-03,THE SUN IS SETTIN G ON MEGA TV DEALS,Jessica Halloran,5YJY-7NR1-JD3N-51RX-00000-00
the-daily-telegraph-(australia)-letters-to-the-51b91f5a-9e68-11eb-abe9-0242ac160002.txt,The Daily Telegraph (Australia),LETTERS,2020-11-23,LETTERS TO THE EDITOR,,61BY-P771-JD3N-52SD-00000-00
the-daily-telegraph-(australia)-tweet-&-sour-51bab0b8-9e68-11eb-abe9-0242ac160002.txt,The Daily Telegraph (Australia),NEWS,2020-12-01,TWEET & SOUR LIES,Clare Armstrong,61DN-FX21-JD3N-554C-00000-00
the-daily-telegraph-(australia)-the-short-bites-51bbcec6-9e68-11eb-abe9-0242ac160002.txt,The Daily Telegraph (Australia),SPORTBUZZ,2020-06-07,THE SHORT BITES,WHAT'S THE BUZZ WITH PHIL ROTHFIELD,602X-SM01-F0JP-W3WB-00000-00
the-daily-telegraph-(australia)-pacific-power-play-51bcda8c-9e68-11eb-abe9-0242ac160002.txt,The Daily Telegraph (Australia),SPORTCONFIDENTIAL,2020-05-08,Pacific power play,SPORT CONFIDENTIAL WITH WITH MICHAEL CARAYANNIS & PAUL KENT,5YVD-CR21-F0JP-W1MC-00000-00
the-daily-telegraph-(australia)-covid-origin-mystery-51bda066-9e68-11eb-abe9-0242ac160002.txt,The Daily Telegraph (Australia),NEWS,2021-02-10,COVID origin mystery,KAITLYN HUDSON-O'FARRELL & ZOE SMITH,61YT-FVS1-JD3N-555T-00000-00
the-daily-telegraph-(australia)-_50-tv-sting-51be4d36-9e68-11eb-abe9-0242ac160002.txt,The Daily Telegraph (Australia),SPORTBUZZ,2020-08-02,$50 TV STING TO WATCH KANGAROOS V ALL BLACKS EXHIBITION GAME,WHAT'S THE BUZZ WITH PHIL ROTHFIELD / BUZZ ROTHFIELD,60GW-73W1-JD3N-503X-00000-00
the-daily-telegraph-(australia)-the-short-bites-51bf1d92-9e68-11eb-abe9-0242ac160002.txt,The Daily Telegraph (Australia),SPORTSWRAP,2020-10-25,THE SHORT BITES,WHAT'S THE BUZZ GRAND FINAL EDITION WITH PHIL ROTHFIELD,614S-KY11-F0JP-W3FX-00000-00
the-daily-telegraph-(australia)-concussion-forces-glasby-51bfd534-9e68-11eb-abe9-0242ac160002.txt,The Daily Telegraph (Australia),SPORT,2020-09-20,Concussion forces Glasby to retire,"DAVID RICCIO, CHIEF SPORTS WRITER, EXCLUSIVE",60WH-SCF1-JD3N-512C-00000-00
the-daily-telegraph-(australia)-this-week_-we-51c12024-9e68-11eb-abe9-0242ac160002.txt,The Daily Telegraph (Australia),WORLD,2020-12-06,"This week, we will start to fight back",DAVID MILLS,61FY-8PP1-JD3N-521N-00000-00
the-daily-telegraph-(australia)-corona-myths-51c2179a-9e68-11eb-abe9-0242ac160002.txt,The Daily Telegraph (Australia),NEWS,2020-04-12,CORONA MYTHS,DAVID MEDDOWS,5YN3-4131-F0JP-W391-00000-00
the-daily-telegraph-(australia)-star_s-tik-tok-51c2e486-9e68-11eb-abe9-0242ac160002.txt,The Daily Telegraph (Australia),NEWS,2020-04-30,STAR'S TIK TOK TIME BOMB,"MICHAEL CARAYANNIS, ADAM MOBBS & DANIELLE GUSMAROLI, EXCLUSIVE",5YST-JD51-F0JP-W3N2-00000-00
the-daily-telegraph-(australia)-china-yet-again-51c3f6e6-9e68-11eb-abe9-0242ac160002.txt,The Daily Telegraph (Australia),LETTERS,2020-12-30,China yet again reveals itself,,61MV-P4J1-F0JP-W1YB-00000-00
the-daily-telegraph-(australia)-what_s-your-beef_-51c52692-9e68-11eb-abe9-0242ac160002.txt,The Daily Telegraph (Australia),NEWS,2020-08-27,WHAT'S YOUR BEEF?,Clare Armstrong,60P6-DMP1-F0JP-W04N-00000-00
the-daily-telegraph-(australia)-all-your-covid-19-51ccf6ba-9e68-11eb-abe9-0242ac160002.txt,The Daily Telegraph (Australia),NEWSLIFTOUT,2021-02-21,ALL YOUR COVID-19 JAB QUESTIONS ANSWERED,JANE HANSEN,622C-1YK1-JD3N-548T-00000-00
the-daily-telegraph-(australia)-a-series-of-51cdb1a4-9e68-11eb-abe9-0242ac160002.txt,The Daily Telegraph (Australia),SPORT,2020-04-08,A series of fresh ideas,JAMIE PANDARAM,5YM1-66P1-F0JP-W1H8-00000-00
the-daily-telegraph-(australia)-china-in-cover-up-51ce8e12-9e68-11eb-abe9-0242ac160002.txt,The Daily Telegraph (Australia),NEWS,2020-04-14,China in cover-up of virus source,David Mills,5YN9-3D91-JD3N-51YX-00000-00
the-daily-telegraph-(australia)-pigs-fly-in-51cf77f0-9e68-11eb-abe9-0242ac160002.txt,The Daily Telegraph (Australia),NEWS,2020-12-02,Pigs fly in China's world,TIM BLAIR,61DW-F2P1-JD3N-53P5-00000-00
the-daily-telegraph-(australia)-a-red-sea-51d082c6-9e68-11eb-abe9-0242ac160002.txt,The Daily Telegraph (Australia),NEWS,2020-06-29,A RED SEA OF PACIFIC DEBT,"MATTHEW BENNS, EDITOR-AT-LARGE, EXCLUSIVE",607M-4SM1-JD3N-53GF-00000-00
the-daily-telegraph-(australia)-letters-to-the-51d1eb2a-9e68-11eb-abe9-0242ac160002.txt,The Daily Telegraph (Australia),LETTERS,2020-11-07,LETTERS TO THE EDITOR,,617J-56D1-F0JP-W46X-00000-00
the-daily-telegraph-(australia)-watch-the-future-51d28ba2-9e68-11eb-abe9-0242ac160002.txt,The Daily Telegraph (Australia),NEWS,2020-08-06,Watch the future stars of the NRL in action today,JOCELYN AIRTH,60HR-44H1-F0JP-W0VM-00000-00
the-daily-telegraph-(australia)-what_s-the-buzz-51d36306-9e68-11eb-abe9-0242ac160002.txt,The Daily Telegraph (Australia),SPORT,2021-01-03,WHAT'S THE BUZZ,"WHAT'S THE BUZZ WITH JAMES PHELPS, PHIL ROTHFIELD IS ON LEAVE",61NP-GJD1-F0JP-W4S8-00000-00
the-daily-telegraph-(australia)-not-done-yet-51d41706-9e68-11eb-abe9-0242ac160002.txt,The Daily Telegraph (Australia),RACINGPREVIEWS,2020-06-18,Not done yet - weight and see,DAVID RICCIO,6058-G1J1-JD3N-522Y-00000-00
the-daily-telegraph-(australia)-a-proud-dad-51d4fa54-9e68-11eb-abe9-0242ac160002.txt,The Daily Telegraph (Australia),LEAGUECENTRAL,2020-05-28,A PROUD DAD RIDES WAVE OF EUPHORIA,NICK WALSHAW,600T-32C1-JD3N-52FG-00000-00
the-daily-telegraph-(australia)-covid-chaos-strategy-51d65142-9e68-11eb-abe9-0242ac160002.txt,The Daily Telegraph (Australia),NEWS,2020-05-16,COVID CHAOS STRATEGY,SHARRI MARKSON,5YX7-GTN1-F0JP-W537-00000-00
the-daily-telegraph-(australia)-crowds-back-for-51d73b98-9e68-11eb-abe9-0242ac160002.txt,The Daily Telegraph (Australia),RACINGPREVIEWS,2020-05-04,Crowds back for decider,NICK WALSHAW,5YTJ-GVX1-JD3N-51W5-00000-00
the-daily-telegraph-(australia)-happy-21st-rebirthday-51d7e408-9e68-11eb-abe9-0242ac160002.txt,The Daily Telegraph (Australia),BACKPAGE,2020-04-09,HAPPY 21ST REBIRTHDAY,PAUL CRAWLEY,5YM7-7HD1-JD3N-526W-00000-00
the-daily-telegraph-(australia)-who_s-the-boss_-51d8a46a-9e68-11eb-abe9-0242ac160002.txt,The Daily Telegraph (Australia),NEWS,2021-01-07,WHO's the boss? China blocks COVID team,Maria Bervanakis,61PJ-FPJ1-F0JP-W3BD-00000-00
the-daily-telegraph-(australia)-joey_s-a-lone-51d93c22-9e68-11eb-abe9-0242ac160002.txt,The Daily Telegraph (Australia),NEWS,2020-10-28,JOEY'S A LONE RANGER AMID THE WILD WAVES,Dean Ritchie,615D-FD31-F0JP-W1J2-00000-00
the-daily-telegraph-(australia)-klemmer_s-my-shining-51d9e1a4-9e68-11eb-abe9-0242ac160002.txt,The Daily Telegraph (Australia),RACINGPREVIEWS,2020-05-21,Klemmer's my shining Knight,TOM SANGSTER,5YY9-8MG1-JD3N-522P-00000-00
wish-magazine-a-higher-aim-51daa508-9e68-11eb-abe9-0242ac160002.txt,Wish Magazine,,2020-11-20,A HIGHER AIM,STORY MILANDA ROUT,61B9-SNR1-JD3N-52NJ-00000-00
the-daily-telegraph-(australia)-huge-cost-of-51dbd66c-9e68-11eb-abe9-0242ac160002.txt,The Daily Telegraph (Australia),NEWS,2020-04-29,Huge cost of Beijing's cover-up,"SARAH BLAKE, EXCLUSIVE, ADDITIONAL REPORTING ADELLA BEAINI",5YSH-FYP1-JD3N-52P1-00000-00
the-daily-telegraph-(australia)-a-decade-of-51dcc34c-9e68-11eb-abe9-0242ac160002.txt,The Daily Telegraph (Australia),INSIGHT,2020-05-23,A decade of growth,DANIEL WALTON,5YYR-95P1-F0JP-W17T-00000-00
the-daily-telegraph-(australia)-australia-joins-select-51dd9772-9e68-11eb-abe9-0242ac160002.txt,The Daily Telegraph (Australia),NEWS,2020-05-08,Australia joins select group of flatliners,Clare Armstrong,5YVD-CR21-F0JP-W1RB-00000-00
the-daily-telegraph-(australia)-china_s-fatal-blow-51de94ce-9e68-11eb-abe9-0242ac160002.txt,The Daily Telegraph (Australia),NEWS,2021-03-28,China's fatal blow to our wine,,629V-1B61-JD3N-524R-00000-00
the-daily-telegraph-(australia)-_pollies-love-sport_-51df5184-9e68-11eb-abe9-0242ac160002.txt,The Daily Telegraph (Australia),NEWS,2021-03-21,"'Pollies love sport, not arts and music'",GREG STOLZ,6286-2SP1-F0JP-W051-00000-00
the-daily-telegraph-(australia)-left-out-on-51e0b8f8-9e68-11eb-abe9-0242ac160002.txt,The Daily Telegraph (Australia),13OPINION,2020-05-02,Left out on China lies,SHARRI MARKSON,5YT4-GMK1-JD3N-51YC-00000-00
the-daily-telegraph-(australia)-shutdown-can_t-stop-51e19a66-9e68-11eb-abe9-0242ac160002.txt,The Daily Telegraph (Australia),SPORTBUZZ,2020-04-19,Shutdown can't stop Apps' fight,NICK WALSHAW,5YPJ-X7H1-F0JP-W0WV-00000-00
the-daily-telegraph-(australia)-maroons-backflip-to-51e25b68-9e68-11eb-abe9-0242ac160002.txt,The Daily Telegraph (Australia),SPORTBUZZ,2020-04-19,Maroons backflip to salute big Artie,"PETER BADEL, EXCLUSIVE",5YPJ-X7H1-F0JP-W0WW-00000-00
the-daily-telegraph-(australia)-suspicions-of-bat-51e323ae-9e68-11eb-abe9-0242ac160002.txt,The Daily Telegraph (Australia),NEWS,2020-04-29,Suspicions of bat virus lab leak raised in early February,"SHARRI MARKSON & CLARE ARMSTRONG, EXCLUSIVE",5YSG-NCC1-F0JP-W471-00000-00
the-daily-telegraph-(australia)-nrl-faces-_250m-51e3e096-9e68-11eb-abe9-0242ac160002.txt,The Daily Telegraph (Australia),SPORT,2020-05-14,NRL faces $250m shortfall as pandemic hits 2020 revenue streams,Brent Read,5YWT-JG41-F0JP-W04B-00000-00
the-daily-telegraph-(australia)-blues-selectors_-please-51e4acb0-9e68-11eb-abe9-0242ac160002.txt,The Daily Telegraph (Australia),SPORT,2020-09-22,"BLUES SELECTORS, PLEASE FOR HIS OWN WELFARE...DON'T RISK TURBO",PAUL KENT,60WR-RPC1-F0JP-W1RN-00000-00
the-daily-telegraph-(australia)-covid-robbing-sides-51e573a2-9e68-11eb-abe9-0242ac160002.txt,The Daily Telegraph (Australia),SPORT,2020-08-10,COVID robbing sides of level playing field,Paul Crawley,60JJ-XHJ1-JD3N-54TR-00000-00
the-daily-telegraph-(australia)-china_s-batty-science-51e619c4-9e68-11eb-abe9-0242ac160002.txt,The Daily Telegraph (Australia),NEWS,2020-05-02,CHINA'S BATTY SCIENCE,SHARRI MARKSON,5YT4-GMK1-JD3N-5217-00000-00
the-daily-telegraph-(australia)-2020_s-leaders_-legends-51e7c67a-9e68-11eb-abe9-0242ac160002.txt,The Daily Telegraph (Australia),NEWS,2020-12-27,"2020's leaders, legends & losers",ROY O'REILLY,61M6-VRX1-F0JP-W3X4-00000-00
the-daily-telegraph-(australia)-true-blue-values-51e89410-9e68-11eb-abe9-0242ac160002.txt,The Daily Telegraph (Australia),NEWS,2020-11-20,True blue values 'not for trade',MATTHEW KILLORAN,61B9-SNR1-JD3N-52DT-00000-00
the-daily-telegraph-(australia)-game-changer-51e98744-9e68-11eb-abe9-0242ac160002.txt,The Daily Telegraph (Australia),SPORT,2020-04-29,GAME CHANGER,"NICK WALSHAW, EXCLUSIVE",5YSG-NCC1-F0JP-W45D-00000-00
the-daily-telegraph-(australia)-sharks-stars-ease-51ea3b94-9e68-11eb-abe9-0242ac160002.txt,The Daily Telegraph (Australia),SPORTBUZZ,2020-06-07,Sharks stars ease pressure on coach,WHAT'S THE BUZZ WITH PHIL ROTHFIELD / BUZZ ROTHFIELD,6034-V1S1-JD3N-5230-00000-00
the-daily-telegraph-(australia)-covid-calls-from-51eb09b6-9e68-11eb-abe9-0242ac160002.txt,The Daily Telegraph (Australia),NEWS,2020-08-16,COVID calls from hell,"LINDA SILMALIS, EXCLUSIVE",60M2-SY91-F0JP-W03P-00000-00
the-daily-telegraph-(australia)-trump-claim-splits-51ec0c62-9e68-11eb-abe9-0242ac160002.txt,The Daily Telegraph (Australia),NEWS,2020-05-06,TRUMP CLAIM SPLITS SPIES,SHARRI MARKSON,5YV3-J3X1-F0JP-W32V-00000-00
the-daily-telegraph-(australia)-weekend-sport-ban-51ecdae8-9e68-11eb-abe9-0242ac160002.txt,The Daily Telegraph (Australia),NEWS,2020-11-21,Weekend sport ban for parents,,61BH-S351-JD3N-5146-00000-00
the-daily-telegraph-(australia)-the-big-takeaway-51edc480-9e68-11eb-abe9-0242ac160002.txt,The Daily Telegraph (Australia),OPED,2020-05-03,The big takeaway is China's hostility,DAVID PENBERTHY,5YTJ-GVX1-JD3N-51MN-00000-00
the-daily-telegraph-(australia)-a-scientist_-not-51ee9ad6-9e68-11eb-abe9-0242ac160002.txt,The Daily Telegraph (Australia),SATURDAYEXTRASPREAD,2020-05-02,"A SCIENTIST, NOT A CONQUEROR",James Morrow,5YT4-GMK1-JD3N-520S-00000-00
the-daily-telegraph-(australia)-the-2020-buzz-51efe49a-9e68-11eb-abe9-0242ac160002.txt,The Daily Telegraph (Australia),SPORT,2020-12-20,THE 2020 BUZZ AWARDS,PHIL 'BUZZ' ROTHFIELD TWITTER @BUZZROTHFIELD EMAIL  PHILIP.ROTHFIELD@NEWS.COM.AU,61JR-7421-F0JP-W0GV-00000-00
the-daily-telegraph-(australia)-every-job-seeker-51f14092-9e68-11eb-abe9-0242ac160002.txt,The Daily Telegraph (Australia),SMARTDAILY,2021-01-29,Every job seeker deserves a fair go,MELANIE BURGESS,61W7-TPV1-JD3N-51X8-00000-00
the-daily-telegraph-(australia)-star_s-tik-tok-51f2a388-9e68-11eb-abe9-0242ac160002.txt,The Daily Telegraph (Australia),NEWS,2020-04-30,STAR'S TIK TOK TIME BOMB,"MICHAEL CARAYANNIS, ADAM MOBBS & DANIELLE GUSMAROLI, EXCLUSIVE",5YSP-M6V1-JD3N-5017-00000-00
the-daily-telegraph-(australia)-new-training-tools-51f46434-9e68-11eb-abe9-0242ac160002.txt,The Daily Telegraph (Australia),SPORT,2020-12-20,New training tools behind Turbo tweak,NICK WALSHAW,61JR-7421-F0JP-W0M8-00000-00
the-daily-telegraph-(australia)-this-will-be-51f595f2-9e68-11eb-abe9-0242ac160002.txt,The Daily Telegraph (Australia),RACINGPREVIEWS,2020-05-18,This will be an ironman test like no other,Paul Crawley,5YXN-C2V1-JD3N-51MM-00000-00
the-daily-telegraph-(australia)-motley-crew-swap-51f646f0-9e68-11eb-abe9-0242ac160002.txt,The Daily Telegraph (Australia),NEWS,2020-04-05,MOTLEY CREW SWAP SHIPS TO HOP LIFTS HOME,AVA BENNY-MORRISON,5YKP-DHJ1-JD3N-50TR-00000-00
the-daily-telegraph-(australia)-evolution-of-the-51f704b4-9e68-11eb-abe9-0242ac160002.txt,The Daily Telegraph (Australia),SPORT,2020-07-27,EVOLUTION OF THE NRL'S SALARY CAP,,60FK-B2J1-F0JP-W2VS-00000-00
the-daily-telegraph-(australia)-refusing-virus-tests-51f7edfc-9e68-11eb-abe9-0242ac160002.txt,The Daily Telegraph (Australia),NEWS,2020-07-10,Refusing virus tests is a Jetstar flight of folly,RAY HADLEY,609Y-TYB1-JD3N-51P3-00000-00
the-daily-telegraph-(australia)-meat-&-sour-51f8f454-9e68-11eb-abe9-0242ac160002.txt,The Daily Telegraph (Australia),NEWS,2020-05-13,Meat & sour in China's Oz beef,"Clare Armstrong & John Rolfe, EXCLUSIVE",5YWK-5SP1-JD3N-54DJ-00000-00
the-daily-telegraph-(australia)-truly-batty-blame-51fa01a0-9e68-11eb-abe9-0242ac160002.txt,The Daily Telegraph (Australia),NEWS,2020-04-04,TRULY BATTY BLAME GAME,,5YK5-7D61-F0JP-W2C1-00000-00
the-daily-telegraph-(australia)-covid-find-boosts-51fae53e-9e68-11eb-abe9-0242ac160002.txt,The Daily Telegraph (Australia),NEWS,2020-05-25,COVID find boosts lab leak theory,"SHARRI MARKSON, EXCLUSIVE",6005-5BK1-JD3N-52JS-00000-00
the-daily-telegraph-(australia)-bulls-rule-in-51fc4960-9e68-11eb-abe9-0242ac160002.txt,The Daily Telegraph (Australia),,2021-01-01,Bulls rule in outlook for 2021,"DAMON KITNEY, ELI GREENBLAT",61N8-MH31-F0JP-W0WF-00000-00
the-daily-telegraph-(australia)-de-belin-still-51fcf7f2-9e68-11eb-abe9-0242ac160002.txt,The Daily Telegraph (Australia),NEWS,2020-06-28,De Belin still on sidelines with case adjourned,MADELINE CRITTENDEN,607D-9YG1-F0JP-W0Y5-00000-00
the-daily-telegraph-(australia)-cheapie-bible-51fdc4de-9e68-11eb-abe9-0242ac160002.txt,The Daily Telegraph (Australia),SPORT,2020-12-22,Cheapie Bible,"ROB SUTHERLAND, WILSON SMITH, TOM SANGSTER, FATIMA KDOUH AND NICK CAMPTON",61K4-VJ41-F0JP-W18R-00000-00
the-daily-telegraph-(australia)-nicole_s-nine-perfect-51ff2c5c-9e68-11eb-abe9-0242ac160002.txt,The Daily Telegraph (Australia),CONFIDENTIAL,2020-08-09,Nicole's Nine Perfect co-stars,Annette Sharp,60JJ-XHJ1-JD3N-54D4-00000-00
the-daily-telegraph-(australia)-we-mustn_t-let-520025ee-9e68-11eb-abe9-0242ac160002.txt,The Daily Telegraph (Australia),CREDLIN,2020-05-03,We mustn't let states hold back rebuilding,PETA CREDLIN,5YTJ-GVX1-JD3N-51R5-00000-00
the-daily-telegraph-(australia)-read-_em-&-5200ee02-9e68-11eb-abe9-0242ac160002.txt,The Daily Telegraph (Australia),NEWS,2020-12-30,READ 'EM & WHEAT AS CHINA HITS AGAIN,JARED LYNCH,61MW-3JN1-JD3N-53R2-00000-00
wish-magazine-the-real-deal-520213b8-9e68-11eb-abe9-0242ac160002.txt,Wish Magazine,,2020-09-04,THE REAL DEAL,CARLI PHILIPS,60RX-8821-JD3N-51R9-00000-00
the-daily-telegraph-(australia)-the-short-bites-5202dc58-9e68-11eb-abe9-0242ac160002.txt,The Daily Telegraph (Australia),SPORTBUZZ,2020-08-16,THE SHORT BITES,WHAT'S THE BUZZ WITH PHIL ROTHFIELD,60M2-SY91-F0JP-W00Y-00000-00
the-daily-telegraph-(australia)-letters-to-the-5204219e-9e68-11eb-abe9-0242ac160002.txt,The Daily Telegraph (Australia),LETTERS,2020-11-21,LETTERS TO THE EDITOR,,61BH-S351-JD3N-5109-00000-00
the-daily-telegraph-(australia)-now-china-takes-52052ba2-9e68-11eb-abe9-0242ac160002.txt,The Daily Telegraph (Australia),BUSINESS,2020-12-30,Now China takes aim at wheat,JARED LYNCH,61MV-P4J1-F0JP-W1Y3-00000-00
the-daily-telegraph-(australia)-beaches-relieved-but-5205f92e-9e68-11eb-abe9-0242ac160002.txt,The Daily Telegraph (Australia),NEWS,2021-01-02,Beaches relieved but west a worry,David Meddows,61NG-HK61-F0JP-W1JM-00000-00
the-daily-telegraph-(australia)-letters-to-the-5207049a-9e68-11eb-abe9-0242ac160002.txt,The Daily Telegraph (Australia),LETTERS,2020-10-31,LETTERS TO THE EDITOR,,6162-F291-JD3N-53M0-00000-00
the-daily-telegraph-(australia)-it_s-as-you-5208629a-9e68-11eb-abe9-0242ac160002.txt,The Daily Telegraph (Australia),BUSINESS,2020-11-26,It's as you were for Australia,"Patrick Commins, Rebecca Le May",61CK-NVJ1-F0JP-W50Y-00000-00
the-daily-telegraph-(australia)-the-winner-is-52093c42-9e68-11eb-abe9-0242ac160002.txt,The Daily Telegraph (Australia),NEWS,2020-10-26,THE WINNER IS â€¦ FOOTY,Matthew Benns & Danielle Gusmaroli,6150-H0D1-F0JP-W4NB-00000-00
the-daily-telegraph-(australia)-nrl-summer-sale-520a2b5c-9e68-11eb-abe9-0242ac160002.txt,The Daily Telegraph (Australia),SPORT,2020-10-10,NRL SUMMER SALE,Fatima Kdouh,611K-03W1-F0JP-W1T6-00000-00
wish-magazine-skin-in-the-520b1440-9e68-11eb-abe9-0242ac160002.txt,Wish Magazine,,2020-10-02,SKIN IN THE GAME,MILANDA ROUT,60YW-F9R1-JD3N-54MS-00000-00
the-daily-telegraph-(australia)-boyd-and-bird-520bbe18-9e68-11eb-abe9-0242ac160002.txt,The Daily Telegraph (Australia),SPORT,2020-05-02,Boyd and Bird abuse trust by flouting social distancing rules,TRAVIS MEYN & PETER BADEL,5YT4-GMK1-JD3N-521S-00000-00
the-daily-telegraph-(australia)-letters-520cdc62-9e68-11eb-abe9-0242ac160002.txt,The Daily Telegraph (Australia),LETTERS,2020-05-18,Letters,,5YXN-C2V1-JD3N-51PJ-00000-00
the-daily-telegraph-(australia)-life_s-no-picnic-520dace6-9e68-11eb-abe9-0242ac160002.txt,The Daily Telegraph (Australia),NEWS,2020-05-10,LIFE'S NO PICNIC FOR TV CEO,ANNETTE SHARP,5YW2-9561-F0JP-W1VX-00000-00
the-daily-telegraph-(australia)-what_s-the-buzz-520e9c64-9e68-11eb-abe9-0242ac160002.txt,The Daily Telegraph (Australia),SPORTSPREAD,2020-04-26,WHAT'S THE BUZZ,WHAT'S THE BUZZ WITH PHIL ROTHFIELD,5YS2-PK51-JD3N-53S4-00000-00
the-daily-telegraph-(australia)-nsw-origin-trilogy-520f6c34-9e68-11eb-abe9-0242ac160002.txt,The Daily Telegraph (Australia),SPORT,2020-04-16,NSW ORIGIN TRILOGY IN PIPELINE,NICK WALSHAW,5YNR-1NC1-F0JP-W1JR-00000-00
the-daily-telegraph-(australia)-origin-finally-put-52101d82-9e68-11eb-abe9-0242ac160002.txt,The Daily Telegraph (Australia),HISTORY,2020-07-08,Origin finally put state rivals on equal footing,"TROY LENNON, HISTORY EDITOR",609H-WDK1-F0JP-W1TX-00000-00
the-daily-telegraph-(australia)-the-wuhan-web-5210c99e-9e68-11eb-abe9-0242ac160002.txt,The Daily Telegraph (Australia),NEWS,2020-12-31,THE WUHAN WEB,,61N3-0FF1-F0JP-W3TV-00000-00
the-daily-telegraph-(australia)-mitchell-no.7-from-521176b4-9e68-11eb-abe9-0242ac160002.txt,The Daily Telegraph (Australia),SPORT,2020-06-07,Mitchell No.7 from heaven,"David Riccio, Analysis",6034-V1S1-JD3N-5225-00000-00
the-daily-telegraph-(australia)-nrl-now-the-5212ca6e-9e68-11eb-abe9-0242ac160002.txt,The Daily Telegraph (Australia),NEWS,2020-05-28,NRL NOW THE WORLD GAME,EXCLUSIVE DEAN RITCHIE,600T-32C1-JD3N-52FK-00000-00
the-daily-telegraph-(australia)-origin-is-shaping-52136104-9e68-11eb-abe9-0242ac160002.txt,The Daily Telegraph (Australia),SPORT,2020-06-21,Origin is shaping as a test,DAVID RICCIO,6064-DX11-F0JP-W0GS-00000-00
the-daily-telegraph-(australia)-support-for-origin-5214096a-9e68-11eb-abe9-0242ac160002.txt,The Daily Telegraph (Australia),LEAGUECENTRAL,2020-10-01,Support for Origin shake-up,Nick Campton,60YN-G921-F0JP-W1P3-00000-00
the-daily-telegraph-(australia)-china-courts-trouble-521503e2-9e68-11eb-abe9-0242ac160002.txt,The Daily Telegraph (Australia),13OPINION,2020-03-23,China courts trouble,Tim Blair,5YGK-GK21-F0JP-W1R6-00000-00
the-daily-telegraph-(australia)-_our-mental-health-5215c782-9e68-11eb-abe9-0242ac160002.txt,The Daily Telegraph (Australia),LIFESTYLE,2020-08-09,"""Our mental health is like a belly bursting at the seams""",Carrie Bickmore,60JC-BJH1-JD3N-50PM-00000-00
the-daily-telegraph-(australia)-did-someone-say-521676a0-9e68-11eb-abe9-0242ac160002.txt,The Daily Telegraph (Australia),NEWS,2020-08-02,DID SOMEONE SAY CATTLE DOG?,DAVID RICCIO,60GW-73V1-JD3N-555S-00000-00
the-daily-telegraph-(australia)-letters-to-the-52179580-9e68-11eb-abe9-0242ac160002.txt,The Daily Telegraph (Australia),LETTERS,2020-10-27,LETTERS TO THE EDITOR,,6156-G6J1-F0JP-W35Y-00000-00
the-daily-telegraph-(australia)-the-short-bites-521845a2-9e68-11eb-abe9-0242ac160002.txt,The Daily Telegraph (Australia),SPORTBUZZ,2020-08-30,THE SHORT BITES,WHAT'S THE BUZZ WITH PHIL ROTHFIELD / BUZZ ROTHFIELD,60R2-9CJ1-F0JP-W1KB-00000-00
the-daily-telegraph-(australia)-china-_hates_-transparency-5218ebd8-9e68-11eb-abe9-0242ac160002.txt,The Daily Telegraph (Australia),NEWS,2021-03-27,China 'hates' transparency,,629D-5371-JD3N-516T-00000-00
the-daily-telegraph-(australia)-nrl-icon-needs-5219e740-9e68-11eb-abe9-0242ac160002.txt,The Daily Telegraph (Australia),SPORTKENT,2020-07-18,NRL icon needs an Ikin,PAUL KENT,60CN-NKG1-JD3N-528M-00000-00
the-daily-telegraph-(australia)-concussion-forces-glasby-521aa48c-9e68-11eb-abe9-0242ac160002.txt,The Daily Telegraph (Australia),SPORT,2020-09-20,Concussion forces Glasby to retire,"DAVID RICCIO CHIEF SPORTS WRITER, EXCLUSIVE",60WC-CFB1-F0JP-W4KK-00000-00
the-daily-telegraph-(australia)-daine_s-great-test-521b5aee-9e68-11eb-abe9-0242ac160002.txt,The Daily Telegraph (Australia),SPORT,2021-03-21,DAINE'S GREAT TEST,Nick Walshaw,628B-96M1-JD3N-524R-00000-00
the-daily-telegraph-(australia)-it-firms-not-521c69de-9e68-11eb-abe9-0242ac160002.txt,The Daily Telegraph (Australia),NEWS,2020-05-01,IT firms not appy over US blindside,MIRANDA DEVINE,5YSX-KH71-JD3N-51K7-00000-00
the-daily-telegraph-(australia)-covid-robbing-sides-521d8cec-9e68-11eb-abe9-0242ac160002.txt,The Daily Telegraph (Australia),SPORT,2020-08-10,COVID robbing sides of level playing field,Paul Crawley,60JJ-XHJ1-JD3N-550W-00000-00
the-daily-telegraph-(australia)-morgan-anxious-to-521e2f26-9e68-11eb-abe9-0242ac160002.txt,The Daily Telegraph (Australia),SPORT,2020-05-08,Morgan anxious to return,Chris Honnery,5YVD-CR21-F0JP-W1SK-00000-00
the-daily-telegraph-(australia)-it_s-scomo_s-gang-521f2110-9e68-11eb-abe9-0242ac160002.txt,The Daily Telegraph (Australia),NEWS,2020-05-18,It's ScoMo's gang of 62,Clare Armstrong,5YXN-C2V1-JD3N-51R2-00000-00
the-daily-telegraph-(australia)-this-is-truly-52203e60-9e68-11eb-abe9-0242ac160002.txt,The Daily Telegraph (Australia),OPED,2020-05-31,This is truly obscene,Katy Hall,601F-CMC1-JD3N-521S-00000-00
the-daily-telegraph-(australia)-origin-stars-take-52210ae8-9e68-11eb-abe9-0242ac160002.txt,The Daily Telegraph (Australia),SPORT,2021-01-20,Origin stars take a cut to reduce pain,JAMES PHELPS,61TB-0V91-F0JP-W28D-00000-00
the-daily-telegraph-(australia)-injury-hit-roosters-find-5221af84-9e68-11eb-abe9-0242ac160002.txt,The Daily Telegraph (Australia),SPORT,2020-08-07,Injury-hit Roosters find way to victory,FATIMA KDOUH,60HY-14K1-F0JP-W52P-00000-00
the-daily-telegraph-(australia)-the-ruffle-of-5222a8c6-9e68-11eb-abe9-0242ac160002.txt,The Daily Telegraph (Australia),13OPINION,2020-06-27,The ruffle of a shuffle,SHARRI MARKSON,6076-8HD1-F0JP-W3F5-00000-00
the-daily-telegraph-(australia)-_there-is-a-52238340-9e68-11eb-abe9-0242ac160002.txt,The Daily Telegraph (Australia),NEWS,2020-08-09,"""There is a certain amount of terror in launching anything new. It's like when you throw a party and think, 'What if no-one shows up?!'""",Interview KARLIE RUTHERFORD,60JC-DVD1-JD3N-51C5-00000-00
the-daily-telegraph-(australia)-the-short-bites-52247354-9e68-11eb-abe9-0242ac160002.txt,The Daily Telegraph (Australia),SPORT,2020-11-08,THE SHORT BITES,WHAT'S THE BUZZ WITH PHIL ROTHFIELD / BUZZ ROTHFIELD,6180-5RB1-F0JP-W0GX-00000-00
the-daily-telegraph-(australia)-after-season-like-52255094-9e68-11eb-abe9-0242ac160002.txt,The Daily Telegraph (Australia),SPORT,2020-10-18,"AFTER SEASON LIKE NO OTHER, V'LANDYS CAN SLEEP EASY",LOCKER ROOM WITH CHIEF SPORTS WRITER DAVID RICCIO,613G-PVG1-JD3N-53JB-00000-00
the-daily-telegraph-(australia)-munster_s-inc-52261862-9e68-11eb-abe9-0242ac160002.txt,The Daily Telegraph (Australia),SPORT,2021-03-07,MUNSTER'S INC,Peter Badel,625B-MJD1-F0JP-W3RS-00000-00
the-daily-telegraph-(australia)-cleary_s-good-space-5226d144-9e68-11eb-abe9-0242ac160002.txt,The Daily Telegraph (Australia),SPORT,2020-03-27,Cleary's good space as he weights in a garage,Nick Walshaw,5YHF-CCG1-F0JP-W267-00000-00
the-daily-telegraph-(australia)-tackle-our-impossibly-52280438-9e68-11eb-abe9-0242ac160002.txt,The Daily Telegraph (Australia),SPORT,2021-01-02,TACKLE OUR IMPOSSIBLY HARD NRL QUIZ,Aaron Wallace,61NG-HK61-F0JP-W1J6-00000-00
the-daily-telegraph-(australia)-boot-deal-in-5228cc10-9e68-11eb-abe9-0242ac160002.txt,The Daily Telegraph (Australia),NEWS,2020-11-11,Boot deal in red for star Blue,exclusive John Rolfe,618D-21C1-JD3N-52N3-00000-00
the-daily-telegraph-(australia)-career-could-be-522984ca-9e68-11eb-abe9-0242ac160002.txt,The Daily Telegraph (Australia),NEWS,2020-10-11,Career could be over for star Eel,"DAVID RICCIO, CHIEF SPORTS WRITER, EXCLUSIVE",611T-H4G1-F0JP-W52W-00000-00
the-daily-telegraph-(australia)-if-you-don_t-522a2ba0-9e68-11eb-abe9-0242ac160002.txt,The Daily Telegraph (Australia),NEWS,2020-08-30,"If you don't like Pete Evans, don't listen to him says mate Manu",Holly Byrnes,60R2-9CJ1-F0JP-W1N7-00000-00
the-daily-telegraph-(australia)-our-favourite-martin-522b179a-9e68-11eb-abe9-0242ac160002.txt,The Daily Telegraph (Australia),SPORT,2020-12-26,OUR FAVOURITE MARTIN,"COMPILED BY SCOTT GULLAN, LAUREN WOOD, NICK SMART & GILBERT GARDINER",61M0-T911-F0JP-W4V8-00000-00
the-daily-telegraph-(australia)-broncos-not-keen-522bd61c-9e68-11eb-abe9-0242ac160002.txt,The Daily Telegraph (Australia),SPORT,2020-04-20,Broncos not keen on move to Sydney,PETER BADEL & CHRIS HONNERY,5YPJ-X7H1-F0JP-W10G-00000-00
the-daily-telegraph-(australia)-right-wolf-wallies-522cdb02-9e68-11eb-abe9-0242ac160002.txt,The Daily Telegraph (Australia),NEWS,2020-05-21,RIGHT WOLF WALLIES,BY JAMES MORROW,5YY9-8MG1-JD3N-5217-00000-00
the-daily-telegraph-(australia)-priceless-contributors-522d9a56-9e68-11eb-abe9-0242ac160002.txt,The Daily Telegraph (Australia),SPORT,2020-09-26,PRICELESS CONTRIBUTORS,Nick Campton,60XK-MDD1-F0JP-W424-00000-00
the-daily-telegraph-(australia)-how-hope-survived-522e8484-9e68-11eb-abe9-0242ac160002.txt,The Daily Telegraph (Australia),NEWS,2020-12-31,HOW HOPE SURVIVED PLIGHT OF A PANDEMIC,Clarissa Bye,61N3-0FF1-F0JP-W3VR-00000-00
the-daily-telegraph-(australia)-perfect-storm-will-522f6b88-9e68-11eb-abe9-0242ac160002.txt,The Daily Telegraph (Australia),SPORT,2020-12-27,PERFECT STORM WILL RAGE WITHOUT CAM,BUZZ ROTHFIELD/PHIL ROTHFIELD,61M6-VRX1-F0JP-W3Y3-00000-00
the-daily-telegraph-(australia)-struggling-titans-will-523014fc-9e68-11eb-abe9-0242ac160002.txt,The Daily Telegraph (Australia),SPORTBUZZ,2020-05-31,Struggling Titans will show the door to ineffective players,TRAVIS MEYN,601F-CMC1-JD3N-5243-00000-00
the-daily-telegraph-(australia)-letters-to-the-52312478-9e68-11eb-abe9-0242ac160002.txt,The Daily Telegraph (Australia),LETTERS,2020-05-04,LETTERS TO THE EDITOR,,5YTJ-GVX1-JD3N-51VT-00000-00
the-daily-telegraph-(australia)-aussie-links-to-52328656-9e68-11eb-abe9-0242ac160002.txt,The Daily Telegraph (Australia),NEWS,2020-04-28,AUSSIE LINKS TO BAT LAB DUO,"SHARRI MARKSON, EXCLUSIVE; Additional reporting: Gabrielle Stricker-Phelps",5YS8-KP51-JD3N-53YR-00000-00
the-daily-telegraph-(australia)-who-_will-get-5233662a-9e68-11eb-abe9-0242ac160002.txt,The Daily Telegraph (Australia),NEWS,2021-01-16,WHO 'will get virus answers in China',Finn McHugh,61SG-68S1-JD3N-53RN-00000-00
the-daily-telegraph-(australia)-letters-to-the-5234ae36-9e68-11eb-abe9-0242ac160002.txt,The Daily Telegraph (Australia),LETTERS,2021-02-11,LETTERS TO THE EDITOR,,6201-F1F1-F0JP-W3DD-00000-00
the-daily-telegraph-(australia)-make-a-run-5235d004-9e68-11eb-abe9-0242ac160002.txt,The Daily Telegraph (Australia),SATURDAYEXTRASPREAD,2020-07-11,MAKE A RUN FOR THE BORDER,Clare Armstrong,60B5-SW41-JD3N-519T-00000-00
the-daily-telegraph-(australia)-leaps-and-rebounds-52368c1a-9e68-11eb-abe9-0242ac160002.txt,The Daily Telegraph (Australia),RACINGPREVIEWS,2020-06-25,Leaps and rebounds,DEAN RITCHIE,606S-B901-JD3N-53JC-00000-00
the-daily-telegraph-(australia)-burger-ad-not-52374c86-9e68-11eb-abe9-0242ac160002.txt,The Daily Telegraph (Australia),NEWS,2021-02-04,Burger ad not in bat taste,"JOHN ROLFE, EXCLUSIVE",61XH-JHK1-F0JP-W34J-00000-00
the-daily-telegraph-(australia)-lincoln-a-tool-5237fe2e-9e68-11eb-abe9-0242ac160002.txt,The Daily Telegraph (Australia),NEWS,2020-05-16,Lincoln a tool for the latest PRC fools,JAMES MORROW,5YX7-GTN1-F0JP-W536-00000-00
the-daily-telegraph-(australia)-the-gus-plan-5238c02a-9e68-11eb-abe9-0242ac160002.txt,The Daily Telegraph (Australia),SPORT,2020-06-07,THE GUS PLAN TO SAVE MARY,DAVID RICCIO and MICHAEL CARAYANNIS,602X-SM01-F0JP-W3P9-00000-00
the-daily-telegraph-(australia)-our-beef-with-52398a82-9e68-11eb-abe9-0242ac160002.txt,The Daily Telegraph (Australia),NEWS,2021-02-13,Our beef with China lies,CHARLES MIRANDA,620F-CBC1-F0JP-W3SF-00000-00
the-daily-telegraph-(australia)-wuhan_s-virus-roulette-523af9bc-9e68-11eb-abe9-0242ac160002.txt,The Daily Telegraph (Australia),NEWS,2020-05-02,WUHAN'S VIRUS ROULETTE,EXCLUSIVE SHARRI MARKSON,5YTN-HDX1-JD3N-5045-00000-00
the-daily-telegraph-(australia)-it_s-bottle-stations-523c4b8c-9e68-11eb-abe9-0242ac160002.txt,The Daily Telegraph (Australia),NEWS,2020-12-09,It's bottle stations for wine wizards,Angira Bharadwaj,61GC-7451-F0JP-W2V0-00000-00
the-daily-telegraph-(australia)-un-health-body-523d499c-9e68-11eb-abe9-0242ac160002.txt,The Daily Telegraph (Australia),NEWS,2020-03-26,UN health body has put thousands of lives at risk of virus,MATTHEW BENNS,5YH7-G8M1-JD3N-53T7-00000-00
the-daily-telegraph-(australia)-100-countdown-of-523e4a7c-9e68-11eb-abe9-0242ac160002.txt,The Daily Telegraph (Australia),SPORT,2020-12-06,100 COUNTDOWN OF SPORT'S POWERFUL,"ROBERT CRADDOCK, JAMES PHELPS, MICHAEL WARNER, RAY THOMAS, JULIAN LINDEN",61FY-8PP1-JD3N-51T6-00000-00
the-daily-telegraph-(australia)-like-a-bull-523f5e12-9e68-11eb-abe9-0242ac160002.txt,The Daily Telegraph (Australia),NEWS,2020-05-25,LIKE A BULL IN A CHINA SHOP,Janet Fife-Yeomans Chief Reporter,6005-5BK1-JD3N-52K5-00000-00
the-daily-telegraph-(australia)-when-resilient-properties-5240443a-9e68-11eb-abe9-0242ac160002.txt,The Daily Telegraph (Australia),SPORT,2020-08-22,WHEN RESILIENT PROPERTIES ARE REQUIRED,DAVID RICCIO,60N4-N0S1-JD3N-522R-00000-00
the-daily-telegraph-(australia)-china-is-a-52413598-9e68-11eb-abe9-0242ac160002.txt,The Daily Telegraph (Australia),OPED,2020-05-24,"China is a big, bad bully",Peter Gleeson,6000-VCK1-JD3N-552H-00000-00
the-daily-telegraph-(australia)-game-changer-5241e68c-9e68-11eb-abe9-0242ac160002.txt,The Daily Telegraph (Australia),BACKPAGE,2020-04-29,GAME CHANGER,"NICK WALSHAW, EXCLUSIVE",5YSG-NCC1-F0JP-W472-00000-00
the-daily-telegraph-(australia)-bat-man-5242dd26-9e68-11eb-abe9-0242ac160002.txt,The Daily Telegraph (Australia),NEWS,2020-04-28,BAT MAN,Sharri Markson,5YS8-KP51-JD3N-53XG-00000-00
the-daily-telegraph-(australia)-munster_s-inc-5243f0bc-9e68-11eb-abe9-0242ac160002.txt,The Daily Telegraph (Australia),SPORT,2021-03-07,MUNSTER'S INC,Peter Badel,625B-MJD1-F0JP-W3XN-00000-00
the-daily-telegraph-(australia)-families-cut-out-5244edf0-9e68-11eb-abe9-0242ac160002.txt,The Daily Telegraph (Australia),SPORT,2020-04-06,FAMILIES CUT OUT SO NRL SURVIVES,Brent Read,5YKK-9S61-JD3N-529C-00000-00
the-daily-telegraph-(australia)-barilaro-threatens-shutdown-524594d0-9e68-11eb-abe9-0242ac160002.txt,The Daily Telegraph (Australia),BACKPAGE,2020-05-01,Barilaro threatens shutdown,,5YSX-KH71-JD3N-51M8-00000-00
the-daily-telegraph-(australia)-covid-calls-from-5246b842-9e68-11eb-abe9-0242ac160002.txt,The Daily Telegraph (Australia),NEWS,2020-08-16,COVID calls from Hell,"LINDA SILMALIS, EXCLUSIVE",60M2-SY81-F0JP-W55T-00000-00
the-daily-telegraph-(australia)-cartwright-grits-his-52479118-9e68-11eb-abe9-0242ac160002.txt,The Daily Telegraph (Australia),SPORT,2020-07-12,Cartwright grits his teeth through pain,PETER BADEL,60BK-TF11-F0JP-W3CM-00000-00
the-daily-telegraph-(australia)-china-army-link-5248f3e6-9e68-11eb-abe9-0242ac160002.txt,The Daily Telegraph (Australia),NEWS,2020-05-07,CHINA ARMY LINK TO BATS,"SHARRI MARKSON & ASHLEIGH GLEESON, EXCLUSIVE",5YV9-H691-F0JP-W305-00000-00
the-daily-telegraph-(australia)-origin-iii-stacked-5249affc-9e68-11eb-abe9-0242ac160002.txt,The Daily Telegraph (Australia),SPORT,2020-11-14,ORIGIN III STACKED IN THEIR FAVOUR,Nick Walshaw,6192-1NM1-JD3N-50XJ-00000-00
the-daily-telegraph-(australia)-china-army-in-524b3110-9e68-11eb-abe9-0242ac160002.txt,The Daily Telegraph (Australia),NEWS,2020-05-11,CHINA ARMY IN LAB LINKS,EXCLUSIVE SHARRI MARKSON,5YW2-9561-F0JP-W242-00000-00
the-daily-telegraph-(australia)-abdo-firms-as-524bf1c2-9e68-11eb-abe9-0242ac160002.txt,The Daily Telegraph (Australia),SPORT,2020-08-22,Abdo firms as CEO with difficult job ahead,BRENT READ,60N4-N0S1-JD3N-523H-00000-00
the-daily-telegraph-(australia)-political-cover-up-will-524cc174-9e68-11eb-abe9-0242ac160002.txt,The Daily Telegraph (Australia),CREDLIN,2020-10-11,Political cover-up will always get you,Peta Credlin,611T-H4G1-F0JP-W52C-00000-00
the-daily-telegraph-(australia)-i-have-your-524dc858-9e68-11eb-abe9-0242ac160002.txt,The Daily Telegraph (Australia),SPORT,2021-01-15,"I HAVE YOUR FULL BACK, MATE",EXCLUSIVE STEPHEN DRILL EUROPEAN CORRESPONDENT,61S8-73M1-F0JP-W3H4-00000-00
the-daily-telegraph-(australia)-get-set-for-524e8edc-9e68-11eb-abe9-0242ac160002.txt,The Daily Telegraph (Australia),HIBERNATION,2020-07-21,Get set for Julove,Vanessa Croll,60D9-JWW1-JD3N-523S-00000-00
the-daily-telegraph-(australia)-gladys_-celeste-&-52509416-9e68-11eb-abe9-0242ac160002.txt,The Daily Telegraph (Australia),SATURDAYEXTRA,2020-12-26,"GLADYS, CELESTE & FIREMAN PAUL","LINDA SILMALIS, AVA BENNY-MORRISON, BRENDEN HILLS, ANNETTE SHARP, BEN PIKE, KATHY McCABE, JANE HANSEN, DAVID MEDDOWS, JACK MORPHETT, JESSICA McSWEENEY",61M0-T911-F0JP-W4W4-00000-00
the-daily-telegraph-(australia)-cleary-unacceptable-as-52515fa4-9e68-11eb-abe9-0242ac160002.txt,The Daily Telegraph (Australia),SPORTBUZZ,2020-05-04,Cleary unacceptable as Panthers pussyfoot around discipline,"BUZZ ROTHFIELD, PHIL ROTHFIELD",5YTJ-GVX1-JD3N-51X9-00000-00
the-daily-telegraph-(australia)-a-fine-line-52523104-9e68-11eb-abe9-0242ac160002.txt,The Daily Telegraph (Australia),SPORT,2020-11-18,A fine line between pleasure and Payne,DAVID RICCIO,619W-V741-F0JP-W336-00000-00
the-daily-telegraph-(australia)-virus-made-by-5253d90a-9e68-11eb-abe9-0242ac160002.txt,The Daily Telegraph (Australia),OPED,2020-03-20,Virus made by falsehoods,Rita Panahi,5YFY-N4V1-JD3N-51F0-00000-00
the-daily-telegraph-(australia)-warren-_benched_-for-5254b4a6-9e68-11eb-abe9-0242ac160002.txt,The Daily Telegraph (Australia),SPORT,2020-05-29,Warren 'benched' for NRL restart,Phil Rothfield,6011-4H91-JD3N-524B-00000-00
the-daily-telegraph-(australia)-the-captain-gets-5255f0aa-9e68-11eb-abe9-0242ac160002.txt,The Daily Telegraph (Australia),13OPINION,2020-07-24,The Captain gets sunk,James Morrow,60DY-GDX1-F0JP-W1CR-00000-00
the-daily-telegraph-(australia)-and-the-winner-52570c10-9e68-11eb-abe9-0242ac160002.txt,The Daily Telegraph (Australia),SPORT,2020-04-08,AND THE WINNER IS ... SYDNEY,PAUL KENT,5YM1-66P1-F0JP-W1GR-00000-00
the-daily-telegraph-(australia)-nrl-has-a-52581196-9e68-11eb-abe9-0242ac160002.txt,The Daily Telegraph (Australia),SPORT,2020-07-25,NRL has a Plan B to stay Covid-free,Travis Meyn,60F5-CG41-JD3N-51J1-00000-00
the-daily-telegraph-(australia)-nrl-now-the-52593918-9e68-11eb-abe9-0242ac160002.txt,The Daily Telegraph (Australia),NEWS,2020-05-28,NRL NOW THE WORLD GAME,DEAN RITCHIE,600T-32C1-JD3N-52J6-00000-00
the-daily-telegraph-(australia)-bat-man-5259f952-9e68-11eb-abe9-0242ac160002.txt,The Daily Telegraph (Australia),NEWS,2020-04-28,BAT MAN,"Sharri Markson, Exclusive",5YSC-M1R1-F0JP-W15T-00000-00
the-daily-telegraph-(australia)-letters-525bb6b6-9e68-11eb-abe9-0242ac160002.txt,The Daily Telegraph (Australia),LETTERS,2020-11-17,Letters,,619N-Y8N1-JD3N-5269-00000-00
the-daily-telegraph-(australia)-china_s-war-on-525cfb84-9e68-11eb-abe9-0242ac160002.txt,The Daily Telegraph (Australia),NEWS,2021-03-08,China's war on the BBC,"JAMES MORROW, EXCLUSIVE",625B-MJD1-F0JP-W43K-00000-00
the-daily-telegraph-(australia)-boycott-won_t-cork-525deb7a-9e68-11eb-abe9-0242ac160002.txt,The Daily Telegraph (Australia),NEWS,2020-05-02,Boycott won't cork thirst for wine,John Rolfe,5YT4-GMK1-JD3N-51XS-00000-00
the-daily-telegraph-(australia)-a-red-sea-525fe358-9e68-11eb-abe9-0242ac160002.txt,The Daily Telegraph (Australia),NEWS,2020-06-29,A RED SEA OF PACIFIC DEBT,EXCLUSIVE MATTHEW BENNS EDITOR-AT-LARGE,607M-6VP1-JD3N-50B3-00000-00
the-daily-telegraph-(australia)-taking-power-to-52684872-9e68-11eb-abe9-0242ac160002.txt,The Daily Telegraph (Australia),LIFESTYLE,2020-07-18,Taking power to the people,Lisa Hughes and Robyn Willis,60CF-M2N1-F0JP-W09J-00000-00
the-daily-telegraph-(australia)-apollo-creed-5269402e-9e68-11eb-abe9-0242ac160002.txt,The Daily Telegraph (Australia),BACKPAGE,2020-04-04,APOLLO CREED,Nick Walshaw,5YK5-7D61-F0JP-W2G4-00000-00
the-daily-telegraph-(australia)-spirit-of-steelers-526a6652-9e68-11eb-abe9-0242ac160002.txt,The Daily Telegraph (Australia),SPORT,2020-05-02,Spirit of Steelers inspires UFC champ,Nick Walshaw,5YT4-GMK1-JD3N-51YF-00000-00
the-daily-telegraph-(australia)-i-won_t-cop-526b835c-9e68-11eb-abe9-0242ac160002.txt,The Daily Telegraph (Australia),BACKPAGE,2020-05-01,I WON'T COP IT,"NICK WALSHAW, EXCLUSIVE",5YSX-KH71-JD3N-51MV-00000-00
the-daily-telegraph-(australia)-truth_-lies-&-526cf8a4-9e68-11eb-abe9-0242ac160002.txt,The Daily Telegraph (Australia),SATURDAYEXTRASPREAD,2020-03-21,"TRUTH, LIES & CONSEQUENCES",James Morrow,5YG5-K871-JD3N-50TV-00000-00
the-daily-telegraph-(australia)-de-belin-calls-526dd58a-9e68-11eb-abe9-0242ac160002.txt,The Daily Telegraph (Australia),SPORTBUZZ,2020-04-05,De Belin calls meeting with Greenberg amid fears COVID-19 will force case into 2021,DAVID RICCIO,5YKK-9S61-JD3N-528P-00000-00
the-daily-telegraph-(australia)-beef-&-blackban-526e9650-9e68-11eb-abe9-0242ac160002.txt,The Daily Telegraph (Australia),NEWS,2020-05-13,BEEF & BLACKBAN,CLARE ARMSTRONG & JOHN ROLFE,5YWG-5JM1-JD3N-5195-00000-00
the-daily-telegraph-(australia)-from-doona-to-526f654e-9e68-11eb-abe9-0242ac160002.txt,The Daily Telegraph (Australia),LETTERS,2020-10-19,From doona to trackside,,613G-PVG1-JD3N-542N-00000-00
the-daily-telegraph-(australia)-we_re-all-just-52707696-9e68-11eb-abe9-0242ac160002.txt,The Daily Telegraph (Australia),SPORTKENT,2020-06-20,We're all just Belly-achers,Paul Kent,605P-G8Y1-F0JP-W2NS-00000-00
the-daily-telegraph-(australia)-we-can-win-52714e18-9e68-11eb-abe9-0242ac160002.txt,The Daily Telegraph (Australia),SPORT,2020-07-21,WE CAN WIN TITLE,Nick Campton,60D9-JWW1-JD3N-5260-00000-00
the-daily-telegraph-(australia)-roo-tour-of-52721730-9e68-11eb-abe9-0242ac160002.txt,The Daily Telegraph (Australia),RACINGPREVIEWS,2020-06-04,Roo tour of Old Dart still my ai m,MAL MENINGA,6028-W9R1-JD3N-51K5-00000-00
the-daily-telegraph-(australia)-the-great-unknown-5272d4c2-9e68-11eb-abe9-0242ac160002.txt,The Daily Telegraph (Australia),SPORT,2020-07-18,THE GREAT UNKNOWN,PHIL ROTHFIELD,60CN-NKG1-JD3N-528J-00000-00
the-daily-telegraph-(australia)-year-of-the-527591d0-9e68-11eb-abe9-0242ac160002.txt,The Daily Telegraph (Australia),SPORT,2020-07-20,YEAR OF THE BLUE BLOODS,BUZZ ROTHFIELD / PHIL ROTHFIELD,60D3-HPY1-F0JP-W3C9-00000-00
the-daily-telegraph-(australia)-origin-oktoberfest-5276728a-9e68-11eb-abe9-0242ac160002.txt,The Daily Telegraph (Australia),SPORTCONFIDENTIAL,2020-04-17,ORIGIN OKTOBERFEST,NICK WALSHAW,5YNX-XV41-F0JP-W1P9-00000-00
the-daily-telegraph-(australia)-game-up-for-52775150-9e68-11eb-abe9-0242ac160002.txt,The Daily Telegraph (Australia),LETTERS,2020-07-21,Game up for Stonewall Dan,,60D9-JWW1-JD3N-525B-00000-00
the-daily-telegraph-(australia)-asx-sheds-_48b-527871d4-9e68-11eb-abe9-0242ac160002.txt,The Daily Telegraph (Australia),BUSINESS,2020-02-25,ASX SHEDS $48B AS CORONA FEARS INTENSIFY,"PETER TAYLOR, MARKETS",5Y8V-BMD1-JD3N-53B6-00000-00
the-daily-telegraph-(australia)-100-biggest-power-527a4ae0-9e68-11eb-abe9-0242ac160002.txt,The Daily Telegraph (Australia),SPORT,2020-12-05,100 BIGGEST POWER PLAYERS IN SPORT,,61FH-DK81-F0JP-W499-00000-00
the-daily-telegraph-(australia)-ruby-crew-members-527b10f6-9e68-11eb-abe9-0242ac160002.txt,The Daily Telegraph (Australia),NEWS,2020-04-22,Ruby crew members disembark,James O'Doherty & Nick Hansen,5YR3-YH31-JD3N-552V-00000-00
the-daily-telegraph-(australia)-going-in-to-527bdb76-9e68-11eb-abe9-0242ac160002.txt,The Daily Telegraph (Australia),NEWS,2021-02-04,Going in to bat for ad,"John Rolfe, EXCLUSIVE",61XH-JHK1-F0JP-W3BR-00000-00
the-daily-telegraph-(australia)-deep-impact-527cf09c-9e68-11eb-abe9-0242ac160002.txt,The Daily Telegraph (Australia),NEWS,2020-04-19,Deep impact,JACK MORPHET,5YPJ-X7H1-F0JP-W0SY-00000-00
the-daily-telegraph-(australia)-china-fault-line-527de556-9e68-11eb-abe9-0242ac160002.txt,The Daily Telegraph (Australia),NEWS,2021-01-08,China fault line widens,Finn McHugh,61PS-DVT1-JD3N-54XP-00000-00
the-daily-telegraph-(australia)-blues_-air-farce-527ebda0-9e68-11eb-abe9-0242ac160002.txt,The Daily Telegraph (Australia),SPORT,2020-10-31,BLUES' AIR FARCE ONE,DAVID RICCIO,6162-F291-JD3N-53M9-00000-00
the-daily-telegraph-(australia)-baffling-puzzle-of-527f9374-9e68-11eb-abe9-0242ac160002.txt,The Daily Telegraph (Australia),NEWS,2020-12-28,Baffling puzzle of cluster's origins,James O'Doherty,61MF-5781-F0JP-W00F-00000-00
the-daily-telegraph-(australia)-cost-of-covid-52810e20-9e68-11eb-abe9-0242ac160002.txt,The Daily Telegraph (Australia),NEWS,2020-11-22,Cost of COVID hitting home,"Anthony Keane, Personal finance writer",61BY-P771-JD3N-52KV-00000-00
the-daily-telegraph-(australia)-ruby-crew-members-5281c658-9e68-11eb-abe9-0242ac160002.txt,The Daily Telegraph (Australia),NEWS,2020-04-22,Ruby crew members disembark,James O'Doherty & Nick Hansen,5YR0-SKB1-F0JP-W36S-00000-00
the-daily-telegraph-(australia)-letters-to-the-52831a80-9e68-11eb-abe9-0242ac160002.txt,The Daily Telegraph (Australia),LETTERS,2020-06-08,LETTERS TO THE EDITOR,,6034-V1S1-JD3N-5282-00000-00
the-daily-telegraph-(australia)-byte-on-beijing_s-52841480-9e68-11eb-abe9-0242ac160002.txt,The Daily Telegraph (Australia),NEWS,2020-05-16,Byte on Beijing's 'hacking',Sarah Blake,5YX7-GTN1-F0JP-W50P-00000-00
the-daily-telegraph-(australia)-your-isolation-playlist-52851876-9e68-11eb-abe9-0242ac160002.txt,The Daily Telegraph (Australia),NEWS,2020-03-22,Your isolation playlist,"LEIGH PAATSCH, HOLLY BYRNES AND KATHY McCABE",5YGK-GK21-F0JP-W1MK-00000-00
the-daily-telegraph-(australia)-origin-stars-take-5285e012-9e68-11eb-abe9-0242ac160002.txt,The Daily Telegraph (Australia),SPORT,2021-01-20,Origin stars take a cut to reduce pain,JAMES PHELPS,61TB-0V91-F0JP-W293-00000-00
the-daily-telegraph-(australia)-bunny-hop_-skip-5286a65a-9e68-11eb-abe9-0242ac160002.txt,The Daily Telegraph (Australia),SPORT,2020-08-11,"BUNNY HOP, SKIP & A JUMP",Paul Crawley,60JS-WP81-JD3N-5190-00000-00
the-daily-telegraph-(australia)-single-day-round-trip-52876f86-9e68-11eb-abe9-0242ac160002.txt,The Daily Telegraph (Australia),SPORT,2020-08-22,Single-day round trip for Adelaide Origin clash,BRENT READ,60N4-N0S1-JD3N-5225-00000-00
the-daily-telegraph-(australia)-corona-origins-a-52889104-9e68-11eb-abe9-0242ac160002.txt,The Daily Telegraph (Australia),NEWS,2021-01-20,Corona origins a WHO-dunnit,Clare Armstrong,61TB-0V91-F0JP-W294-00000-00
the-daily-telegraph-(australia)-senator-calls-_cut_-528968b8-9e68-11eb-abe9-0242ac160002.txt,The Daily Telegraph (Australia),NEWS,2020-05-18,Senator calls 'cut' to scientific ties with China,STUART McLEAN,5YXN-F5N1-F0JP-W01N-00000-00
the-daily-telegraph-(australia)-perfect-storm-will-528a5930-9e68-11eb-abe9-0242ac160002.txt,The Daily Telegraph (Australia),SPORT,2020-12-27,PERFECT STORM WILL RAGE WITHOUT CAM,BUZZ ROTHFIELD/PHIL ROTHFIELD,61M7-3M01-JD3N-500T-00000-00
the-daily-telegraph-(australia)-huge-cost-of-528bde36-9e68-11eb-abe9-0242ac160002.txt,The Daily Telegraph (Australia),NEWS,2020-04-29,Huge cost of Beijing's cover-up,"Sarah Blake, EXCLUSIVE; ADDITIONAL REPORTING ADELLA BEAINI",5YSG-NCC1-F0JP-W481-00000-00
the-daily-telegraph-(australia)-old-stadium_-new-528cc076-9e68-11eb-abe9-0242ac160002.txt,The Daily Telegraph (Australia),NEWS,2020-05-31,"Old stadium, new jobs","Phil Rothfield, Sports Editor-at-Large",601F-CMC1-JD3N-520R-00000-00
the-daily-telegraph-(australia)-danger-of-the-528d9ffa-9e68-11eb-abe9-0242ac160002.txt,The Daily Telegraph (Australia),LETTERS,2021-01-29,Danger of the China virus,,61W7-TPV1-JD3N-5209-00000-00
the-daily-telegraph-(australia)-concern-players-will-528e5a94-9e68-11eb-abe9-0242ac160002.txt,The Daily Telegraph (Australia),SPORTSPREAD,2020-05-17,Concern players will follow Wayne,WHAT'S THE BUZZ WITH PHIL ROTHFIELD / BUZZ ROTHFIELD,5YXH-2KY1-JD3N-54B9-00000-00
the-daily-telegraph-(australia)-tahs-stars-will-528f1542-9e68-11eb-abe9-0242ac160002.txt,The Daily Telegraph (Australia),SPORT,2020-06-20,TAHS STARS WILL SET SHUTE SHIELD ALIGHT,Julian Linden,605P-G8Y1-F0JP-W2K3-00000-00
the-daily-telegraph-(australia)-the-gene-light-52900d58-9e68-11eb-abe9-0242ac160002.txt,The Daily Telegraph (Australia),NEWS,2020-04-18,The gene light to go after virus,GRANT McARTHUR HEALTH EDITOR,5YP4-YYM1-F0JP-W1R5-00000-00
the-daily-telegraph-(australia)-we-are-go-5290e11a-9e68-11eb-abe9-0242ac160002.txt,The Daily Telegraph (Australia),WRAP,2020-05-24,WE ARE GO FOR THE GREATEST GAME ON EARTH - NRL 2020 2.0,PAUL KENT,6005-D1G1-JD3N-54P5-00000-00
wish-magazine-clarity-first-5291d1b0-9e68-11eb-abe9-0242ac160002.txt,Wish Magazine,,2020-11-20,CLARITY FIRST,STORY MILANDA ROUT,61B9-SNR1-JD3N-52N9-00000-00
the-daily-telegraph-(australia)-china_s-twitter-trap-5292b76a-9e68-11eb-abe9-0242ac160002.txt,The Daily Telegraph (Australia),COLUMNIST,2020-12-01,China's Twitter trap,James Morrow,61DN-FX21-JD3N-5513-00000-00
the-daily-telegraph-(australia)-injury-hit-roosters-find-5293720e-9e68-11eb-abe9-0242ac160002.txt,The Daily Telegraph (Australia),SPORT,2020-08-07,Injury-hit Roosters find way to victory,FATIMA KDOUH,60HY-14K1-F0JP-W50R-00000-00
the-daily-telegraph-(australia)-coronavirus-cover-up_-529490e4-9e68-11eb-abe9-0242ac160002.txt,The Daily Telegraph (Australia),NEWS,2021-02-11,CORONAVIRUS COVER-UP?,JAMES MORROW FEDERAL POLITICAL EDITOR,6201-F1F1-F0JP-W3F9-00000-00
the-daily-telegraph-(australia)-mum_s-secret-rocked-52960190-9e68-11eb-abe9-0242ac160002.txt,The Daily Telegraph (Australia),NEWS,2020-08-16,Mum's secret rocked my life,"DAVID RICCIO CHIEF SPORTS WRITER, EXCLUSIVE",60M2-SY91-F0JP-W022-00000-00
the-daily-telegraph-(australia)-doctored-bat-lab-52973a92-9e68-11eb-abe9-0242ac160002.txt,The Daily Telegraph (Australia),NEWS,2020-05-08,DOCTORED BAT LAB DATA,Miranda Devine,5YVD-CR21-F0JP-W1RN-00000-00
the-daily-telegraph-(australia)-we-probably-owe-52983e9c-9e68-11eb-abe9-0242ac160002.txt,The Daily Telegraph (Australia),SPORT,2020-10-27,We probably owe Bennett an apology but that is no remedy for the sorry state of the game's promotion,PAUL KENT,6156-G6J1-F0JP-W30N-00000-00
the-daily-telegraph-(australia)-fogarty-dashes-dragons_-5298e70c-9e68-11eb-abe9-0242ac160002.txt,The Daily Telegraph (Australia),RACINGPREVIEWS,2020-08-29,FOGARTY DASHES DRAGONS' HOPES,"Nick Campton, Jubilee Stadium",60R2-9CJ1-F0JP-W1F9-00000-00
the-daily-telegraph-(australia)-big-calls-hinge-5299a66a-9e68-11eb-abe9-0242ac160002.txt,The Daily Telegraph (Australia),SPORT,2020-08-05,Big calls hinge on pandemic,DEAN RITCHIE,60HH-4RD1-JD3N-53HR-00000-00
the-daily-telegraph-(australia)-don_t-fall-for-529a584e-9e68-11eb-abe9-0242ac160002.txt,The Daily Telegraph (Australia),NEWS,2020-08-27,Don't fall for charm offensive just yet,"James Morrow, Analysis",60P6-DMP1-F0JP-W02R-00000-00
the-daily-telegraph-(australia)-letters-529b759e-9e68-11eb-abe9-0242ac160002.txt,The Daily Telegraph (Australia),LETTERS,2021-03-31,LETTERS,,62B7-YMS1-F0JP-W38H-00000-00
the-daily-telegraph-(australia)-a-grudge-bonanza-529c5ea0-9e68-11eb-abe9-0242ac160002.txt,The Daily Telegraph (Australia),SPORT,2020-11-26,A grudge bonanza with fixtures full of needle,Michael Carayannis,61CK-NVJ1-F0JP-W563-00000-00
the-daily-telegraph-(australia)-review-who_s-to-529d45a4-9e68-11eb-abe9-0242ac160002.txt,The Daily Telegraph (Australia),NEWS,2020-04-22,Review who's to blame for pandemic,Sue Dunlevy,5YR0-SKB1-F0JP-W37V-00000-00
the-daily-telegraph-(australia)-rich-buying-vaccines-529eaeda-9e68-11eb-abe9-0242ac160002.txt,The Daily Telegraph (Australia),NEWS,2021-01-10,Rich buying vaccines and poor left to wait,,61RD-3BK1-JD3N-53CP-00000-00
the-daily-telegraph-(australia)-what_s-the-buzz-529f7d1a-9e68-11eb-abe9-0242ac160002.txt,The Daily Telegraph (Australia),SPORTSPREAD,2020-05-03,WHAT'S THE BUZZ,WITH PHIL ROTHFIELD TWITTER @BuzzRothfield EMAIL  PHILIP.Rothfield@news.com.au,5YTJ-GVX1-JD3N-51M6-00000-00
the-daily-telegraph-(australia)-how-hope-survived-52a0ccf6-9e68-11eb-abe9-0242ac160002.txt,The Daily Telegraph (Australia),NEWS,2020-12-31,HOW HOPE SURVIVED PLIGHT OF A PANDEMIC,CLARISSA BYE,61N2-K451-JD3N-54YC-00000-00
the-daily-telegraph-(australia)-letters-to-the-52a23528-9e68-11eb-abe9-0242ac160002.txt,The Daily Telegraph (Australia),LETTERS,2020-12-29,LETTERS TO THE EDITOR,,61MM-R1M1-JD3N-512G-00000-00
the-daily-telegraph-(australia)-bye_-bye-to-52a3a386-9e68-11eb-abe9-0242ac160002.txt,The Daily Telegraph (Australia),SPORT,2020-12-27,"BYE, BYE TO THE MAD, MAD WORLD OF 2020",ANGUS MORRISON,61M7-3M01-JD3N-500X-00000-00
the-daily-telegraph-(australia)-red-army-virus-52a47f68-9e68-11eb-abe9-0242ac160002.txt,The Daily Telegraph (Australia),NEWS,2020-05-11,RED ARMY VIRUS PROBE,SHARRI MARKSON,5YW5-G9W1-JD3N-52M3-00000-00
the-daily-telegraph-(australia)-break-a-boost-52a52580-9e68-11eb-abe9-0242ac160002.txt,The Daily Telegraph (Australia),SPORT,2020-05-22,Break a boost for Holmes,TRAVIS MEYN,5YYH-9WY1-JD3N-51KK-00000-00
the-daily-telegraph-(australia)-china_s-twitter-trap-52a614e0-9e68-11eb-abe9-0242ac160002.txt,The Daily Telegraph (Australia),COLUMNIST,2020-12-01,China's Twitter trap,James Morrow,61DN-FX21-JD3N-553Y-00000-00
the-daily-telegraph-(australia)-halt-joint-virus-52a70e40-9e68-11eb-abe9-0242ac160002.txt,The Daily Telegraph (Australia),NEWS,2020-05-04,Halt joint virus lab projects: Senator,EXCLUSIVE SHARRI MARKSON,5YTN-P5S1-F0JP-W083-00000-00
the-daily-telegraph-(australia)-senator-wants-to-52a7e1da-9e68-11eb-abe9-0242ac160002.txt,The Daily Telegraph (Australia),NEWS,2020-05-18,Senator wants to cut research ties with China's military,STUART McLEAN,5YXN-C2V1-JD3N-51N5-00000-00
the-daily-telegraph-(australia)-what_s-your-beef_-52a8c7e4-9e68-11eb-abe9-0242ac160002.txt,The Daily Telegraph (Australia),NEWS,2020-08-27,WHAT'S YOUR BEEF?,Clare Armstrong,60P6-DMP1-F0JP-W096-00000-00
the-daily-telegraph-(australia)-tony-tried-to-52a9fd9e-9e68-11eb-abe9-0242ac160002.txt,The Daily Telegraph (Australia),13OPINION,2020-05-12,Tony tried to warn us,ALAN JONES,5YW8-68X1-F0JP-W289-00000-00
the-daily-telegraph-(australia)-from-emptiness-to-52ab33ee-9e68-11eb-abe9-0242ac160002.txt,The Daily Telegraph (Australia),SPORT,2020-12-03,From emptiness to brimming with joy,BEN HORNE & NICK WALSHAW,61F3-G7J1-F0JP-W1K1-00000-00
the-daily-telegraph-(australia)-uk-pollie_s-call-52ac0cba-9e68-11eb-abe9-0242ac160002.txt,The Daily Telegraph (Australia),NEWS,2020-05-07,UK pollie's call for West to team up to take on Beijing,,5YV6-DJC1-F0JP-W55Y-00000-00
the-daily-telegraph-(australia)-china-_refused-to-52aceab8-9e68-11eb-abe9-0242ac160002.txt,The Daily Telegraph (Australia),NEWS,2021-02-15,China 'refused to hand over raw data' to WHO,"JAMES MORROW, FEDERAL POLITICAL EDITOR",620W-7MJ1-JD3N-51T0-00000-00
the-daily-telegraph-(australia)-cross-code-combat-a-52ad9c38-9e68-11eb-abe9-0242ac160002.txt,The Daily Telegraph (Australia),SPORT,2020-06-26,CROSS-CODE COMBAT A WINNER,PETER BADEL EXCLUSIVE,6070-7FJ1-JD3N-5316-00000-00
the-daily-telegraph-(australia)-learning-wise-ways-52ae74aa-9e68-11eb-abe9-0242ac160002.txt,The Daily Telegraph (Australia),RACINGPREVIEWS,2020-05-16,LEARNING WISE WAYS OF LEGENDS,MATT LOGUE,5YX7-GTN1-F0JP-W51S-00000-00
the-daily-telegraph-(australia)-our-chinese-takeaway-52af4010-9e68-11eb-abe9-0242ac160002.txt,The Daily Telegraph (Australia),13OPINION,2020-04-27,Our Chinese takeaway,Tim Blair,5YS2-PK51-JD3N-53XV-00000-00
the-daily-telegraph-(australia)-letters-to-the-52b0e14a-9e68-11eb-abe9-0242ac160002.txt,The Daily Telegraph (Australia),LETTERS,2021-02-27,Letters to the Editor,,623F-0041-F0JP-W152-00000-00
the-daily-telegraph-(australia)-ladies_-man-up-52b1d212-9e68-11eb-abe9-0242ac160002.txt,The Daily Telegraph (Australia),OPED,2020-11-08,"Ladies, man up and stop the squabble",LUCY CARNE,6180-5RB1-F0JP-W0SP-00000-00
the-daily-telegraph-(australia)-old-rivals-usher-52b29c38-9e68-11eb-abe9-0242ac160002.txt,The Daily Telegraph (Australia),SPORT,2020-07-02,OLD RIVALS USHER IN NEW ERA,TIM HORAN,6088-2951-JD3N-534Y-00000-00
the-daily-telegraph-(australia)-who-fails-virus-52b35e5c-9e68-11eb-abe9-0242ac160002.txt,The Daily Telegraph (Australia),NEWS,2021-02-10,WHO fails virus test,KAITLYN HUDSON-O'FARRELL & ZOE SMITH,61YT-FVT1-JD3N-500G-00000-00
the-daily-telegraph-(australia)-nrl-now-the-52b46c8e-9e68-11eb-abe9-0242ac160002.txt,The Daily Telegraph (Australia),NEWS,2020-05-28,NRL NOW THE WORLD GAME,EXCLUSIVE DEAN RITCHIE,600T-32C1-JD3N-52F4-00000-00
the-daily-telegraph-(australia)-tv-agreement_s-a-52b5a8ec-9e68-11eb-abe9-0242ac160002.txt,The Daily Telegraph (Australia),RACINGPREVIEWS,2020-04-22,TV AGREEMENT'S A BIG DEAL,PAUL KENT,5YR0-SKB1-F0JP-W35N-00000-00
the-daily-telegraph-(australia)-buzz-rothfield_-20-52b67e16-9e68-11eb-abe9-0242ac160002.txt,The Daily Telegraph (Australia),WRAP,2020-05-24,BUZZ ROTHFIELD: 20 REASONS WHY I'M EXCITED - NRL 2020 2.0,BUZZ ROTHFIELD / PHIL ROTHFIELD,6005-D1G1-JD3N-54NY-00000-00
the-daily-telegraph-(australia)-true-colours-shown_-52b7a566-9e68-11eb-abe9-0242ac160002.txt,The Daily Telegraph (Australia),LETTERS,2021-02-19,"True colours shown, and they're all bad",,621R-4BW1-F0JP-W2R6-00000-00
the-daily-telegraph-(australia)-fogarty_s-late-show-52b84426-9e68-11eb-abe9-0242ac160002.txt,The Daily Telegraph (Australia),SPORT,2020-08-29,FOGARTY'S LATE SHOW FINAL BLOW TO DRAGONS' SEASON,Nick Campton Jubilee Stadium,60PM-F3W1-F0JP-W101-00000-00
the-daily-telegraph-(australia)-covid-find-boosts-52b945b0-9e68-11eb-abe9-0242ac160002.txt,The Daily Telegraph (Australia),NEWS,2020-05-25,COVID find boosts lab leak theory,"SHARRI MARKSON, EXCLUSIVE",6005-D1G1-JD3N-54RN-00000-00
the-daily-telegraph-(australia)-daring-plan-to-52ba2214-9e68-11eb-abe9-0242ac160002.txt,The Daily Telegraph (Australia),SPORT,2020-04-17,DARING PLAN TO TURN PANTHERS HQ INTO ENEMY CAMP MAROON,Nick Walshaw,5YNX-XV41-F0JP-W1SB-00000-00
the-daily-telegraph-(australia)-letters-to-the-52bb83c0-9e68-11eb-abe9-0242ac160002.txt,The Daily Telegraph (Australia),LETTERS,2020-04-16,Letters to the Editor,,5YNR-1NC1-F0JP-W1HP-00000-00
the-daily-telegraph-(australia)-get-on-board-52bc5ec6-9e68-11eb-abe9-0242ac160002.txt,The Daily Telegraph (Australia),NEWS,2020-10-19,GET ON BOARD & GO WEST,DEAN RITCHIE,613G-PVG1-JD3N-53W5-00000-00
the-daily-telegraph-(australia)-bright-lights-and-52bd0330-9e68-11eb-abe9-0242ac160002.txt,The Daily Telegraph (Australia),WORLD,2021-02-28,Bright lights and laughter on the COVID-free streets of Wuhan,,623N-60K1-F0JP-W4X1-00000-00
the-daily-telegraph-(australia)-only-sacrifice-will-52bdf6c8-9e68-11eb-abe9-0242ac160002.txt,The Daily Telegraph (Australia),SPORTKENT,2020-04-18,Only sacrifice will suffice,Paul Kent,5YP4-YYM1-F0JP-W1NP-00000-00
the-daily-telegraph-(australia)-bullies-for-you-52beb5ae-9e68-11eb-abe9-0242ac160002.txt,The Daily Telegraph (Australia),SPORTCONFIDENTIAL,2020-09-04,BULLIES FOR YOU,SPORT CONFIDENTIAL WITH MICHAEL CARAYANNIS & PAUL KENT,60RX-8821-JD3N-51BN-00000-00
the-daily-telegraph-(australia)-letters-52c002a6-9e68-11eb-abe9-0242ac160002.txt,The Daily Telegraph (Australia),LETTERS,2020-11-18,Letters,,619W-V741-F0JP-W37C-00000-00
the-daily-telegraph-(australia)-_covid-normal_-live-52c0bade-9e68-11eb-abe9-0242ac160002.txt,The Daily Telegraph (Australia),NEWS,2020-11-21,'COVID normal' live music road map,,61BH-S351-JD3N-5129-00000-00
wish-magazine-to-dye-for-52c17898-9e68-11eb-abe9-0242ac160002.txt,Wish Magazine,,2020-11-20,TO DYE FOR,STORY DAVID MEAGHER,61B9-SNR1-JD3N-52NV-00000-00
the-daily-telegraph-(australia)-fatal-ruby-legacy-52c22ec8-9e68-11eb-abe9-0242ac160002.txt,The Daily Telegraph (Australia),NEWS,2020-05-14,Fatal Ruby legacy just carries on,James O'Doherty,5YWT-JG41-F0JP-W04M-00000-00
the-daily-telegraph-(australia)-origin-in-the-52c30de8-9e68-11eb-abe9-0242ac160002.txt,The Daily Telegraph (Australia),SPORTBUZZ,2020-08-31,Origin in the sights of Seven,Brent Read Rugby League,60R2-9CJ1-F0JP-W1YJ-00000-00
the-daily-telegraph-(australia)-sublime-mitchell-grows-52c3e006-9e68-11eb-abe9-0242ac160002.txt,The Daily Telegraph (Australia),SPORT,2020-06-20,Sublime Mitchell grows into role of custodian,Nick Walshaw Bankwest Stadium,605P-G8Y1-F0JP-W2KC-00000-00
the-daily-telegraph-(australia)-bunnings_-school-in-52c4cbf6-9e68-11eb-abe9-0242ac160002.txt,The Daily Telegraph (Australia),NEWS,2020-08-09,"Bunnings, school in new COVID search","Ben Pike, Anton rose",60JJ-XHJ1-JD3N-54D8-00000-00
the-daily-telegraph-(australia)-china_s-great-wall-52c5d118-9e68-11eb-abe9-0242ac160002.txt,The Daily Telegraph (Australia),LETTERS,2020-12-02,China's great wall of deceit,,61DW-F2P1-JD3N-53VX-00000-00
the-daily-telegraph-(australia)-in-like-jinping-52c6a4da-9e68-11eb-abe9-0242ac160002.txt,The Daily Telegraph (Australia),NEWS,2020-05-19,IN LIKE JINPING,clare armstrong,5YXW-DB31-JD3N-541V-00000-00
wish-magazine-time-regained-52c7ab00-9e68-11eb-abe9-0242ac160002.txt,Wish Magazine,,2021-04-09,TIME REGAINED,STORY LUKE SLATTERY,62D5-W241-F0JP-W266-00000-00
the-daily-telegraph-(australia)-from-scandals-to-52c88af2-9e68-11eb-abe9-0242ac160002.txt,The Daily Telegraph (Australia),LEAGUECENTRAL,2020-10-15,FROM SCANDALS TO FIGHTBACK,INSIDE STORY WITH NICK WALSHAW,612M-X5X1-F0JP-W1PG-00000-00
the-daily-telegraph-(australia)-letters-to-the-52c9abda-9e68-11eb-abe9-0242ac160002.txt,The Daily Telegraph (Australia),LETTERS,2021-02-12,LETTERS TO THE EDITOR,,6207-B3F1-JD3N-5031-00000-00
the-daily-telegraph-(australia)-shock-study_-500_000-52cab656-9e68-11eb-abe9-0242ac160002.txt,The Daily Telegraph (Australia),NEWS,2020-12-31,"Shock study: 500,000 infected in Wuhan",MERRYN JOHNS,61N2-K451-JD3N-54Y2-00000-00
the-daily-telegraph-(australia)-twig-links-put-52cbdb08-9e68-11eb-abe9-0242ac160002.txt,The Daily Telegraph (Australia),NEWS,2020-05-01,TWIG LINKS PUT TO TEST,EXCLUSIVE MIRANDA DEVINE,5YT1-XYW1-JD3N-552V-00000-00
the-daily-telegraph-(australia)-read-_em-&-52ccaa42-9e68-11eb-abe9-0242ac160002.txt,The Daily Telegraph (Australia),NEWS,2020-12-30,READ 'EM & WHEAT AS CHINA HITS AGAIN,JARED LYNCH,61MV-P4J1-F0JP-W21M-00000-00
the-daily-telegraph-(australia)-furious-communists-air-52cdd75a-9e68-11eb-abe9-0242ac160002.txt,The Daily Telegraph (Australia),COLUMNIST,2020-11-23,Furious communists air Australian grievances,,61BY-P771-JD3N-52XW-00000-00
